"Time (s)","Linear Acceleration x (m/s^2)","Linear Acceleration y (m/s^2)","Linear Acceleration z (m/s^2)","Absolute acceleration (m/s^2)"
1.056890350E-1,-2.390449122E-2,-2.186012268E-2,9.047806263E-3,3.363261010E-2
1.239508760E-1,2.571694180E-2,-2.160644531E-2,1.803755760E-2,3.812549093E-2
1.422149750E-1,1.663740352E-2,-2.628421783E-2,2.879697084E-2,4.239019737E-2
1.604773040E-1,2.496148273E-2,-1.194477081E-2,2.430492640E-2,3.683045774E-2
1.787456140E-1,-9.812436067E-3,-3.593254089E-2,-3.887325525E-2,5.383828908E-2
1.970114830E-1,-9.842840955E-3,-1.193046570E-2,6.398558617E-4,1.547988842E-2
2.152771090E-1,-1.478809863E-4,-7.135391235E-3,2.470076084E-2,2.571115056E-2
2.335380950E-1,2.759505995E-2,-4.548645020E-2,1.411205530E-2,5.504229819E-2
2.517998130E-1,2.463373728E-2,-3.130912781E-2,2.970534563E-2,4.969396397E-2
2.700705650E-1,-3.302755300E-3,-1.248359680E-2,-1.324993372E-2,1.850159791E-2
2.883336270E-1,-4.466881603E-2,1.566886902E-3,-1.838552952E-2,4.832996954E-2
3.065995570E-1,-3.558518365E-2,-3.331184387E-3,-6.813710928E-2,7.694197649E-2
3.248654880E-1,3.244530037E-2,-4.147624969E-2,1.974928379E-2,5.624065269E-2
3.431235440E-1,-2.332684235E-4,-2.228355408E-2,-2.735257149E-3,2.245201167E-2
3.613884370E-1,2.290382981E-2,-2.228927612E-2,3.007954359E-2,4.388822385E-2
3.796599820E-1,-7.511873730E-3,-3.211975098E-3,-2.309286594E-2,2.449541770E-2
3.979210900E-1,-3.829890862E-3,-2.711963654E-2,-1.795166731E-2,3.274759700E-2
4.161743870E-1,1.413827669E-2,-3.709602356E-2,-7.151257992E-2,8.179275590E-2
4.344543540E-1,-3.396697342E-2,-2.543449402E-3,-2.147549391E-2,4.026687543E-2
4.527083220E-1,-3.724754602E-2,-6.845474243E-3,-8.746981621E-3,3.886836618E-2
4.709809050E-1,4.357664846E-3,-3.985023499E-2,1.845306158E-2,4.413100897E-2
4.892440270E-1,3.108115308E-2,-3.472900391E-2,6.149315834E-2,7.715925292E-2
5.075024500E-1,1.342464238E-2,-2.026557922E-2,3.988981247E-2,4.671308022E-2
5.257768650E-1,1.409648731E-2,-2.999782562E-2,8.936446905E-2,9.531310941E-2
5.440405360E-1,1.417162456E-2,-4.493808746E-2,5.121898651E-2,6.959634492E-2
5.622969450E-1,2.713458240E-2,-3.611373901E-2,2.462673187E-2,5.144865042E-2
5.805721520E-1,-3.511208575E-3,-1.777839661E-2,-2.183073759E-2,2.837218841E-2
5.988333220E-1,-1.967932098E-2,6.551742554E-4,-4.836213589E-2,5.221686619E-2
6.170990070E-1,-1.544477418E-2,-2.901554108E-2,-1.449558735E-1,1.486359577E-1
6.353656700E-1,4.844738171E-3,-1.390838623E-2,-3.759247065E-2,4.037460272E-2
6.536257410E-1,1.099015400E-2,-1.837921143E-2,-8.202373981E-3,2.293159036E-2
6.718902070E-1,-2.116939984E-3,-2.747821808E-2,-5.750721693E-2,6.377000786E-2
6.901594320E-1,1.838921010E-2,-1.723194122E-2,1.705110073E-3,2.525886472E-2
7.084213340E-1,3.287741914E-2,-2.606296539E-2,-2.428561449E-2,4.847673592E-2
7.266877530E-1,2.173264138E-2,-2.529430389E-2,3.600549698E-2,4.907652518E-2
7.449519740E-1,-5.120101944E-2,-5.521774292E-4,-7.013732195E-2,8.683946811E-2
7.632148530E-1,2.292728750E-3,-2.386569977E-2,-7.049041986E-2,7.445621212E-2
7.814767550E-1,1.704142801E-2,-4.097557068E-2,6.525593996E-2,7.891606529E-2
7.997462250E-1,2.068949863E-2,-2.540969849E-2,3.978407383E-2,5.154105802E-2
8.180097740E-1,3.292337060E-4,-1.044940948E-2,-4.772424698E-3,1.149237099E-2
8.362755830E-1,-4.758364335E-2,-1.400947571E-2,-2.131909132E-2,5.399048230E-2
8.545413290E-1,-4.111374542E-2,-2.692413330E-2,-1.560366154E-2,5.156280898E-2
8.728001190E-1,1.009517536E-1,-5.899620056E-2,4.560631514E-2,1.255059529E-1
8.910645840E-1,4.150906205E-2,-2.447414398E-2,9.706175327E-2,1.083649847E-1
9.093345420E-1,-1.958167180E-2,-1.919746399E-2,6.503778696E-2,7.058256319E-2
9.275976650E-1,-4.089035466E-2,-4.301071167E-3,1.025347114E-1,1.104712060E-1
9.458524260E-1,-8.188017458E-2,-1.602745056E-2,-3.632437587E-1,3.727026568E-1
9.641295250E-1,-1.022662222E-2,-2.211074829E-1,-1.662663460E0,1.677332073E0
9.823886200E-1,-4.043928385E-1,-9.189022064E0,-2.245252132E0,9.467989079E0
1.000654550E0,3.588446975E-1,-9.599720001E0,1.150352836E0,9.675055828E0
1.018916268E0,2.765726447E-1,-9.563755989E0,1.355885148E0,9.663350639E0
1.030397337E0,2.627220154E-1,-9.542486191E0,1.472642183E0,9.659023789E0
1.048598641E0,1.973703802E-1,-9.501725197E0,1.678905725E0,9.650930588E0
1.066868508E0,1.720156372E-1,-9.455612183E0,1.907764912E0,9.647681488E0
1.085132852E0,1.770225763E-1,-9.395819664E0,2.135780096E0,9.637132393E0
1.103398476E0,2.000973225E-1,-9.338169098E0,2.371495485E0,9.636671203E0
1.121661142E0,2.383779883E-1,-9.274842262E0,2.621542454E0,9.641162165E0
1.139924600E0,3.196287155E-1,-9.197050095E0,2.864816427E0,9.638208657E0
1.158187600E0,4.160686433E-1,-9.113909721E0,3.108385801E0,9.638388134E0
1.176455819E0,5.457510352E-1,-9.030735016E0,3.331210852E0,9.641005386E0
1.194721597E0,6.932679415E-1,-8.931544304E0,3.552904844E0,9.637231808E0
1.212986581E0,8.574093580E-1,-8.824257851E0,3.775049210E0,9.636061123E0
1.231254739E0,1.061427832E0,-8.712742805E0,4.006038189E0,9.648153098E0
1.249510689E0,1.273566365E0,-8.586735725E0,4.202153206E0,9.644277747E0
1.267780098E0,1.521986604E0,-8.457241058E0,4.383668423E0,9.646653222E0
1.286044290E0,1.773178697E0,-8.320256233E0,4.560000896E0,9.652172535E0
1.304309915E0,2.031764507E0,-8.182942390E0,4.724274635E0,9.664749557E0
1.322574685E0,2.312235594E0,-8.024607658E0,4.879660130E0,9.672220246E0
1.340833901E0,2.606372833E0,-7.865241051E0,5.026636124E0,9.691350105E0
1.359098550E0,2.898572445E0,-7.694618225E0,5.135321140E0,9.694348615E0
1.377367562E0,3.202141285E0,-7.509338379E0,5.237364769E0,9.699168079E0
1.395632852E0,3.500726461E0,-7.324606419E0,5.382878304E0,9.740653149E0
1.413889199E0,3.798565388E0,-7.124074936E0,5.464642525E0,9.749044088E0
1.432163155E0,4.079263687E0,-6.906276226E0,5.532285690E0,9.743881593E0
1.450422433E0,4.344183445E0,-6.687707901E0,5.618457317E0,9.755225748E0
1.468686685E0,4.595091343E0,-6.455090523E0,5.701291561E0,9.761546167E0
1.486955422E0,4.820296764E0,-6.195686340E0,5.786811829E0,9.752383363E0
1.505218392E0,5.025781631E0,-5.938498020E0,5.820532799E0,9.716112484E0
1.523486306E0,-7.786986828E0,3.289773941E1,2.291759872E1,4.084256056E1
1.541750375E0,-2.829601288E1,1.671948624E1,-6.148584747E1,6.971882819E1
1.560008950E0,-1.886006165E1,1.121711969E0,-1.397436829E2,1.410150952E2
1.578277230E0,4.066492081E0,-2.535724163E0,-5.658203125E1,5.678461513E1
1.596543954E0,2.413441420E0,-1.047390223E0,-4.521840096E0,5.231516378E0
1.614809059E0,2.341016531E-1,-4.753485918E-1,1.023203278E1,1.024574324E1
1.633075113E0,-3.786219358E-1,-8.851894140E-1,1.008481121E1,1.013066296E1
1.651339181E0,-8.437091708E-1,-1.120925665E0,9.722805023E0,9.823505333E0
1.669596292E0,-1.296017885E0,-1.278541088E0,9.606680870E0,9.777660610E0
1.687869882E0,-1.710010409E0,-1.426274300E0,9.484602928E0,9.742488731E0
1.706132058E0,-2.117669821E0,-1.575327039E0,9.364310265E0,9.729156566E0
1.724397866E0,-2.507690430E0,-1.715859056E0,9.239501953E0,9.726308649E0
1.742661538E0,-2.891558170E0,-1.861877680E0,9.099878311E0,9.728077016E0
1.760924539E0,-3.264523983E0,-2.004618406E0,8.931059837E0,9.717995761E0
1.779186653E0,-3.627130032E0,-2.151824951E0,8.748676300E0,9.712144969E0
1.797456216E0,-3.979792356E0,-2.291418314E0,8.536312103E0,9.693191911E0
1.815720864E0,-4.386283875E0,-2.717157841E0,7.443760872E0,9.057152360E0
1.833985116E0,-4.181658745E0,-2.556295872E0,2.222561836E0,5.381514616E0
1.852251382E0,-2.311557770E0,-2.551458120E0,7.072477341E-1,3.514745684E0
1.870509713E0,2.897489071E0,6.727229357E-1,-1.723006248E0,3.437549941E0
1.888774758E0,5.572250366E0,1.761095524E0,-1.419197083E1,1.534807700E1
1.907044351E0,2.013463497E0,-9.797620773E-1,-2.580628586E1,2.590324997E1
1.925308388E0,-2.551038265E-1,-1.850398540E0,-1.635594940E1,1.646226393E1
1.943573037E0,-6.998887658E-1,-6.877006292E-1,-2.515182495E0,2.699799886E0
1.961826181E0,-3.000050783E-1,6.290510893E-1,3.505970955E0,3.574568597E0
2.023476510E0,4.824161530E-2,-8.823214769E-1,1.594045639E0,1.822580572E0
2.041740548E0,8.488800526E-1,-6.958141327E-1,1.001110077E-1,1.102169163E0
2.060009713E0,-1.707930565E-1,-5.215488076E-1,-2.995109558E-2,5.496184995E-1
2.078274056E0,-6.465261579E-1,3.240573108E-1,-1.939048767E-1,7.487378144E-1
2.096539255E0,-5.774422288E-1,1.308862329E0,-4.540023804E-1,1.500892496E0
2.114805490E0,1.052403450E-1,1.586444616E0,-1.213210106E0,1.999940202E0
2.133063668E0,2.982839346E-1,3.162921369E-1,-1.500180244E0,1.561907420E0
2.151329171E0,-4.636129141E-1,-7.331572175E-1,-1.162567139E0,1.450523627E0
2.169597603E0,-7.980728745E-1,-8.908867836E-1,-3.235044479E-1,1.239053954E0
2.187862008E0,-1.102479696E-1,-7.035615444E-1,7.807178497E-1,1.056727885E0
2.206127755E0,-1.241833329E0,3.110504150E-1,-2.328773499E0,2.657459009E0
2.224393503E0,-1.966635942E0,5.553596616E-1,1.643894196E0,2.622683628E0
2.242650583E0,1.644696593E-1,-5.497573018E-1,6.878300667E0,6.902195551E0
2.260919564E0,3.135639191E0,-3.651460707E-1,3.613474846E0,4.798204378E0
2.279188363E0,1.090991139E0,2.602826953E-1,-4.482954025E0,4.621134659E0
2.297450753E0,-9.133633971E-1,8.450166583E-1,-6.156689644E0,6.281171325E0
2.315716256E0,-6.857648492E-1,-1.031731367E-1,-1.720146179E0,1.854675444E0
2.333978952E0,4.761580229E-1,2.633088827E-1,3.416290283E-1,6.424705623E-1
2.352241891E0,-1.189615726E-1,5.987632275E-2,-5.145015717E-1,5.314592148E-1
2.370497994E0,3.744405508E-1,-1.299352050E-1,-6.905717850E-1,7.962275264E-1
2.388775460E0,-4.448833466E-1,1.140295863E-1,5.516080856E-1,7.177711465E-1
2.407039865E0,-7.276546955E-2,3.131829500E-1,4.343595505E-1,5.404133537E-1
2.425304574E0,4.181849957E-1,-3.703392744E-1,-2.047164917E0,2.122007084E0
2.443568978E0,7.761182785E-1,2.329409122E-2,-2.092253685E0,2.231687182E0
2.461827401E0,1.613997459E0,-4.256172478E-1,-2.549207687E0,3.047063779E0
2.480098824E0,1.167810202E0,-6.498790979E-1,-1.765648842E0,2.214416253E0
2.498361093E0,5.767841339E-1,-5.252430439E-1,-2.384794235E0,2.509144025E0
2.516629220E0,-8.913840055E-1,-8.300045729E-1,-3.574666977E0,3.776468858E0
2.534891549E0,-1.875616312E0,-1.594699383E0,-5.514671326E0,6.039255128E0
2.553151925E0,5.607867241E-2,-1.893671751E0,-5.493655205E0,5.811143177E0
2.571415414E0,1.697784424E0,-9.512027502E-1,-3.376309395E0,3.897014723E0
2.589687753E0,1.556187630E0,2.745932341E-1,-2.226449013E0,2.730237460E0
2.607949716E0,2.251580715E0,8.794593811E-1,-4.118735313E0,4.775672215E0
2.626210642E0,3.271587849E0,2.186047554E0,-5.760893822E0,6.976387933E0
2.644481637E0,5.735342503E0,2.514910460E0,-4.944631577E0,7.979242425E0
2.662740670E0,4.987344265E0,2.525115490E0,-2.562382698E0,6.149440312E0
2.681004037E0,2.780678749E0,2.378008127E0,-1.313220024E0,3.887369778E0
2.699274423E0,4.734289169E0,2.758450747E0,-9.438309669E-1,5.559978539E0
2.717537301E0,6.225768089E0,3.067359447E0,1.861181736E0,7.185602253E0
2.735804391E0,6.225134850E0,1.647629619E0,1.125224710E0,6.537057282E0
2.754068490E0,4.806505203E0,2.020000935E0,-1.845881939E-1,5.216988484E0
2.772328500E0,3.803993225E0,2.910108566E0,-8.146668673E-1,4.858269077E0
2.790592416E0,3.181596756E0,2.083233356E0,4.792920351E-1,3.833032741E0
2.808861703E0,2.191329956E0,5.601203442E-1,-1.732635498E-1,2.268409582E0
2.827126900E0,1.366600037E0,6.696926951E-1,7.134015560E-1,1.680781290E0
2.845393075E0,2.539634705E-1,1.170102596E0,1.250156879E0,1.731048744E0
2.863655038E0,-8.330497742E-1,1.250017405E0,6.417379379E-1,1.633506357E0
2.881915109E0,-9.696230888E-1,6.092892885E-1,-1.074876308E0,1.570592707E0
2.900192147E0,-2.551822662E-1,5.310865641E-1,-1.644810200E0,1.747160989E0
2.918449471E0,4.168009758E-1,7.100806236E-1,-1.657384872E0,1.850638312E0
2.936715341E0,-5.264101028E-1,7.221742868E-1,-2.521696091E0,2.675368100E0
2.954981454E0,-2.228708744E0,2.344267368E-1,-3.539403915E0,4.189209787E0
2.973239267E0,-2.621991873E0,-3.073982894E-1,-3.191229820E0,4.141652189E0
2.991500497E0,-1.369711399E0,-1.314493418E0,-1.097265244E0,2.192713679E0
3.009773690E0,-3.174421787E-1,-2.152119637E0,9.695110321E-1,2.381667506E0
3.028038155E0,1.094398499E0,-3.205025434E0,1.850461006E0,3.859287764E0
3.046302744E0,6.070085049E0,-2.577952862E0,2.069427490E0,6.911895803E0
3.064569406E0,1.380153894E0,2.749494553E0,-2.149431992E1,2.171336763E1
3.082827463E0,1.259335160E0,1.890014172E0,2.047405243E-1,2.280350258E0
3.101092965E0,1.807057619E0,-1.534034729E0,1.260371208E0,2.684633191E0
3.119361519E0,6.348873377E-1,-1.811391354E0,-7.296600342E-1,2.053442070E0
3.137625863E0,-1.458047032E0,-1.842430592E0,-2.207228661E0,3.223710594E0
3.155891366E0,-5.728498101E-1,-2.024280787E0,-6.992712021E-1,2.216946057E0
3.174141306E0,1.495491982E0,-1.879394531E0,-1.887120247E0,3.054479153E0
3.192415902E0,1.749297380E-1,-2.184052467E0,-2.399411678E0,3.249286382E0
3.210683236E0,-7.318756580E-1,-2.783886433E0,-2.901848793E0,4.087345357E0
3.228949960E0,1.932845712E-1,-2.156671524E0,-2.878638268E0,3.602103450E0
3.247210824E0,1.070931196E0,-9.599502087E-1,-2.909964085E0,3.245965034E0
3.265480660E0,1.103320599E0,1.810793877E-1,2.169990540E-1,1.138944545E0
3.283744455E0,1.709842443E0,-1.334301710E0,8.753728867E-1,2.338845853E0
3.302003732E0,1.604616642E0,-2.455159664E0,-1.470325947E0,3.280923945E0
3.320273873E0,1.645176649E0,-1.451210976E0,-3.181809902E0,3.864781204E0
3.338536813E0,8.693313599E-2,1.612763405E-1,-2.590893269E0,2.597363155E0
3.356803781E0,-1.063766956E0,-7.647635937E-1,-3.949671745E0,4.161294316E0
3.375073434E0,-3.412914276E-2,-1.709965467E0,-1.244173527E0,2.114973868E0
3.393328012E0,1.601616621E0,-1.605254412E0,-2.174501419E0,3.141731043E0
3.411592477E0,2.384278059E0,-8.109359741E-1,-2.282736301E0,3.399012215E0
3.429863290E0,3.792520165E-1,-4.965929985E-1,-5.547819138E-1,8.355953985E-1
3.448125070E0,-6.291644573E-1,-7.342200279E-1,1.236293793E0,1.569506071E0
3.466399484E0,5.935466290E-1,-1.666910887E0,-2.917013168E-1,1.793315132E0
3.484655466E0,1.416363120E0,-1.636019468E0,-1.663148880E0,2.729232197E0
3.502918221E0,1.976092100E0,-1.190694809E0,-3.249043465E0,3.984843479E0
3.521172555E0,1.382111907E0,-3.942861557E-1,-2.221747875E0,2.646102514E0
3.539439340E0,-4.470081329E-1,-3.326816559E-1,5.676269531E-3,5.572482168E-1
3.557712839E0,-5.868911743E-2,-1.063757896E0,2.803707123E-2,1.065744506E0
3.575974069E0,1.238494277E0,-6.663169861E-1,-1.341521263E0,1.943585784E0
3.594244454E0,8.298839927E-1,-3.188238144E-1,-2.451055050E0,2.607302614E0
3.612501717E0,-3.691816330E-1,-9.792757034E-2,-1.898892403E0,1.936924687E0
3.630767892E0,-8.377879858E-1,-4.664287567E-1,-4.294991493E-1,1.050673124E0
3.649038400E0,5.025334358E-1,-8.715014458E-1,-3.910841942E-1,1.079352339E0
3.667301522E0,1.509946704E0,-1.911864281E-1,-7.970118523E-1,1.718056807E0
3.685569162E0,1.137509584E0,6.313447952E-1,-1.725347519E0,2.160867503E0
3.703831490E0,6.248950958E-3,1.477804184E-1,-1.217351437E0,1.226304457E0
3.722092721E0,-4.951786995E-2,1.074991226E-1,-3.521189690E-1,3.714779255E-1
3.740357004E0,6.123402119E-1,4.128694534E-2,5.965223312E-1,8.558644978E-1
3.758625496E0,8.876386881E-1,4.635715485E-2,8.846073151E-1,1.254026127E0
3.776890450E0,7.079154253E-1,1.004877090E-1,4.243597984E-1,8.314585183E-1
3.795157053E0,7.587051392E-2,4.869937897E-3,-8.608055115E-2,1.148473442E-1
3.813414987E0,-1.387250423E-1,-1.404528618E-1,-6.326804161E-1,6.627640249E-1
3.831680734E0,-2.983105183E-1,-1.439995766E-1,-5.509319305E-1,6.428460433E-1
3.849948556E0,5.067992210E-2,7.706260681E-2,-2.681398392E-1,2.835596467E-1
3.868210153E0,5.518292189E-1,2.651939392E-1,-4.320287704E-2,6.137668945E-1
3.886467294E0,1.545445919E-1,5.740547180E-2,-1.459360123E-2,1.655064720E-1
3.904745431E0,-2.072980404E-1,6.170177460E-2,-1.817226410E-2,2.170479618E-1
3.923002939E0,-5.538444519E-1,-1.644515991E-2,-3.869628906E-2,5.554381360E-1
3.941268319E0,-3.439798355E-1,2.294397354E-2,-1.220359802E-1,3.657066223E-1
3.959537301E0,3.417086601E-2,1.285839081E-1,-4.823589325E-1,5.003714713E-1
3.977801644E0,1.772589684E-1,2.207112312E-1,-6.326060295E-1,6.930545275E-1
3.996059091E0,8.604526520E-3,2.682757378E-1,-3.767895699E-1,4.626189461E-1
4.014333199E0,8.589744568E-3,3.362979889E-1,6.189012527E-2,3.420533711E-1
4.032591684E0,1.471614838E-2,3.840627670E-1,4.055309296E-1,5.587272222E-1
4.050856881E0,2.607293129E-1,3.052911758E-1,3.192677498E-1,5.129467543E-1
4.069125435E0,2.398884296E-1,3.264021873E-1,-5.102486610E-1,6.514894801E-1
4.087378548E0,5.125856400E-2,5.229024887E-1,-1.005950928E0,1.134897230E0
4.105656076E0,2.068610191E-1,3.309297562E-1,-5.808405876E-1,6.997726581E-1
4.123922006E0,4.645662308E-1,3.604350090E-1,4.475350380E-1,7.389335482E-1
4.142179086E0,4.351770878E-1,3.327941895E-1,1.001468658E0,1.141521154E0
4.160445504E0,2.113454342E-1,2.489633560E-1,5.974063873E-1,6.808406839E-1
4.178712655E0,1.490759850E-1,2.027306557E-1,-2.711987495E-1,3.699623356E-1
4.196979867E0,-2.356076241E-2,3.578662872E-2,-5.016932487E-1,5.035195211E-1
4.215244088E0,-7.920742035E-3,5.712461472E-2,-5.274839401E-1,5.306272391E-1
4.233532601E0,8.088397980E-2,1.062135696E-1,-5.074467659E-1,5.247149329E-1
4.251772164E0,-4.045033455E-2,1.309380531E-1,-3.727154732E-1,3.971118574E-1
4.270034128E0,5.260419846E-2,9.678363800E-3,-4.423661232E-1,4.455879929E-1
4.288303231E0,-6.992411613E-2,2.287244797E-2,-2.104301453E-1,2.229201133E-1
4.306567697E0,-7.892966270E-2,7.070922852E-2,2.056474686E-1,2.313451274E-1
4.324832772E0,-2.479081154E-1,1.273975372E-1,4.713225365E-1,5.475705430E-1
4.343092172E0,-4.613022804E-1,-4.572963715E-2,2.593674660E-1,5.311896799E-1
4.361355599E0,-3.305933475E-1,-6.298303604E-2,-5.771350861E-2,3.414523003E-1
4.379625069E0,-7.516169548E-2,-1.685223579E-1,-6.917333603E-2,1.970634822E-1
4.397890145E0,3.218007088E-2,-1.590471268E-1,-2.466874123E-1,2.952731360E-1
4.416139718E0,7.254862785E-2,-1.108598709E-1,-3.369855881E-1,3.620946022E-1
4.434422128E0,1.158695221E-1,-1.920299530E-1,-3.437819481E-1,4.104720171E-1
4.452678781E0,2.556533813E-1,-9.842967987E-2,-1.699361801E-1,3.223745626E-1
4.470941293E0,1.792004108E-1,-1.471457481E-1,-9.844822884E-1,1.011419811E0
4.489214059E0,1.739358902E-2,-2.060136795E-1,-1.547366619E0,1.561117429E0
4.507476205E0,-4.166579247E-2,1.810007095E-1,-1.926097870E-1,2.675739620E-1
4.525746591E0,1.465058327E-1,9.893465042E-2,8.727502823E-2,1.971521103E-1
4.544007821E0,1.239283085E-1,1.127920151E-1,-2.606644630E-1,3.098809878E-1
4.562268502E0,-2.037758827E-1,2.834177017E-2,-5.716161728E-1,6.075137162E-1
4.580532601E0,-1.314094067E-1,1.435017586E-1,-8.417177200E-1,8.639154514E-1
4.598801339E0,-1.801707745E-1,1.813950539E-1,1.101083755E-1,2.783694091E-1
4.617067209E0,-9.817242622E-2,1.920375824E-1,1.171071053E0,1.190766001E0
4.635330270E0,-6.063127518E-2,-1.029968262E-4,1.554727077E0,1.555908882E0
4.653598885E0,-3.876018524E-2,1.735343933E-1,8.863644600E-1,9.040235028E-1
4.671852853E0,-9.196639061E-2,3.029327393E-1,1.897568703E-1,3.690985388E-1
4.690129037E0,-7.612085342E-2,3.384385109E-1,-2.861185074E-1,4.496652202E-1
4.708389901E0,-4.904747009E-3,2.659950256E-1,-6.128692627E-1,6.681213538E-1
4.726655954E0,-7.632160187E-2,1.981320381E-1,-6.432299614E-1,6.773670162E-1
4.744921640E0,-5.638837814E-3,1.661515236E-1,-1.704425812E-1,2.380940964E-1
4.763179635E0,-5.574989319E-2,2.005662918E-1,2.106032372E-1,2.961226292E-1
4.781444894E0,5.431628227E-2,1.447257996E-1,2.238287926E-1,2.720204845E-1
4.799713326E0,8.101916313E-2,1.935081482E-1,-2.013750076E-1,2.907944324E-1
4.817977853E0,-2.875328064E-2,1.523923874E-1,-4.339046478E-1,4.607856707E-1
4.836242990E0,4.799365997E-3,9.320354462E-2,-3.912982941E-1,4.022738987E-1
4.854502389E0,-9.573340416E-2,1.235785484E-1,-2.269906998E-1,2.756108127E-1
4.872767403E0,-1.116724014E-1,5.758476257E-2,-3.244919777E-1,3.479680642E-1
4.891032907E0,-9.565353394E-2,1.404156685E-1,-4.077558517E-1,4.417363389E-1
4.909302011E0,1.009161472E-1,-2.464342117E-2,1.031265259E-1,1.463777555E-1
4.927566292E0,5.900048018E-1,6.135797501E-2,1.016365528E0,1.176804722E0
4.945831002E0,5.675535202E-1,2.149996758E-1,1.324095726E0,1.456561482E0
4.964097726E0,4.172995090E-1,2.141141891E-2,7.772784233E-1,8.824732724E-1
4.982356027E0,2.366758585E-1,7.569313049E-3,-1.169838905E-1,2.641173738E-1
5.000620309E0,-1.752257347E-1,-2.778196335E-1,-6.136012077E-1,6.959843741E-1
5.018889718E0,-2.363588810E-1,-2.578258514E-1,-3.463282585E-1,4.922224629E-1
5.037155954E0,-1.386334896E-1,-9.538030624E-2,-6.605243683E-2,1.807749199E-1
5.055420602E0,1.184523106E-1,9.908676147E-3,-2.402329445E-1,2.680317133E-1
5.073685189E0,7.799100876E-2,-6.623792648E-2,-4.297351837E-1,4.417492371E-1
5.091942819E0,8.539175987E-2,-6.764316559E-2,-1.995711327E-1,2.273675164E-1
5.110211251E0,1.814454794E-1,6.349086761E-3,1.346974373E-1,2.260667435E-1
5.128477792E0,5.508089066E-2,2.278470993E-2,9.426736832E-2,1.115319876E-1
5.146744210E0,-1.113951206E-1,-5.632781982E-2,-2.454638481E-1,2.753800954E-1
5.165008798E0,-2.344846725E-2,-5.003929138E-3,-2.690114975E-1,2.700778697E-1
5.183268380E0,-1.271243095E-1,-4.976511002E-2,-2.494010925E-1,2.843203496E-1
5.201525887E0,7.687568665E-3,-1.943588257E-3,-1.586689949E-1,1.588670079E-1
5.219802499E0,7.051253319E-2,1.358513832E-1,-2.528200150E-1,2.955428490E-1
5.238065133E0,-7.541418076E-3,1.430726051E-1,-4.446916580E-1,4.672015775E-1
5.256320382E0,-1.485091448E-1,1.781554222E-1,-3.407492638E-1,4.121945915E-1
5.274583077E0,-3.149571419E-1,2.658166885E-1,-1.989068985E-1,4.576248107E-1
5.292856820E0,2.085112333E-1,-1.593265533E-1,-3.123936653E-1,4.079849104E-1
5.311120431E0,-3.084063530E-2,-7.901144028E-2,2.768254280E-1,2.895276672E-1
5.329390939E0,-4.265285730E-1,1.475148201E-1,1.006680012E0,1.103218878E0
5.347654427E0,-1.011917114E0,3.699231148E-1,1.670245647E0,1.987596508E0
5.365920358E0,-4.414178133E-1,2.060413361E-1,4.054794312E-1,6.338109238E-1
5.384188669E0,5.134035349E-1,1.891255379E-1,-4.092531204E-1,6.832567419E-1
5.402444772E0,5.369131565E-1,-2.236061096E-1,-9.534673691E-1,1.116859639E0
5.420708810E0,6.972073913E-1,-1.987724304E-1,-4.699683189E-1,8.639900731E-1
5.438981088E0,3.410369754E-1,-4.384503365E-1,1.380653381E-1,5.723695954E-1
5.457240182E0,3.355371952E-1,-3.776445389E-1,4.911894798E-1,7.046046496E-1
5.475502450E0,3.457532525E-1,-3.521394730E-1,5.949473381E-1,7.729876164E-1
5.493772470E0,1.601837873E-1,-3.245568275E-1,9.952068329E-2,3.753669490E-1
5.512027108E0,1.417744160E-2,-2.907867432E-1,-8.815689087E-1,9.283973668E-1
5.530301583E0,-1.176357269E-3,-2.962508202E-1,-1.291034698E0,1.324589191E0
5.548565987E0,4.498970509E-2,-2.059259415E-1,-5.546655655E-1,5.933662077E-1
5.566831796E0,4.371595383E-2,-2.332482338E-1,4.268407822E-1,4.883737058E-1
5.585097970E0,3.023743033E-1,-1.582684517E-1,9.945430756E-1,1.051472801E0
5.603355478E0,5.163424611E-1,-2.353320122E-1,9.116134644E-1,1.073792252E0
5.621620065E0,5.625859499E-1,-1.944475174E-1,4.897117615E-1,7.707985453E-1
5.639879647E0,4.938417077E-1,-1.029381752E-1,2.571825981E-1,5.662320981E-1
5.658154671E0,1.877052784E-1,-5.804014206E-2,1.872978210E-1,2.714450283E-1
5.676407663E0,-2.020294666E-1,-2.374649048E-3,-8.804321289E-2,2.203931752E-1
5.694686105E0,-2.155652046E-1,3.736925125E-2,-4.192132950E-1,4.728684860E-1
5.712932564E0,-3.084492683E-2,-1.976919174E-2,-4.974775314E-1,4.988247435E-1
5.731210824E0,3.050138354E-1,-1.768398285E-2,-1.952161789E-1,3.625679516E-1
5.749478707E0,4.912471771E-1,5.385923386E-2,7.671117783E-2,5.001091990E-1
5.767742501E0,1.921195388E-1,7.719516754E-3,1.043143272E-1,2.187486845E-1
5.786007577E0,8.758950233E-2,-5.441617966E-2,1.279435158E-1,1.643246322E-1
5.804274484E0,2.361977100E-2,-9.462690353E-2,1.091213226E-1,1.463543901E-1
5.822532053E0,9.451723099E-2,2.928495407E-2,-2.423667908E-2,1.018750809E-1
5.840790719E0,-1.050994396E-1,1.940155029E-1,-2.341599464E-1,3.217433575E-1
5.859066415E0,-1.757073402E-1,1.807355881E-1,-3.853192329E-1,4.604447127E-1
5.877331124E0,3.642320633E-3,1.303458214E-1,-2.912726402E-1,3.191285800E-1
5.895596871E0,8.747649193E-2,2.195405960E-2,-4.453086853E-2,1.005838736E-1
5.913861154E0,1.997327805E-1,-1.764535904E-2,-1.583671570E-2,2.011351383E-1
5.932120676E0,3.002389669E-1,-1.542758942E-2,-5.343008041E-2,3.053460681E-1
5.950386178E0,1.279538870E-1,-7.572221756E-2,-8.895683289E-2,1.732609868E-1
5.968654061E0,-3.741276264E-2,-2.408885956E-2,-7.561349869E-2,8.773476590E-2
5.986920358E0,-2.175614834E-1,-1.364088058E-2,-7.253408432E-2,2.297395614E-1
6.005189096E0,-3.744434118E-1,-5.299520493E-2,-1.821026802E-1,4.197353292E-1
6.023444894E0,-6.281721592E-2,-1.058616638E-1,3.976821899E-4,1.230969237E-1
6.041708443E0,2.049535513E-1,-7.654953003E-2,2.673602104E-1,3.454667435E-1
6.059978830E0,9.473371506E-2,-1.229948997E-1,2.961502075E-1,3.343757879E-1
6.078241708E0,-5.328762531E-2,-2.309641838E-1,-3.042459488E-1,3.856807262E-1
6.096498117E0,-6.146696806E-1,3.088140488E-2,-7.952866554E-1,1.005610930E0
6.114773141E0,-6.552362442E-1,4.225015640E-2,-3.357672691E-1,7.374681488E-1
6.133033029E0,-2.687692642E-3,-8.834505081E-2,2.593660355E-2,9.211286066E-2
6.151297067E0,6.224846840E-2,-9.911584854E-2,-2.450699806E-1,2.715844595E-1
6.169567452E0,2.159579992E-1,-1.918668747E-1,-3.789024353E-1,4.764638607E-1
6.187829904E0,3.681787252E-1,-1.672849655E-1,-2.187533379E-1,4.597747886E-1
6.206096444E0,1.767101288E-1,-1.621599197E-1,-1.003727913E-1,2.599942430E-1
6.224361764E0,6.005454063E-2,-1.080031395E-1,2.136039734E-2,1.254093002E-1
6.242620492E0,1.467465162E-1,-7.543849945E-2,2.675833702E-1,3.143666128E-1
6.260885873E0,3.744993210E-1,-1.270160675E-1,4.417695999E-1,5.929107878E-1
6.279155343E0,5.980806947E-1,-1.944932938E-1,5.818204880E-1,8.567632339E-1
6.297418710E0,4.442780018E-1,-3.300981522E-1,6.013245583E-1,8.172753253E-1
6.315686166E0,2.647680044E-1,-1.905231476E-1,5.170722008E-1,6.113630891E-1
6.333948190E0,2.900267839E-1,-2.722125053E-1,-2.592134476E-2,3.986064470E-1
6.352210885E0,7.139837742E-2,-1.949501038E-2,-2.377634048E-1,2.490165063E-1
6.370474496E0,-5.389206409E-1,1.122212410E-1,-4.663705826E-1,7.214780554E-1
6.388742501E0,-4.823518991E-1,1.921648979E-1,-4.901351929E-1,7.140190543E-1
6.407007516E0,-2.066985369E-1,3.803896904E-1,4.900693893E-2,4.356859899E-1
6.425274728E0,-5.121679306E-1,3.100910187E-1,3.251414299E-1,6.813144490E-1
6.443533150E0,-6.349732876E-1,2.383155823E-1,5.187506676E-1,8.538662939E-1
6.461797311E0,2.147305012E-2,5.881071091E-2,5.324068069E-1,5.360753675E-1
6.480066781E0,3.150255680E-1,1.060523987E-1,3.759374619E-1,5.018139047E-1
6.498330575E0,-2.716565132E-2,-2.843141556E-2,1.074151993E-1,1.143868132E-1
6.516596445E0,-1.998558044E-1,6.409597397E-2,-1.127686501E-1,2.382591129E-1
6.534859750E0,-1.601009369E-1,-1.549940109E-1,-2.412099838E-1,3.283865249E-1
6.553119393E0,1.472305059E-1,-8.118867874E-2,2.847104073E-1,3.306485134E-1
6.571385995E0,4.369291067E-1,-1.153926849E-1,9.738764763E-1,1.073619070E0
6.589654000E0,3.506672382E-1,-2.363128662E-1,8.724274635E-1,9.695055244E-1
6.607920968E0,2.666708231E-1,-3.527812958E-1,1.903839111E-1,4.814706680E-1
6.626187264E0,1.515293121E-1,-2.559623718E-1,-7.049889565E-1,7.651714167E-1
6.644450449E0,1.492867470E-1,-2.768959999E-1,-1.326474667E0,1.363265553E0
6.662708871E0,1.661629677E-1,-7.933187485E-2,-1.000024796E0,1.016834928E0
6.680974191E0,1.386313438E-1,-4.423809052E-2,-4.219784737E-1,4.463647504E-1
6.699242745E0,9.176492691E-2,-4.331445694E-2,-9.635162354E-2,1.399306233E-1
6.717500314E0,2.287213802E-1,1.049613953E-2,-1.505928040E-1,2.740471334E-1
6.735773873E0,1.907100677E-1,-4.168605804E-2,-3.214540482E-1,3.760861104E-1
6.754036446E0,7.389593124E-2,-7.656812668E-2,-2.783718109E-1,2.980170327E-1
6.772298165E0,1.490035057E-1,-6.242036819E-2,1.125378609E-1,1.968835118E-1
6.790563729E0,2.037329674E-1,1.313686371E-3,2.543129921E-1,3.258587819E-1
6.808830148E0,1.166183949E-1,3.967952728E-2,3.417439461E-1,3.632674491E-1
6.827097238E0,1.790347099E-1,5.934429169E-2,5.593185425E-1,5.902646900E-1
6.845361459E0,2.652652264E-1,1.184368134E-2,4.400057793E-1,5.139173074E-1
6.863625130E0,2.968156338E-1,1.300406456E-1,3.076677322E-1,4.468439587E-1
6.881885934E0,2.729251385E-1,1.064724922E-1,-2.131524086E-1,3.622961111E-1
6.900155831E0,-2.013373375E-2,1.980972290E-1,-5.636873245E-1,5.978221133E-1
6.918418283E0,-8.722400665E-2,2.401232719E-1,-7.993888855E-1,8.392197587E-1
6.936679208E0,-5.388355255E-2,1.311912537E-1,-1.180892944E0,1.189379136E0
6.954949655E0,5.646324158E-2,3.469548225E-1,-1.645727158E-1,3.881364777E-1
6.973211068E0,-3.082728386E-2,3.689255714E-1,3.993301392E-1,5.445373805E-1
6.991473275E0,-7.730054855E-2,4.519381523E-1,4.577093124E-1,6.478589993E-1
7.009743661E0,-9.627556801E-2,4.919719696E-2,-4.678435326E-1,4.801738437E-1
7.028006662E0,-1.843342781E-1,2.688407898E-2,-1.222895145E0,1.237002189E0
