Time (s),Acceleration x (m/s^2),Acceleration y (m/s^2),Acceleration z (m/s^2),Absolute acceleration (m/s^2)
0.015176917,-4.711751862,7.865543518,2.494113464,9.501998864
0.025164917,-4.588558044,7.971523132,2.938688965,9.65587587
0.035152917,-4.408183136,8.022866364,3.351680145,9.748447212
0.045139917,-4.311633911,7.903265076,3.763473816,9.757844076
0.055127917,-4.357288971,7.87706955,4.213887177,9.939368038
0.065114917,-4.441414032,7.900121613,4.534520416,10.13409865
0.075102917,-4.491709442,7.841144257,4.951403503,10.30414449
0.085089917,-4.474345551,7.800129547,5.471122742,10.52591911
0.095077917,-4.282294922,7.739954681,5.784121857,10.56887004
0.105064917,-4.077221375,7.572003937,6.057752838,10.51928454
0.115052917,-4.081113281,7.475155334,6.352639618,10.62494532
0.125040917,-4.094435577,7.329059143,6.451733551,10.58793542
0.135027917,-4.107159119,7.110064545,6.544839935,10.50031922
0.145015917,-4.143982544,6.988217926,6.803951111,10.59724171
0.155002917,-4.142485657,6.921456757,6.907236328,10.61963581
0.164990917,-4.150119781,6.740932159,6.891069946,10.4952611
0.174977917,-4.11748764,6.58525589,6.797514496,10.32111927
0.184965917,-4.145329742,6.498586121,6.613097992,10.15620231
0.194952917,-4.268074493,6.554719391,6.366710358,10.08542547
0.204940917,-4.410129089,6.649472351,6.04353241,10.00944579
0.214927917,-4.439019012,6.716083832,5.748046875,9.891952017
0.224915917,-4.385729828,6.731651459,5.592520294,9.789077624
0.234903917,-4.283043365,6.790628815,5.539680176,9.75423788
0.244890917,-4.149820404,6.802154846,5.448968811,9.653060708
0.254878917,-4.036206665,6.78763504,5.343887329,9.535202435
0.264865917,-3.939058685,6.695127411,5.185516663,9.339726839
0.274853917,-3.855981445,6.61100235,5.163213043,9.232156514
0.284840917,-3.754043427,6.591991882,5.350323944,9.282950249
0.294828917,-3.542533264,6.597680054,5.81061676,9.478512075
0.304815917,-3.285368042,6.553821259,6.238427124,9.626224039
0.314803917,-3.050656128,6.474635925,6.490353241,9.661888965
0.324791917,-2.889890442,6.312822418,6.540948029,9.538720814
0.334778917,-2.758463745,6.054160309,6.606811066,9.37613629
0.344766917,-2.656974792,5.861959991,6.660998383,9.262342546
0.354753917,-2.685864716,5.874683533,6.668482819,9.284096024
0.364742292,-2.749482422,5.915548553,6.865622864,9.470488139
0.374729292,-2.780467987,5.902375946,7.39372467,9.860842182
0.384717292,-2.677033081,5.739963684,7.837701416,10.07686721
0.394704292,-2.372266846,5.238356781,8.356522522,10.1439391
0.404692292,-1.813329163,4.690346375,8.795260162,10.1313431
0.414679292,-1.186283112,4.40533905,9.056317291,10.14057013
0.424667292,-0.735570374,4.309837646,9.341474304,10.31401505
0.434655292,-0.484991455,4.276007996,9.578730927,10.50102601
0.444642292,-0.33814682,4.462520142,10.00025436,10.95598086
0.454630292,-0.198187866,4.879552917,10.41698776,11.50490978
0.464617292,-0.053289185,5.349126434,10.79794556,12.05037848
0.474605292,0.139958954,5.842650146,11.15420471,12.59255463
0.484592292,0.433498535,6.129453735,11.27410538,12.83992119
0.494580292,0.744402008,6.363117828,11.09208389,12.80928288
0.504567292,1.055305481,6.77012146,11.01394638,12.97132334
0.514555292,1.442101135,7.07204361,10.62280975,12.84280123
0.524543292,1.990111542,7.351362762,10.06387207,12.62080027
0.534530292,2.658771057,7.77049118,10.06297394,12.98895843
0.544518292,3.559897156,8.344098358,10.47282166,13.85557067
0.554505292,4.664150848,8.76861557,11.13923584,14.92399066
0.564493292,5.576952667,8.704548798,11.95309341,15.80341776
0.574480292,6.143524475,8.234975281,10.79839462,14.90513459
0.584468292,7.210206299,7.690407715,9.660011902,14.29843613
0.594455292,8.298443298,6.924300842,9.720336456,14.53599134
0.604443292,9.131011963,6.164780273,9.222322083,14.36771102
0.614430292,9.287436676,5.771098938,9.196276245,14.28753162
0.624418292,8.763226776,5.936355286,9.757608948,14.39601994
0.634406292,8.963360596,5.510640564,10.35636383,14.76357898
0.644393292,8.535550232,4.699627075,11.16737732,14.82067571
0.654381292,6.959477692,4.117787018,12.00204163,14.47202484
0.664368292,4.336781616,4.084855499,12.54675888,13.88938003
0.674356292,2.334844666,4.180805969,12.68881348,13.56232375
0.684343292,1.611399078,4.057612152,12.34767288,13.09678773
0.694331292,1.484163666,4.130660248,11.4622641,12.2738989
0.704318292,1.92484726,4.371359711,10.69466034,11.71279567
0.714306292,2.770289154,4.600383453,10.08033783,11.42152532
0.724294292,3.135379944,4.69558548,9.382189636,10.95009647
0.734281292,2.895129547,4.259242859,9.048533478,10.41147842
0.744269292,1.849553833,3.763473816,9.506880341,10.39063801
0.754256292,0.279468842,3.274740143,9.567504272,10.11628212
0.764244292,-1.192869415,2.744842072,9.267528076,9.738797261
0.774231292,-2.193688202,2.394121399,9.174421692,9.73211686
0.784219292,-2.699935455,2.591860199,9.314230957,10.03804209
0.794206292,-2.39052887,2.961591339,9.55493042,10.28505454
0.804194292,-1.96930481,3.032244415,9.485474854,10.15120194
0.814182292,-1.919458466,2.985990601,8.93716507,9.616308031
0.824169292,-3.010240173,2.874771881,7.948620758,8.972537613
0.834157292,-4.676125946,2.28170517,7.388784943,9.036950552
0.844144292,-6.618786163,1.405427399,6.505322113,9.3863077
0.854132292,-8.231083374,0.855171661,5.252277832,9.801452673
0.864119292,-8.986712036,0.630937958,4.445904694,10.04615073
0.874107292,-9.433832245,0.691711578,3.764072571,10.18056472
0.884094292,-9.92705658,0.652493134,2.963537292,10.38049868
0.894082292,-10.40022263,0.507145386,2.208058319,10.64412273
0.904069292,-10.75408676,0.474662933,1.677711182,10.89451246
0.914057292,-10.97158447,0.519120483,1.328487396,11.06390666
0.924045292,-10.99418747,0.620010681,1.014290771,11.05827098
0.934032292,-10.99388809,0.714164886,1.153501282,11.0772818
0.944020292,-11.42963196,0.394130402,1.801204376,11.57739879
0.954007292,-11.98976715,-0.334404602,2.108814697,12.17840064
0.963995292,-12.48359024,-0.931812286,2.308798828,12.7294482
0.973982292,-13.03474411,-1.270108795,2.806364136,13.39378251
0.983970292,-13.60445938,-1.398541718,3.301235046,14.06895116
0.993957292,-13.82285522,-1.530716858,3.363505554,14.30830494
1.003945292,-13.70684647,-1.668280792,3.413501587,14.2236702
1.013932292,-13.63529526,-1.670975189,3.694467316,14.22541822
1.023920292,-13.5537149,-1.906285858,3.620371399,14.15783185
1.033908292,-13.31002167,-1.758543091,4.114942932,14.04214748
1.043895292,-13.13772995,-1.744921417,4.140240326,13.88475023
1.053883292,-12.86424866,-2.169738007,4.01689682,13.65035225
1.063870292,-12.66606079,-2.762804718,4.443659363,13.70431663
1.073858292,-12.44377304,-3.598367157,5.528453522,14.0840169
1.083845292,-11.98692307,-4.238136749,7.02519104,14.5258885
1.093833292,-10.41593994,-4.624633026,8.42463089,14.1722772
1.103820292,-8.471034393,-5.307363281,10.20637573,14.28623933
1.113808292,-7.803422699,-5.842799835,11.8430722,15.339168
1.123796292,-7.632328491,-6.45308075,13.13024551,16.50145559
1.133783292,-7.376660156,-7.061266022,14.07148819,17.38629842
1.143771292,-5.803431702,-7.740852814,14.4323877,17.37510968
1.153758292,-1.827998657,-8.116721191,14.37550598,16.60957297
1.163746292,1.96226944,-7.510032806,14.59195587,16.52804496
1.173733292,3.50436264,-7.008575592,14.93474304,16.8655637
1.183721292,4.878954163,-6.45891861,14.09184586,16.25121358
1.193708292,6.251450043,-5.918542328,13.59787308,16.09384737
1.203696292,6.645430756,-6.112089844,14.08660675,16.73176267
1.213683292,7.020850067,-6.661597137,14.12657364,17.12393923
1.223671292,6.491850128,-7.670948181,13.67032242,16.96659303
1.233659292,6.747518463,-9.033265228,13.16197952,17.33108742
1.243646292,9.880653076,-8.986412659,12.62369888,18.37772269
1.253634292,14.44331497,-7.257058868,12.11266159,20.19878268
1.263621292,19.59754669,-4.788542175,11.64892593,23.29573884
1.273609292,23.90034897,-2.131118317,10.54736664,26.2109765
1.299826292,18.81527344,0.114062805,6.568041687,19.92904153
1.309813292,16.9538942,-0.948727112,7.152875519,18.42547801
1.319801292,15.46074921,-1.432521057,8.016579437,17.47433628
1.329788292,14.48432968,-2.226769409,8.639134827,17.01143612
1.339776292,13.95682663,-2.620301056,8.98865799,16.80639639
1.349763292,14.18914352,-3.278931427,9.115144958,17.18048465
1.359751292,15.8774826,-3.316952362,9.379794617,18.7370535
1.369738208,20.50989944,-1.469045105,8.358767853,22.19646523
1.379726208,25.32912781,0.184566193,6.983876953,26.27495609
1.653136208,16.49000885,-15.2419043,11.08998825,25.04443806
1.663123208,7.397167511,-16.69253769,11.09687393,21.36584922
1.673111208,0.430355072,-14.58147766,9.843679962,17.59837298
1.683098208,-4.294569397,-11.91522217,10.26310776,16.30175532
1.693086208,-6.13364502,-10.46443909,11.21422989,16.51923239
1.703073208,-6.624174957,-9.376800842,11.32320328,16.12510528
1.713061208,-6.383176117,-8.035140839,10.84943848,14.933812
1.723048208,-5.956563263,-6.92924057,10.63568298,14.02186768
1.733036208,-5.599555664,-5.951773224,10.01806732,12.92827525
1.743024208,-5.281916199,-5.247487793,8.815168762,11.53871601
1.753011208,-6.176006927,-5.075944519,7.76704834,11.14608964
1.762999208,-8.259524231,-5.517077179,7.169341278,12.2497892
1.772986208,-10.45455963,-5.936804352,6.79003006,13.80753313
1.782974208,-12.69165756,-5.901777191,6.621630249,15.48402831
1.792961208,-13.73124573,-5.371579742,6.364914093,16.0596734
1.802949208,-14.38822952,-5.172643433,5.834566956,16.36519357
1.812936208,-14.85750366,-5.239554291,5.505700836,16.68865141
1.822924208,-14.62728241,-4.945715332,5.178181915,16.28591596
1.832911208,-14.162948,-4.608017578,4.537214813,15.56949711
1.842899208,-14.15815796,-4.750072174,4.324357452,15.54724059
1.852887208,-14.33044968,-5.109325104,4.633764038,15.90404854
1.862874208,-14.46247513,-5.634732513,5.123096466,16.34501498
1.872862208,-14.54989334,-6.086343384,5.976022797,16.86581811
1.882849208,-14.60812225,-6.472091217,7.158713379,17.50806608
1.892837208,-15.03668106,-6.913672943,8.595276031,18.64884503
1.902824208,-15.52301971,-7.408094788,9.94337265,19.86742734
1.912812208,-15.88227264,-7.878416748,11.01529358,20.87229569
1.922799208,-15.8138649,-8.374934235,11.13639175,21.07693212
1.932787208,-15.38216263,-8.840615845,10.7615712,20.7503935
1.942775208,-14.59869186,-9.10092453,10.08497818,19.94129926
1.952762208,-13.53230942,-9.40868454,9.172924805,18.8623777
1.962750208,-12.44497055,-9.876162415,8.584049377,18.05828839
1.972737208,-11.31212631,-10.68148773,8.271199951,17.62019099
1.982725208,-9.87197113,-12.01132233,8.545729065,17.74139688
1.992712208,-7.961943054,-13.46210541,9.391320648,18.24329254
2.002700208,-5.208119659,-14.91603195,10.0846788,18.74335259
2.012687208,-2.039957886,-16.4973436,10.40276733,19.6097257
2.022675208,2.556383972,-17.53768021,10.73747131,20.72193563
2.032662208,7.230264587,-17.65144363,10.46084656,21.75498791
2.042650208,12.66411484,-17.006884,11.03669907,23.904448
2.052638208,16.2385318,-15.77329926,12.17343521,25.70368474
2.062625208,15.76057571,-15.16541336,12.52340744,25.20359584
2.072613208,15.65609299,-14.89597366,12.36668335,24.89855691
2.082600208,17.4781041,-14.40379715,11.25449615,25.29065398
2.092588208,20.80269058,-13.52707031,10.23840912,26.84322238
2.102575208,25.20338928,-10.08752289,9.315578156,28.70102691
2.472115542,18.39689346,-10.96679443,10.04815475,23.65759251
2.482102542,16.68086197,-9.930050354,8.004754028,20.99840811
2.492090542,17.72464142,-9.535171509,6.793323212,21.24221385
2.502077542,15.65803894,-10.2267334,7.275470581,20.06720538
2.512065542,11.80984131,-10.99463654,8.895252228,18.42498023
2.522052542,9.56076828,-10.61307999,11.65700912,18.43723457
2.532040542,8.490643616,-9.421408081,14.25500656,19.08033467
2.542027542,6.288423157,-8.497529297,15.18128036,18.49928494
2.552015542,2.488425293,-6.961573334,14.97201553,16.69781461
2.562003542,-0.285905457,-6.007906494,14.43792618,15.64066478
2.571990542,-3.983815613,-4.549489288,13.47976868,14.77405845
2.581978542,-6.863227844,-3.871399384,12.00279007,14.35822409
2.591965542,-8.077802124,-4.004921722,10.44213547,13.79595877
2.601953542,-8.416847076,-3.642675018,8.790470123,12.7037302
2.611940542,-8.708291016,-3.288511505,7.294930115,11.82643842
2.621928542,-9.217831421,-3.14630722,6.399492188,11.6542338
2.631915542,-9.627978516,-3.2142659,5.600753174,11.59301133
2.641903542,-10.06147705,-3.512445831,5.215454407,11.86471916
2.651890542,-10.79839462,-3.421734467,5.330115967,12.51893484
2.661878542,-11.48621429,-3.148402863,5.320535889,13.04429613
2.671866542,-12.22807159,-3.40616684,5.182822266,13.71092098
2.681853542,-13.1224617,-3.913312225,5.428910522,14.73044749
2.691841542,-13.77390701,-4.12572052,6.173312531,15.64774335
2.701828542,-13.86880966,-4.236340485,7.217690735,16.19831848
2.711816542,-13.58380234,-4.577181702,7.896678772,16.36544573
2.721803542,-13.09267365,-4.941074982,8.615184631,16.43331164
2.731791542,-12.28525269,-4.946014709,9.606722717,16.36091735
2.741778542,-11.36900803,-4.702022095,10.30726593,16.05001826
2.751766542,-10.68957092,-4.543352051,10.57131683,15.70546765
2.761753542,-10.50395691,-4.657863922,10.94044922,15.86575672
2.771741542,-10.91051147,-4.762795715,11.47408951,16.53415295
2.781729542,-11.610905,-4.943919067,11.98467773,17.40367637
2.791716542,-12.27267883,-5.57306076,12.44631775,18.3463478
2.801704542,-12.24304047,-6.177653503,12.87802002,18.81219929
2.811691542,-11.28922394,-6.617438965,13.60371094,18.87585831
2.821679542,-10.26550278,-6.916517029,14.04918457,18.72427147
2.831666542,-8.834927673,-7.243586884,13.5697316,17.73874611
2.841654542,-7.235354004,-7.568561096,12.54496262,16.34042691
2.851641542,-5.439538422,-7.503296814,11.10810059,14.46644186
2.861629542,-3.359014893,-7.515870667,9.331145782,12.44353545
2.871617542,-2.464475098,-8.01508255,9.026379547,12.32033739
2.881604542,-2.941383362,-9.946216736,10.93326416,15.07034268
2.891592542,-3.00006134,-12.79584091,13.26197159,18.67120251
2.901579542,-0.994232483,-15.25238251,14.92800705,21.36513667
2.911567542,1.266665955,-17.79798889,15.48589691,23.62595722
2.921554542,5.117707672,-21.57987442,15.24639496,26.91346264
3.011442542,18.01653442,-1.002165985,-4.911137238,18.70077855
3.021430542,13.42393478,-3.329226837,-5.001549225,14.70718434
3.031417542,15.62286209,-3.16037796,-2.905158691,16.20190593
3.041405542,22.78232391,-0.132773895,0.326321411,22.78504767
3.051392542,24.72663071,1.116677856,3.663781128,25.02152129
3.281106542,18.53804993,-10.75723022,5.143454132,22.04160651
3.291094542,18.62037872,-11.88947571,3.99579071,22.45093494
3.301081542,18.77500717,-14.80750763,5.162015533,24.46241159
3.311069542,13.4423465,-18.43386658,7.94727356,24.15912402
3.321056542,7.698939972,-17.19773712,10.14380585,21.39936064
3.331044542,3.565435638,-14.59150681,9.330097961,17.68262226
3.341031542,0.966390381,-12.65902542,8.156837769,15.09035577
3.351019542,0.142503662,-10.59661423,7.560926971,13.01830085
3.361006542,0.319286041,-9.36422699,7.35510498,11.91168586
3.370993958,-0.738863525,-9.074429626,7.517666931,11.80705333
3.380981958,-1.725611572,-7.955805817,7.779023438,11.2599195
3.390968958,-1.30812973,-6.892267456,7.707621918,10.42218738
3.400956958,-2.006277924,-6.269412689,7.653284912,10.09472419
3.410943958,-3.492387543,-6.002368011,7.945626984,10.55263856
3.420931958,-4.27900177,-5.678142242,8.221652985,10.86953234
3.430918958,-4.147575073,-5.326523438,8.442294159,10.80955881
3.440906958,-4.698878632,-5.222789154,8.798104248,11.25893535
3.450893958,-5.963598633,-5.101690979,9.42500061,12.26468084
3.460881958,-7.353907471,-5.276377716,10.0117804,13.49651302
3.470868958,-8.614885254,-5.289849701,10.69885162,14.71951711
3.480856958,-9.137298889,-5.065915375,11.32484985,15.40798344
3.490844958,-9.524393921,-4.948709106,11.69802383,15.87600589
3.500831958,-9.947713623,-4.904101868,12.0527861,16.37915976
3.510819958,-9.694589996,-4.819228363,12.31878296,16.40007472
3.520806958,-8.783584442,-4.467310181,12.14903595,15.64312278
3.530794958,-8.319399719,-4.139042816,11.82525925,15.03930994
3.540781958,-8.490493927,-3.957769775,11.66389481,14.95990878
3.550769958,-8.831185455,-3.963457947,11.54444321,15.06562327
3.560756958,-9.590556335,-4.047133942,11.50851791,15.51786224
3.570744958,-10.56353302,-4.165238342,11.66539169,16.27939814
3.580731958,-10.95197525,-4.445605316,11.48052612,16.47761052
3.590719958,-10.75723022,-4.579876099,10.90197922,15.98581928
3.600707958,-10.15488281,-4.542154541,10.52147049,15.31189584
3.610694958,-9.566755829,-4.583318939,10.4536615,14.89324237
3.620682958,-9.438771973,-4.258644104,10.60215271,14.81999015
3.630669958,-9.238787842,-3.623365173,11.0190358,14.82913099
3.640657958,-8.947343903,-3.145708466,11.42828476,14.85113252
3.650644958,-8.759035492,-2.795436859,11.85938828,15.00600747
3.660632958,-7.974965973,-2.580633545,12.37850876,14.94948932
3.670619958,-6.971901855,-2.104922791,13.12440765,15.00960332
3.680607958,-6.632707214,-1.353335724,14.50543579,16.00724805
3.690595958,-6.623725891,-0.810115356,16.01594467,17.35051917
3.700582958,-6.051166534,-0.145647125,17.12753311,18.16563294
3.710570958,-5.428910522,1.022523651,17.78451691,18.62277277
3.720557958,-3.413351898,2.106419678,18.01967789,18.46068163
3.730545958,-0.065114594,3.388952637,17.46283585,17.788757
3.740532958,2.197131042,5.045557709,16.39001678,17.28923618
3.750520958,3.097508698,6.332281952,15.66372711,17.17686531
3.760507958,3.068169708,6.914720764,14.94117966,16.74711552
3.770495958,1.567989349,6.760092316,13.96940048,15.59812773
3.780483958,-0.525706787,6.815177765,12.66171982,14.38895981
3.790470958,-0.826581116,7.166646881,10.54437286,12.77606602
3.800458958,0.562530212,7.527995453,8.219557343,11.16012001
3.810445958,1.715283051,7.979157257,6.6355513,10.51854018
3.820433958,1.715283051,8.060138855,6.344706116,10.40016009
3.830420958,0.488583984,7.162305908,6.638994141,9.77821985
3.840408958,-1.22160965,5.648204498,6.924450531,9.019010996
3.850395958,-3.076402588,4.007167053,7.150779877,8.755300881
3.860383958,-4.354594574,2.211800537,6.895111542,8.449681573
3.870370958,-4.944368134,0.648152161,6.182593231,7.94300551
3.880358958,-4.434079285,-0.231568451,5.041216736,6.717778593
3.890346958,-3.433859253,-0.961450653,4.27076889,5.563743672
3.900333958,-2.295326843,-1.083297272,3.991000671,4.729708728
3.910321958,-0.917442169,-1.158890076,3.919449463,4.188891313
3.920308958,0.410596161,-1.075663147,3.639980621,3.817734844
3.930296958,1.068029022,-0.777483215,2.976260834,3.256270058
3.940283958,0.593066711,-1.159638519,2.175725555,2.535797964
3.950271958,0.030985565,-1.664538574,1.265767822,2.091367244
3.960258958,-0.689466248,-2.361489258,0.62016037,2.537044364
3.970246958,-1.400188293,-3.09017395,0.472118225,3.425288005
3.980234958,0.445174255,-3.129392395,0.366587677,3.182084758
3.990221958,5.025798798,-1.989961853,-0.758323059,5.458356492
4.000209958,8.126900024,-0.557590485,-2.427501984,8.500010414
4.010196958,9.678423615,0.098644867,-3.597469025,10.32586064
4.020184958,9.666448517,0.400417328,-4.330195313,10.59958265
4.030171958,8.395291901,0.798140259,-5.892197113,10.28765964
4.040159958,7.714956665,0.848435669,-7.826325073,11.02233022
4.050146958,7.709268494,1.20514389,-9.405840454,12.22108944
4.060134958,8.300988007,1.93772049,-10.75917618,13.72665417
4.070122958,9.289981384,2.460134125,-11.59413986,15.05921954
4.080109958,11.50672165,3.093766479,-11.71419022,16.70922759
4.090097958,14.38538544,4.639601898,-12.3195314,19.49964292
4.100084958,16.60302383,6.518794098,-13.85548737,22.58604895
4.110072958,17.38275238,7.540120239,-15.51837936,24.4915004
4.120059958,17.36733444,8.501421204,-16.8781517,25.66652437
4.130047958,17.91294983,9.170978851,-18.30124237,27.20139881
4.140034958,19.12348251,9.194330292,-18.72725647,28.30112061
4.150022958,19.97940262,8.772956543,-17.96713715,28.26586833
4.176239958,18.36276443,7.224426727,-13.17979248,23.72952568
4.186226958,17.44771729,5.889203339,-10.92997101,21.41424341
4.196214958,16.23508896,5.530549164,-8.181536407,19.00270048
4.206202958,15.85428085,5.146896973,-7.032076721,18.09140329
4.216189958,15.94080093,4.096231842,-5.94518692,17.49952849
4.226177958,15.41539352,3.397035828,-4.412075043,16.39025979
4.236164958,14.86244339,2.580633545,-2.629282379,15.31225061
4.246152958,14.16399582,1.209185486,0.116008759,14.21598977
4.256139958,13.2697554,0.261955261,3.050805817,13.61845972
4.266127958,13.24251205,-0.6529422,4.685107269,14.06203005
4.276114958,12.47326172,-2.022294617,5.967041473,13.97417323
4.286102958,10.53120026,-3.365002441,8.434809723,13.90594964
4.296089958,7.893684998,-4.398453369,11.27096191,14.44614957
4.306077958,5.450615387,-5.067412262,13.69816452,15.58934208
4.316065958,3.079096985,-5.04780304,15.65579361,16.73514348
4.326052958,1.068627777,-5.530698853,17.31000366,18.20348378
4.336040958,-1.374441833,-6.165678406,18.80674118,19.83930932
4.346027958,-3.767365723,-6.422843628,19.36957077,20.75153576
4.395965417,-9.554631042,-5.320535889,18.60570923,21.58173979
4.405953417,-9.244476013,-4.805906067,15.8708963,18.98532115
4.415940417,-8.101602631,-4.164789276,12.99088531,15.86645947
4.425928417,-6.210585022,-3.51843338,11.05331451,13.15775443
4.435915417,-4.546645203,-2.953358459,10.18482056,11.5379755
4.445903417,-3.52546875,-2.408940582,10.21415955,11.07072626
4.455890417,-3.64477066,-1.731000366,10.59646454,11.33868494
4.465878417,-3.53130661,-1.449286194,10.45695465,11.13186675
4.475865417,-1.479074249,-1.475032654,9.82167572,10.04134931
4.485853417,2.039808197,-0.639769592,9.162147217,9.408244482
4.495841417,6.358627167,1.586850128,9.134305115,11.24214226
4.505828417,9.999356232,4.047732697,10.19125717,14.84024891
4.515816417,12.01012482,5.29583725,11.65326691,17.5524249
4.525803417,12.47236359,5.588628387,11.82705551,18.07406603
4.535791417,11.95249466,5.634283447,10.91305618,17.13773829
4.545778417,11.20165604,5.504203949,9.794132996,15.86500552
4.555766417,11.51076324,6.108796692,8.655301208,15.64382647
4.565753417,13.46719482,7.417824554,8.428672485,17.53373826
4.575741417,15.32528091,8.41759552,9.073082428,19.69875565
4.585729417,15.77045517,9.022337952,9.904004517,20.6929733
4.595716417,16.80225952,9.020092621,10.14889526,21.60273295
4.605704417,17.84768555,9.094038849,10.17329453,22.46636026
4.615691417,18.90403885,9.568252716,10.06716522,23.45766315
4.625679417,19.25535828,9.590855713,9.665101318,23.58320417
4.635666417,18.74057877,9.367969208,8.944350128,22.78090294
4.645654417,17.41313919,8.664881287,8.308622131,21.15019588
4.655641417,16.01639374,7.95311142,7.758067017,19.49267692
4.665629417,14.91109222,7.417525177,7.27442276,18.17354059
4.675617417,13.8842276,6.993756409,7.086862793,17.08531618
4.685604417,13.70864273,6.741081848,7.199428711,16.88789045
4.695592417,13.94425278,6.771019592,7.616311798,17.27127955
4.705579417,13.12231201,6.419251099,8.100854187,16.70406225
4.715567417,11.68290527,5.781577148,7.486082611,15.03191082
4.725554417,9.963880005,5.275778961,6.080056458,12.80936513
4.735542417,7.805518341,4.457730103,5.208568726,10.38877579
4.745529417,5.309758301,3.526965637,4.855003967,8.012745057
4.755517417,3.262016602,2.941233673,4.893923035,6.575871843
4.765505417,1.718276825,2.372266846,5.667364655,6.379588338
4.775492417,0.239801331,1.720222778,6.667285309,6.889801483
4.785480417,-1.554367676,1.126257935,7.714507599,7.949725989
4.795467417,-3.20019516,1.011147308,8.858129425,9.472598632
4.805455417,-4.183500366,0.919986877,9.220974884,10.16732162
4.815442417,-4.782255249,0.886007538,8.714727631,9.98005272
4.825430417,-4.949906616,1.200353851,8.013286285,9.495008266
4.835417417,-5.214705963,1.539698181,7.987240448,9.662289519
4.845405417,-6.057453461,1.569635925,8.345744934,10.4311053
4.855393417,-6.903643799,1.380878448,8.399632874,10.95997059
4.865380417,-7.117548981,1.371747437,8.516689453,11.18370215
4.875368417,-6.627019043,1.402283936,8.630303192,10.97114009
4.885355417,-6.249653778,1.391805725,8.87743927,10.94551157
4.895343417,-5.639672241,1.703757019,8.811127167,10.59927606
4.905330417,-5.364394684,2.150278473,8.203091583,10.03449746
4.915318417,-5.243296509,2.546654205,7.200027466,9.263800593
4.925305417,-4.971312103,2.705623627,6.583759003,8.682178635
4.935293417,-5.07235199,2.826572113,6.327042847,8.587766636
4.945281417,-5.094206543,2.891836395,6.500083008,8.750127836
4.955268417,-4.915178833,2.812651062,6.782545624,8.83588785
4.965256417,-4.431833954,2.820135498,6.765780487,8.565634946
4.975243417,-3.844006348,2.810854797,6.223308563,7.836252865
4.985231417,-3.081042938,2.801125031,5.656437378,7.023845872
4.995218417,-2.295027466,2.914888458,5.369334412,6.526367889
5.005206417,-1.250349884,3.039279785,5.129533081,6.092019868
5.015193417,-0.131875763,3.581751709,4.944068756,6.106566334
5.025181417,0.831371155,4.259542236,5.202730865,6.775196419
5.035168417,1.81602356,4.792583771,5.76975174,7.717307555
5.045156417,2.459834747,5.225782928,6.004613342,8.331565014
5.055144417,2.755919037,5.361700287,6.016139374,8.516856971
5.065131417,2.739602966,5.327122192,5.790109406,8.331207727
5.075119417,2.72164032,5.365741882,5.319637756,8.031006029
5.085106417,3.535048828,5.680986328,5.474715271,8.64538508
5.095094417,4.97056366,6.222410431,6.307134247,10.15897815
5.105081417,6.104455719,6.769373016,7.317084045,11.68881985
5.115069417,6.73733963,7.2088591,7.739355927,12.54021631
5.125057417,7.04270462,7.474706268,7.770191803,12.87815215
5.135044417,7.278015289,7.778274994,7.534432068,13.04755667
5.145032417,7.719297638,8.14501236,6.987170105,13.21927867
5.155019417,8.027207336,8.350085907,6.226901093,13.15044826
5.165007417,7.867938538,8.390801239,5.714067535,12.84369768
5.174994417,7.399113464,8.254434814,5.726791077,12.47712748
5.184982417,7.035818939,8.191266174,5.589077454,12.15883944
5.194969417,6.741830292,8.421936493,5.292394409,12.01626933
5.204957417,6.804250488,8.654253387,5.216651917,12.18225692
5.214945417,7.164102173,8.826694794,5.366340637,12.57109831
5.224932417,7.970625,9.068442078,5.687123566,13.34581879
5.234920417,8.680149536,9.486822052,6.232589264,14.28950515
5.244907417,9.186845856,9.761650543,6.574029236,14.93003076
5.254895417,9.067693634,9.790540466,6.425987091,14.81118026
5.264882417,8.753047943,9.692644043,5.943240967,14.34870412
5.274870417,8.661588135,9.639055481,5.436095581,14.05295822
5.284857417,8.615184631,9.638905792,5.058880005,13.88244136
5.294845417,8.751401367,9.75386673,4.922214203,13.99832614
5.304833417,8.859626312,9.861941986,5.140011292,14.21867062
5.314820417,8.897497559,9.796827393,5.518873444,14.33880239
5.324808417,9.290131073,9.644743652,5.98964447,14.66981446
5.334795417,10.26774811,9.692344666,6.190526733,15.4172247
5.344783417,10.99733093,9.745334473,5.932463379,15.84635458
5.354770417,10.90422455,9.460327148,5.5380336,15.46187954
5.364758417,10.07704468,8.733738098,5.120851135,14.28454154
5.374746542,8.738079071,7.882458344,4.767735443,12.69718381
5.384734542,7.497009888,7.084318085,4.873864746,11.40821097
5.394722542,6.825655975,6.195915527,5.429359589,10.69845289
5.404709542,6.04113739,5.419330444,6.021977234,10.10587419
5.414697542,5.207221527,4.738246765,6.224506073,9.397372734
5.424684542,4.477189636,4.405638428,5.866001587,8.594466337
5.434672542,3.795207825,4.20640274,5.126389618,7.640503711
5.444659542,3.209775238,3.774999847,4.830904083,6.920326234
5.454647542,2.809956665,3.327430573,5.211263123,6.791532523
5.464634542,2.225571899,3.076552277,5.607189789,6.771921553
5.474622542,1.660047913,2.713706818,5.465135193,6.323580192
5.484610542,0.901575165,2.231559448,5.34373764,5.860736073
5.494597542,0.42002655,1.874851227,5.496420135,5.822553025
5.504585542,0.423768768,1.860032043,5.227579193,5.564789609
5.514572542,0.282612305,2.148033142,4.577032013,5.063905424
5.524560542,0.486488342,1.95523407,4.311334534,4.758909186
5.534547542,1.059796143,1.879491577,3.964954834,4.514036252
5.544535542,1.809437256,2.142794037,3.787723389,4.713011557
5.554522542,2.142494659,2.561473389,3.918701019,5.148557756
5.564510542,2.311044159,2.926115112,4.208049316,5.622344156
5.574498542,2.401905212,3.238515472,4.340523834,5.924295593
5.584485542,1.557062073,2.754721527,4.571643219,5.559932977
5.594473542,-0.145647125,2.03591629,5.135071564,5.52585995
5.604460542,-1.103505249,1.775757294,5.501359863,5.885235607
5.614448542,-1.447938995,1.545835419,5.463937683,5.860098078
5.624435542,-0.227676544,1.86976181,4.946014709,5.292533169
5.634423542,1.480271759,2.524350586,3.79341156,4.790983367
5.644411542,1.402433624,2.552641754,2.981200562,4.167776
5.654398542,0.540675659,2.096989288,2.526146851,3.32732808
5.664386542,0.082478485,1.55855896,2.522554321,2.966342704
5.674373542,-0.4445755,1.097667389,2.885848846,3.119398121
5.684361542,-1.049317932,0.388891296,3.485202484,3.660456381
5.694348542,-0.523760834,-0.092657318,4.083208923,4.117706388
5.704336542,0.495469666,-0.376467133,4.697531433,4.738567216
5.714323542,1.594933319,-0.479303284,5.381159821,5.632976562
5.724311542,2.589764557,-0.258961487,6.209387512,6.73278804
5.734298542,2.20446579,-0.688867493,7.104226685,7.470223867
5.744286542,1.075064392,-1.291663971,7.811655579,7.990376846
5.754274542,-0.074694672,-1.922601929,8.150101776,8.374134966
5.764261542,-0.989292755,-2.702330475,8.045319672,8.544498743
5.774249542,-1.431622925,-3.160078583,7.578739929,8.335042877
5.784236542,-0.579744415,-3.457959137,7.408244476,8.196076574
5.794224542,1.625619507,-3.28791275,8.159083099,8.945593667
5.804211542,3.657045135,-2.798430634,8.591084747,9.747406336
5.814199542,4.925058289,-3.402274933,8.837023315,10.67354931
5.824187542,3.934867401,-3.766916656,8.61772934,10.19500375
5.834174542,2.806364136,-4.63466217,8.383765869,9.98214923
5.844162542,2.319875793,-5.558690643,8.560697937,10.4673977
5.854149542,2.192191315,-6.270610199,9.066346436,11.23943472
5.864137542,2.489772491,-6.866520996,9.560019836,12.03087931
5.874124542,3.220852203,-7.451354828,10.39228912,13.18697277
5.884112542,4.492607574,-7.532635803,11.65057251,14.58286545
5.894099542,5.418582001,-7.290888519,12.36698273,15.34471727
5.904087542,5.749992828,-7.348219299,12.13436646,15.30691326
5.914074542,5.806575165,-7.388934631,10.98625397,14.45719359
5.924062542,5.642666016,-7.723339233,9.76314743,13.66779779
5.934050542,5.32502655,-8.315956879,8.835825806,13.25076844
5.944037542,4.89676712,-8.849597168,8.547675018,13.24222211
5.954025542,4.7563591,-9.267977142,8.822204132,13.65099403
5.964012542,5.454507294,-9.51750824,9.043294373,14.21674316
5.974000542,6.790778503,-9.555978241,9.50104248,15.0897714
5.983987542,8.041727142,-8.720415802,9.879605255,15.4376691
5.993975542,10.01088226,-8.276289368,10.22837997,16.53283056
6.003962542,13.03683975,-8.224347382,10.67295547,18.74862819
6.013950542,14.28060333,-7.105573883,11.30374374,19.5499216
6.023938542,15.14281036,-6.115382996,12.70018982,20.68809891
6.033925542,16.45034134,-5.019062805,14.15516418,22.27494994
6.043913542,18.7600383,-3.549868011,15.33306473,24.48761879
6.053900542,21.5840657,-1.808389435,15.57960205,26.68082017
6.087609542,18.75420044,-0.404608612,10.58344162,21.53817492
6.097596542,16.93907501,-0.736169128,10.00549347,19.68715588
6.107584542,16.04648117,-0.799038391,10.33091675,19.10120052
6.117571542,16.03779922,-0.580043793,10.79779587,19.34269501
6.127559542,15.95487167,-0.569266205,10.94943054,19.3590295
6.137547542,15.5179303,-0.767154694,10.99493591,19.03374117
6.147534542,15.04970398,-0.84948349,10.87668182,18.58809887
6.157522542,14.77652206,-0.990789642,10.35771103,18.07233926
6.167509542,14.06415344,-1.31756012,9.814340973,17.20051352
6.177497542,13.06827438,-1.596579895,9.730365601,16.37097668
6.187484542,12.88535477,-1.80539566,10.03588028,16.43200274
6.197472542,12.97292267,-1.848955078,10.49422714,16.78821494
6.207459542,12.81290543,-2.096689911,10.83282303,16.90907179
6.217447542,12.53029312,-2.36942276,11.15330658,16.941625
6.227435542,12.43194763,-2.542911987,11.527229,17.14341657
6.237422542,12.65034348,-2.642305298,11.74203232,17.46105066
6.247410542,13.20239548,-2.726729736,12.2054686,18.18548226
6.257397542,13.88796982,-2.562970276,12.73177414,19.01427346
6.267385542,14.32012115,-2.749781799,13.30448318,19.73921079
6.277372542,14.11459854,-3.198099518,13.63319962,19.88250146
6.287360542,13.32753525,-3.562591553,13.58978989,19.36485589
6.297348542,12.64405655,-3.844754791,13.43950241,18.84872756
6.307335542,11.89157135,-4.275558929,13.34564758,18.37923238
6.317323542,11.24401794,-4.367467804,13.64622253,18.2132398
6.327310542,11.85340073,-4.150868225,13.90233994,18.73520407
6.337298542,12.47775238,-4.057312775,13.62900833,18.91840267
6.347285542,12.27627136,-3.807781677,13.23248291,18.44734788
6.357273542,11.87914719,-3.991599426,12.73207352,17.86484536
6.367260542,11.37724091,-4.112547913,12.78341675,17.60029559
6.377248167,10.78821579,-4.241429901,13.32738556,17.66336699
6.387236167,9.983339539,-4.429139557,13.33846252,17.23945846
6.397223167,9.061257019,-4.628225555,12.86574554,16.4028735
6.407211167,8.458909607,-4.512366486,12.50125351,15.7542357
6.417198167,8.958869934,-4.005819855,12.24378891,15.69134507
6.427186167,9.70821167,-3.589535522,11.66299667,15.59357658
6.437173167,9.911189575,-3.217409363,11.27994324,15.35644885
6.447161167,9.58531723,-3.113675079,10.58344162,14.61446254
6.457149167,8.484506378,-3.268453217,9.660910034,13.26660535
6.467136167,6.99480423,-3.438050537,9.575886841,12.34686545
6.477124167,6.177054749,-3.484753418,9.911039886,12.18721557
6.487111167,5.847589874,-3.338058472,10.02734802,12.07827182
6.497099167,5.590125275,-3.18028656,10.56068893,12.36494537
6.507086167,5.160368958,-3.284769287,11.37933655,12.91930406
6.517074167,4.314627686,-3.384162598,11.20599701,12.47569387
6.527061167,3.457360382,-3.250939636,10.1337767,11.18996781
6.537049167,3.449875946,-3.043471069,8.937015381,10.05159709
6.547037167,3.743864594,-2.587219849,7.427853699,8.711098622
6.557024167,3.725003815,-2.070344696,5.741460571,7.150269231
6.567012167,3.144510956,-1.794318695,4.22167099,5.561477742
6.576999167,2.125430145,-1.678459625,2.793490906,3.890793165
6.586987167,0.811312866,-1.534608765,1.998793488,2.647343581
6.596974167,-0.43409729,-1.402433624,1.768422546,2.298386136
6.606962167,-1.50706604,-1.240171051,1.503772888,2.463859814
6.616950167,-2.733465729,-1.113085327,1.471290436,3.297800689
6.626937167,-3.759581909,-1.052611084,1.68025589,4.250377169
6.636925167,-4.42524765,-1.141226807,1.777104492,4.903398389
6.646912167,-4.973707123,-1.209933929,2.135309601,5.546282516
6.656900167,-5.295986938,-1.010398865,2.702031097,6.030701084
6.666887167,-5.336851959,-0.852776642,3.198548584,6.280121805
6.676875167,-5.250631256,-0.873433685,3.910617828,6.604918379
6.686863167,-5.001249847,-0.761466522,4.679568787,6.891349311
6.696850167,-4.442012787,-0.59561142,5.17414032,6.845287329
6.706838167,-4.392914886,-0.590372314,5.47127243,7.041382157
6.716825167,-4.632716217,-0.746946716,5.793851624,7.455783365
6.726813167,-5.078489227,-0.853076019,6.139183502,8.013012268
6.736800167,-5.300028534,-1.008303223,6.282285919,8.280947664
6.746788167,-5.481151886,-1.04258194,6.373745728,8.470810923
6.756776167,-5.322332153,-0.83661026,6.354136505,8.330797501
6.766763167,-4.871320038,-0.637374573,6.236331482,7.939007218
6.776751167,-4.358785858,-0.299377441,6.497089233,7.829483349
6.786738167,-3.591331787,0.024099884,6.894063721,7.773439354
6.796726167,-2.945874023,0.195044403,6.940467224,7.542300801
6.806713167,-2.620450745,0.129331055,6.944059753,7.42317011
6.816701167,-2.576891327,-0.489033051,7.0509375,7.522980916
6.826689167,-2.579436035,-1.094823303,7.286697235,7.806925446
6.836676167,-2.385738831,-1.414857788,7.790699158,8.269737946
6.846664167,-1.546434174,-1.497635651,8.449928284,8.719842842
6.856651167,-0.146694946,-1.619631958,8.750203857,8.900044642
6.866639167,1.633702698,-1.651665344,8.42463089,8.739072522
6.876626167,4.577481079,-1.02147583,7.853269043,9.147162432
6.886614167,7.987689514,0.15328125,7.435188446,10.91369352
6.896602167,10.41833496,1.433419189,7.144642639,12.713863
6.906589167,11.77930481,2.225272522,6.872209167,13.81778269
6.916577167,12.0328775,2.228865051,6.477480011,13.84614487
6.926564167,11.06154739,1.977837067,6.945107574,13.21000338
6.936552167,10.23257126,1.661844177,7.899822235,13.03358861
6.946539167,9.817185059,1.475930786,8.24560318,12.90524955
6.956527167,9.692194977,1.418450317,8.374036102,12.88701383
6.966514167,9.57364151,1.363065491,8.711584167,13.0155391
6.976502167,9.898016968,1.378483429,8.757538605,13.28779285
6.986490167,11.53037247,1.509161682,8.316855011,14.29675262
6.996477167,13.00271072,1.850601654,7.881560211,15.31712127
7.006465167,13.472883,1.699416046,7.182962952,15.36234187
7.016452167,13.35298233,1.236578522,6.305787048,14.81871161
7.026440167,13.21691528,1.076561279,5.861061859,14.49820264
7.036427167,13.45372284,1.084794159,5.987099762,14.76566288
7.046415167,13.73992767,1.508862305,5.904471588,15.03080379
7.056403167,14.75586502,1.748963013,5.191803589,15.74005237
7.066390167,15.36240372,1.921703796,4.29427002,16.06664708
7.076378167,16.0765686,2.194286957,3.944297791,16.69815674
7.086365167,17.86085815,3.738924866,3.955374756,18.67176485
7.096353167,20.53250244,3.617826691,4.114493866,21.25091495
7.106340167,22.32906647,3.00245636,4.267775116,22.93067504
7.132557167,18.75629608,4.442611542,4.732408905,19.84769846
7.142545167,18.28672256,4.35968399,4.213737488,19.26568582
7.152533167,18.28073502,4.583468628,3.402723999,19.15129207
7.162520167,18.60047012,5.047952728,2.767744446,19.47099702
7.172508167,19.05851761,5.471721497,2.395618286,19.97262668
7.196229167,18.67606293,5.987698517,1.164428558,19.64697824
7.206216167,18.24615692,5.83756073,1.085243225,19.1879418
7.216204167,17.58543091,5.667364655,0.890049133,18.49752929
7.226191167,16.70106995,5.172643433,0.670306091,17.49660789
7.236179167,15.85293365,4.682113495,0.790206757,16.54877998
7.246166167,15.53289917,4.148622894,1.300196228,16.12986481
7.256154167,15.47766403,3.574416962,2.478994904,16.07731185
7.266142167,15.44982193,3.085084534,4.096980286,16.27882034
7.276129167,15.00584518,2.891537018,5.4783078,16.23416867
7.286117167,14.15785858,2.6011409,6.002068634,15.59601621
7.296104167,13.50117416,1.875899048,6.195167084,14.97266831
7.306092167,12.84194504,1.368005219,6.491999817,14.45451667
7.316079167,12.0036882,1.180295563,6.645730133,13.77125111
7.326067167,11.13908615,0.866248627,6.663094025,13.00870666
7.336055167,9.968969421,0.612675934,6.761738892,12.06137786
7.346042167,8.630303192,0.343086548,6.866820374,11.03417707
7.356030167,7.366481323,-0.007334747,7.001390533,10.16290167
7.366017167,6.203549652,0.016765137,7.23460556,9.530153565
7.376004708,5.006638641,0.215102692,7.320975952,8.871831183
7.385991708,3.865112457,-0.187709656,7.232060852,8.202257823
7.395979708,2.632425842,-0.542621613,7.328759766,7.806076078
7.405967708,1.6814534,-0.778830414,7.538922729,7.763325207
7.415954708,0.873733063,-0.983005829,8.009843445,8.117099355
7.425942708,-0.264799347,-0.82613205,8.477021942,8.521297663
7.435929708,-1.127754822,-1.046922913,8.470884705,8.609516026
7.445917708,-1.974094849,-1.08000412,8.287815399,8.587860238
7.455904708,-2.639461212,-0.580941925,8.099656677,8.538658402
7.465892708,-2.874771881,-0.041613464,7.75417511,8.270022774
7.475880708,-3.082689514,0.497415619,7.372169495,8.006202595
7.485867708,-3.271147614,0.69156189,7.18086731,7.921080726
7.495855708,-3.54657486,0.612675934,7.095095673,7.955749345
7.505842708,-3.528612213,0.586031342,6.96666275,7.831278744
7.515830708,-3.32069458,0.632285156,6.823560333,7.614970298
7.525817708,-3.357068939,0.694555664,6.809040527,7.623342596
7.535805708,-3.815864868,0.62599823,6.926546173,7.932826757
7.545792708,-4.662653961,1.172960815,7.142846375,8.610251644
7.555780708,-4.777165833,2.228116608,6.845714264,8.640001203
7.565768708,-4.592150574,2.768941956,5.945785675,8.006700553
7.575755708,-4.436025238,3.164718933,5.04540802,7.4262984
7.585743708,-3.525019684,3.82619339,4.441264343,6.840347111
7.595730708,-1.989961853,4.370012512,4.259991302,6.419071851
7.605718708,0.074544983,4.668940887,4.441563721,6.444536775
7.615705708,2.881657562,5.372328186,5.446424103,8.174924829
7.625693708,4.638105011,6.468049622,6.847660217,10.49943496
7.635681708,4.488715668,7.281158752,7.516020355,11.38658874
7.645668708,4.15146698,7.719297638,7.861501923,11.7739308
7.655656708,4.137845306,8.386460266,8.529712372,12.65742757
7.665643708,4.157604218,8.864116974,8.594677277,13.02792079
7.675631708,3.762575684,8.916508026,8.055049438,12.59146189
7.685618708,3.010389862,8.713081055,7.324119415,11.77382494
7.695606708,2.076931,8.395291901,6.710245972,10.94632219
7.705594708,1.316512299,7.938741302,6.506669312,10.34860201
7.715581708,0.539178772,7.317982178,7.068750458,10.188759
7.725569708,0.047900391,6.764732666,8.444090424,10.81973038
7.735556708,-0.079484711,6.247258759,10.95062805,12.60756973
7.745544708,-0.975371704,5.565576324,14.07702667,15.16870692
7.755531708,-2.250719604,4.945865021,16.74328217,17.60297751
7.765519708,-3.016676788,4.711602173,18.11248489,18.95683631
7.775507708,-3.260669403,4.835245056,18.21831482,19.12899774
7.785494708,-3.052302704,5.139711914,17.40221191,18.40027635
7.795482708,-2.928510132,5.346731415,15.99813171,17.12027823
7.805469708,-3.295846252,5.37771698,14.5636647,15.8708151
7.815457708,-3.53370163,5.248385925,13.72301285,15.11137597
7.825444708,-3.370241547,5.049000549,13.43950241,14.74690339
7.835432708,-3.054847412,4.722978516,13.30598007,14.44602798
7.845420708,-3.09137146,4.125570831,13.22709412,14.19622946
7.855407708,-3.482059021,3.405268707,12.93325516,13.81990155
7.865395708,-3.553161163,2.855911102,12.12942673,12.95778435
7.875382708,-3.600013733,2.295476532,10.93191696,11.73610326
7.885370708,-3.923041992,1.484762421,9.950707397,10.79867379
7.895357708,-4.433031464,0.620010681,9.202862549,10.23371195
7.905345708,-4.58795929,-0.109721832,8.475674744,9.638385326
7.915333708,-4.577630768,-0.823138275,7.730823669,9.022078179
7.925320708,-4.425397339,-1.325493622,6.997648315,8.384995939
7.935308708,-3.865411835,-1.73878418,6.330335999,7.618263118
7.945295708,-3.144211578,-2.138602753,5.607489166,6.775221246
7.955283708,-2.520907745,-2.784509583,4.884492645,6.161715498
7.965270708,-2.040406952,-3.73024292,4.360432434,6.090266315
7.975258708,-1.050066376,-4.375101929,3.744762726,5.853836704
7.985245708,1.049168243,-4.547094269,3.12999115,5.619044838
7.995233708,2.986589355,-4.627177734,3.117716675,6.328558053
8.005221708,5.148094482,-4.223317566,3.226690063,7.399379489
8.015208708,8.421786804,-3.048859863,3.22474411,9.519507026
8.025196708,11.18249588,-1.69193161,2.883603516,11.67159012
8.035183708,14.9765062,-1.224004669,2.652783508,15.25880682
8.045171708,17.39382935,1.144220581,2.456840973,17.60371005
8.055158708,18.66917725,1.967508545,2.213596802,18.90262627
8.065146708,17.80652115,1.228195953,2.301164703,17.99655577
8.075134708,15.69785614,1.148860931,1.977088623,15.86352572
8.085121708,15.14640289,0.653391266,1.434317322,15.22818791
8.095109708,15.84979019,-0.17079483,2.126178589,15.99267505
8.105096708,17.0613707,-0.402662659,4.027075653,17.53481809
8.115084708,18.83862488,1.113085327,6.080056458,19.82674539
8.125071708,23.21582245,1.603166199,8.084987183,24.63557532
8.301102708,17.98524948,1.500928802,12.44272522,21.92130008
8.311089708,16.24092682,1.121318207,12.15277817,20.31539012
8.321077708,14.53597229,0.741408234,11.81029037,18.74372256
8.331065708,12.93011169,0.336200867,11.56060959,17.34786769
8.341052708,11.48052612,-0.124241638,11.38427628,16.16847743
8.351040708,10.36085449,-0.184117126,11.07157654,15.16446544
8.361027708,9.285640411,-0.333057404,10.59347076,14.09097825
8.371015792,7.618108063,-0.803379364,9.972262573,12.57485625
8.381002792,5.926625519,-1.199006653,8.889863434,10.75138032
8.390990792,4.672234039,-1.558109894,7.388485565,8.879594377
8.400978792,4.010460205,-1.697021027,6.217919769,7.591192112
8.410965792,3.58279953,-1.503623199,5.559738464,6.782921715
8.420953792,2.767445068,-1.500180359,4.788242798,5.730319573
8.430940792,1.278790741,-1.85688858,3.619173889,4.264007575
8.440928792,-0.161214752,-2.160157928,2.325713654,3.178241097
8.450915792,-1.281634827,-2.314936066,1.223106537,2.91504827
8.460903792,-2.162702637,-2.353855133,0.339194641,3.214493691
8.470891792,-2.806364136,-2.230511627,-0.401465149,3.607219989
8.480878792,-3.225043488,-2.071242828,-1.06009552,3.976776944
8.490866792,-3.784280548,-1.911674652,-1.675316162,4.558723888
8.500853792,-4.304448853,-1.748663635,-2.462828522,5.258481602
8.510841792,-4.588408356,-1.584604797,-3.287763062,5.862921588
8.520828792,-4.691394196,-1.423539734,-3.711980896,6.149345253
8.530816792,-4.937183075,-1.238823853,-3.856131134,6.385938347
8.540804792,-5.118456116,-1.082099762,-4.138144684,6.670365382
8.550791792,-5.379363556,-0.954265594,-4.367318115,6.994400804
8.560779792,-5.969885559,-0.811761932,-4.476890259,7.506066707
8.570766792,-6.666536865,-0.77224411,-4.657265167,8.168793888
8.580754792,-7.536078644,-0.668958893,-4.811743927,8.966206943
8.590741792,-8.076754303,-0.421673126,-5.138364716,9.581991455
8.600729792,-8.004304962,-0.320184174,-5.072651367,9.481730207
8.610717792,-7.755522308,-0.045954437,-4.081113281,8.763887476
8.620704792,-7.585026855,0.201630707,-2.784958649,8.082653154
8.630692792,-7.212301941,0.31240036,-1.880689087,7.460019083
8.640679792,-6.671925659,0.409099274,-1.170565796,6.786175543
8.650667792,-6.40039032,0.569266205,-0.396226044,6.437861084
8.660654792,-5.956263885,0.492924957,0.283809814,5.983360469
8.670642792,-5.05708374,0.366138611,1.021176453,5.172132518
8.680629792,-3.951931915,0.331410828,2.415826263,4.643685555
8.690617792,-2.47585144,-0.07259903,4.423451385,5.069717264
8.700605792,-0.807121582,-0.557141418,6.568490753,6.641304283
8.710592792,1.076261902,-0.371527405,9.143436127,9.214054292
8.720580792,3.602109375,-0.195194092,11.52213959,12.07364872
8.730567792,5.745053101,0.132923584,13.02471497,14.23609861
8.740555792,7.952063599,0.589923248,13.68394409,15.83772871
8.750542792,10.28436356,0.640518036,13.78663055,17.21190225
8.760530792,11.80744629,0.729732513,13.88931702,18.24449025
8.770518792,13.27589264,0.619561615,13.47333206,18.92521754
8.780505792,14.72922043,0.938697968,12.99672318,19.66585624
8.790493792,16.38343048,1.891616364,12.61232254,20.76212144
8.800480792,19.20072189,2.812950439,10.46548691,22.04783045
8.810468792,21.22900406,3.630699921,7.592511292,22.83634872
8.980257792,18.84072052,3.930825806,-5.642366638,20.05643145
8.990244792,16.67083282,2.854713593,-4.840334473,17.59246698
9.000232792,14.99312164,2.2056633,-3.686533813,15.59644763
9.010219792,13.67481308,1.918410645,-3.134032745,14.15990725
9.020207792,12.47206421,1.702709198,-3.051404572,12.95232312
9.030194792,11.03684875,1.195563812,-2.768941956,11.44152275
9.040182792,9.532477112,0.529898071,-2.168091431,9.790277438
9.050170792,8.199049988,-0.022153931,-1.498234406,8.3348436
9.060157792,7.361840973,-0.202079773,-0.859812012,7.41463522
9.070145792,6.825356598,-0.0889151,-0.636177063,6.855517474
9.080132792,6.288123779,0.000149689,-1.131347351,6.38908816
9.090120792,5.874384155,-0.245938568,-1.482666779,6.063594294
9.100107792,5.301525421,-0.4644841,-0.667012939,5.36347122
9.110095792,5.038821716,-0.642763367,1.146914978,5.207521772
9.120083792,5.228627014,-1.353335724,4.183650055,6.831763009
9.130070792,5.071902924,-2.524051208,7.496860199,9.396698708
9.140058792,4.761598206,-3.516786804,10.54137909,12.08971795
9.150045792,4.514611816,-4.304149475,13.80683853,15.15045256
9.160033792,4.340224457,-3.916904755,17.10103821,18.07277508
9.170020792,6.025120697,-3.338806915,18.74477005,19.97038095
9.180008792,7.059769135,-2.089654541,18.40093506,19.81921813
9.189995792,6.905290375,-1.252445526,17.82358566,19.15546556
9.199983792,6.588399353,-1.246457977,17.49142639,18.73260955
9.209971792,5.674699402,-1.330732727,17.69979309,18.63479912
9.219958792,4.636308746,-1.566043396,17.97462158,18.62887199
9.229946792,4.049079895,-1.646426239,17.91354858,18.43911577
9.239933792,3.944447479,-1.676962738,18.02267166,18.52532223
9.249921792,3.78877121,-1.719773712,18.2371756,18.70580078
9.259908792,3.805985413,-1.824256439,17.68826706,18.18483511
9.269896792,4.256548462,-1.740580444,16.18958359,16.83004581
9.279884792,4.80440918,-1.375190277,14.62713272,15.45724773
9.289871792,5.049748993,-1.039887543,13.10225372,14.08014146
9.299859792,5.120102692,-0.894240417,11.28009293,12.41996835
9.309846792,5.042563934,-0.750988312,9.933044128,11.16498097
9.319834792,4.996010742,-0.691711578,9.26243866,10.54662781
9.329821792,5.346282349,-0.489781494,9.154513092,10.6126213
9.339809792,5.896837463,-0.491577759,9.163045349,10.90760014
9.349797792,6.554420013,-0.745599518,9.301806793,11.40350604
9.359784792,7.467371521,-0.846040649,9.929152222,12.4525293
9.369772792,8.270301819,-0.712667999,10.40156982,13.30783388
9.379760417,8.527467041,-0.882714386,9.663903809,12.91851058
9.389748417,8.867709503,-0.677191772,8.526718597,12.32070577
9.399735417,9.387877808,-0.167801056,6.75260788,11.56538456
9.409723417,10.3833078,0.456700287,4.41476944,11.29211429
9.419711417,11.30748596,0.953816528,2.747686157,11.67556354
9.429698417,12.27986389,1.305285645,1.859882355,12.48831414
9.439686417,13.04507263,1.871558075,1.278790741,13.24054211
9.449673417,13.22769287,2.420466614,0.997076569,13.48423817
9.459661417,12.85900955,2.460283813,1.137035522,13.14153617
9.469648417,12.35515732,2.347418518,1.142274628,12.62794826
9.479636417,12.28674957,2.411784668,0.887055359,12.55260083
9.489624417,12.3208786,2.484683075,0.029338989,12.56895223
9.499611417,12.24214233,2.655627594,-1.180445251,12.58236297
9.509599417,12.27208008,3.235222321,-2.434836731,12.92281095
9.519586417,12.7627597,3.919898529,-3.562741241,13.81834885
9.529574417,12.95690598,4.303401031,-4.152215424,14.27030363
9.539561417,12.86514679,4.44755127,-4.278552704,14.26880259
9.549549417,13.03234909,4.553530884,-3.865262146,14.33586474
9.559537417,12.9964238,4.709207153,-3.171754303,14.18251349
9.569524417,12.7826683,4.586013336,-2.877915344,13.88202161
9.579512417,12.86649399,4.656067657,-2.656974792,13.93862076
9.589499417,13.06318497,4.911885681,-2.658022614,14.20698795
9.599487417,12.98819092,5.053790588,-3.08673111,14.27451616
9.609474417,12.99133438,5.148244171,-3.541485443,14.41600868
9.619462417,13.03040314,5.353766785,-3.838916931,14.601079
9.629450417,12.8636499,5.45495636,-3.931274872,14.51499087
9.639437417,12.56621841,5.502108307,-4.21703064,14.35152913
9.649425417,12.1271814,5.496869202,-4.395010529,14.02141994
9.659412417,11.5763269,5.241051178,-4.294120331,13.41340492
9.669400417,10.90871521,4.843178558,-3.829336853,12.53476234
9.679387417,10.38151154,4.560117188,-3.011587372,11.73201215
9.689375417,9.795629883,4.256698151,-2.266885986,10.918453
9.699363417,9.301657104,3.969894562,-1.724863129,10.25943666
9.709350417,9.072333984,3.722758484,-1.244362335,9.88507017
9.719338417,8.716523895,3.375929718,-0.656983795,9.370502547
9.729325417,8.181686096,2.981649628,0.245938568,8.711527286
9.739313417,7.746690674,2.601440277,1.532513123,8.314283155
9.749300417,7.361092529,2.341430969,3.15334259,8.343353744
9.759288417,6.829248505,2.058519287,4.85814743,8.630048276
9.769276417,6.313870239,1.619931335,6.204447784,8.999128138
9.779263417,5.835016022,1.216669922,7.618706818,9.673282341
9.789251417,5.060825958,0.822090454,9.422904968,10.7274848
9.799238417,4.62882431,0.577050018,10.77189972,11.73851885
9.809226417,4.417014771,0.540675659,11.29985184,12.14450498
9.819213417,4.24157959,0.60489212,11.78589111,12.54049924
9.829201417,4.051325226,0.754880219,12.30126938,12.97321504
9.839189417,3.658991089,0.778231659,12.30351471,12.85963975
9.849176417,3.031196594,0.989442444,12.34587662,12.75099285
9.859164417,3.006048889,1.180744629,12.09380081,12.51760783
9.869151417,3.109184418,1.284029846,11.66404449,12.13942727
9.879139417,2.875969391,1.486259308,11.32919083,11.78264535
9.889126417,1.682950287,2.585573273,11.20719452,11.6240578
9.899114417,0.851130066,2.97431488,11.36586456,11.77938235
9.909102417,1.248104553,2.006277924,11.70969955,11.94570968
9.919089417,1.136436768,1.4837146,12.22507782,12.36711063
9.929077417,1.148561554,1.066232758,12.69554947,12.79191238
9.939064417,1.57966507,1.199156342,12.86604492,13.01800406
9.949052417,2.085912323,1.633103943,12.59421021,12.86981699
9.959039417,2.351011047,1.710193634,11.93108917,12.28018339
9.969027417,2.311792603,1.688339081,11.13324829,11.49539436
9.979015417,2.173330536,1.994751892,9.961784363,10.38939596
9.989002417,2.298919373,2.550995178,8.184829559,8.876037494
9.998990417,2.603685608,3.278931427,6.903793488,8.074214176
10.00897742,2.078727264,3.947740631,6.799610138,8.132678597
10.01896542,0.452509003,4.352798309,6.976841583,8.235771731
10.02895242,-0.574205933,4.750371552,6.809639282,8.322675621
10.03894042,-1.098266144,4.977449341,5.832471313,7.745896468
10.04892842,-1.216669922,4.830005951,4.928201752,7.006883451
10.05891542,-1.185235291,4.423750763,4.849465485,6.670207567
10.06890342,-1.216220856,4.066443787,5.06875946,6.61116334
10.07889042,-1.219514008,3.882476349,5.293292542,6.676809339
10.08887842,-1.192570038,3.659739532,5.910608826,7.053454007
10.09886542,-1.255738678,3.473676453,7.826175385,8.65403541
10.10885342,-1.308279419,3.535797272,10.3276236,10.99423788
10.11884142,-0.866847382,3.710783386,11.66479294,12.27146006
10.12882842,-0.346080322,3.908671875,12.23765167,12.85136591
10.13881642,-0.124840393,4.054768066,12.21819214,12.87404165
10.14880342,-0.593665466,3.944148102,12.04799606,12.69105796
10.15879142,-1.022823029,3.828139343,11.82840271,12.47445103
10.16877842,-1.222807159,3.96420639,11.35089569,12.08523987
10.17876642,-0.883762207,4.170926514,11.20569763,11.98938376
10.18875442,-0.036823425,4.475393372,11.44460083,12.28858779
10.19874142,0.282462616,4.765939178,11.62961609,12.57147294
10.20872942,0.040266266,4.711153107,11.68724625,12.60112335
10.21871642,-0.588276672,4.403542786,11.43816422,12.27065031
10.22870442,-1.294358368,4.253105621,11.07786346,11.93663813
10.23869142,-1.752106476,4.084256744,10.50425629,11.4057192
10.24867942,-2.061363373,3.810326385,9.730365601,10.65118871
10.25866742,-2.021845551,3.696712646,8.925489349,9.870050858
10.26865442,-1.589245148,3.969894562,8.029752045,9.097399676
10.27864242,-1.022972717,4.640500031,7.454198914,8.840011038
10.28862942,-0.821192322,5.376818848,7.033723297,8.891445393
10.29861742,-0.990041199,5.790259094,6.545738068,8.795110505
10.30860442,-1.543590088,5.924230499,6.236032104,8.738837095
10.31859242,-1.953587494,5.647905121,6.473139038,8.810043437
10.32858042,-2.056872711,5.28640686,6.923103333,8.950205729
10.33856742,-2.34247879,5.328170013,7.82557663,9.752756132
10.34855542,-2.595452728,5.553451538,8.489146729,10.47104632
10.35854242,-2.582729187,5.784271545,8.597521362,10.67921631
10.36853042,-2.355801086,6.108048248,8.066425781,10.38870911
10.37851692,-2.006128235,6.528224487,7.264842682,9.97096809
10.38850492,-1.685345306,6.940167847,6.696175232,9.790050116
10.39849292,-1.587598572,7.120991821,6.431076508,9.725622797
10.40847992,-1.780996399,6.996750183,6.472689972,9.696503327
10.41846792,-2.201621704,6.726262665,6.549629974,9.642997478
10.42845492,-2.716999969,6.519991608,6.578968964,9.652730806
10.43844292,-3.138972473,6.619534607,6.730903015,9.948690467
10.44842992,-3.141816559,6.96546524,6.521937561,10.04611302
10.45841792,-2.904859314,7.060816956,6.245761871,9.864222477
10.46840592,-2.568209381,6.912774811,6.116730194,9.581051262
10.47839292,-2.300565948,6.751260681,6.12421463,9.400964275
10.48838092,-2.194137268,6.895111542,6.055657196,9.435453651
10.49836792,-2.311792603,7.268884277,5.821993103,9.595658777
10.50835592,-2.761158142,7.687713318,5.718857574,9.971472424
10.51834292,-3.337609406,7.878566437,5.800437927,10.33714302
10.52833092,-3.57815918,7.713010712,5.944887543,10.37475037
10.53831892,-3.536994781,7.416627045,5.964646454,10.15350659
10.54830592,-3.489693146,7.241191864,5.80941925,9.917770409
10.55829392,-3.408861237,7.178771667,5.500312042,9.664808852
10.56828092,-3.303630066,7.142397308,5.08986557,9.372008453
10.57826892,-3.319946136,7.229516144,4.818629608,9.300921316
10.58825592,-3.338357849,7.410789185,4.750970306,9.414677282
10.59824392,-3.304827576,7.609575806,4.873715057,9.621882753
10.60823192,-3.28087738,7.594906311,5.406756592,9.883307903
10.61821892,-3.084036713,7.388036499,6.441105652,10.27532032
10.62820692,-2.860102386,7.398963776,7.215445404,10.7232226
10.63819392,-2.699935455,7.650590515,7.31064743,10.92093185
10.64818192,-2.614313507,7.76240799,6.911427612,10.71715655
10.65816892,-2.59410553,7.632029114,6.224655762,10.18447796
10.66815692,-2.790197754,7.460186462,5.625601501,9.751255192
10.67814492,-3.093616791,7.363487549,5.132676544,9.493986636
10.68813192,-3.471281433,7.303761749,4.739294586,9.373134142
10.69811992,-3.844006348,7.23819809,4.558171234,9.377890028
10.70810692,-4.131259003,7.116800537,4.387226715,9.325444176
10.71809492,-4.415817261,7.066505127,4.367467804,9.407960024
10.72808192,-4.593048706,7.197782135,4.607568512,9.702260132
10.73806992,-4.391118622,7.274572449,5.038073273,9.878436585
10.74805792,-4.170028381,7.234755249,5.520220642,10.01017763
10.75804492,-4.139042816,7.257507935,5.703289948,10.11585948
10.76803292,-4.097579041,7.254663849,5.690716095,10.08982414
10.77801992,-4.0052211,7.121291199,5.786816254,10.01208404
10.78800792,-3.995491333,7.021897888,5.944588165,10.03041023
10.79799492,-3.978127441,6.966513062,6.039490814,10.04157614
10.80798292,-3.965254211,6.905140686,6.171965332,10.07459006
10.81797092,-3.917054443,6.788233795,6.353837128,10.08933495
10.82795792,-3.847449188,6.775360565,6.444698181,10.11150388
10.83794592,-3.624712372,6.891369324,6.477929077,10.12882402
10.84793292,-3.450923767,7.063211975,6.478677521,10.18681013
10.85792092,-3.3920961,7.151378632,6.469097443,10.22241429
10.86790792,-3.312611389,7.020700378,6.414161682,10.07000984
10.87789592,-3.273692322,6.866520996,6.363716583,9.917815322
10.88788392,-3.356769562,6.8731073,6.248156891,9.87658698
10.89787092,-3.409310303,6.958878937,5.973178711,9.784081802
10.90785892,-3.381917267,6.924151154,5.682483215,9.574541717
10.91784592,-3.316203918,6.89645874,5.49237854,9.419372251
10.92783392,-3.250640259,6.984625397,5.344186707,9.376139162
10.93782192,-3.308120728,7.080126801,5.435347137,9.519183619
10.94780892,-3.417543182,7.015760651,5.799090729,9.7226515
10.95779692,-3.349135437,6.90005127,6.108497314,9.805159618
10.96778392,-3.21067337,6.95618454,6.34650238,9.948618965
10.97777192,-3.118914185,7.085964661,6.558910675,10.14681379
10.98775892,-3.171604614,7.169640656,6.604715424,10.25110183
10.99774692,-3.236270142,7.272626495,6.370751953,10.19563735
11.00773492,-3.281027069,7.35869751,6.158493347,10.14113445
11.01772192,-3.475772095,7.396419067,6.037245483,10.16052851
11.02770992,-3.620371399,7.30136673,5.841153259,10.02677
11.03769692,-3.632346497,7.330855408,5.742209015,9.995416272
11.04768492,-3.659739532,7.419171753,5.511538696,9.94056647
11.05767192,-3.854484558,7.503446503,5.345234528,9.986505534
11.06765992,-3.968247986,7.482939148,5.206323395,9.942191592
11.07764792,-3.941154327,7.408094788,4.997058563,9.766430264
11.08763492,-3.859723663,7.383845215,4.869823151,9.650586222
11.09762292,-3.79924942,7.396568756,4.884492645,9.643743771
11.10760992,-3.885320435,7.477849731,4.981341248,9.789162993
11.11759792,-4.173171844,7.435338135,5.192402344,9.983018508
11.12758492,-4.375700684,7.230414276,5.392536163,10.02522286
11.13757292,-4.55981781,7.134763184,5.413492584,10.05000926
11.14756092,-4.837340698,7.150929565,5.283862152,10.12199871
11.15754792,-4.834496613,7.182064819,4.991819458,9.993631676
11.16753592,-4.627477112,7.221133575,4.530778198,9.699807504
11.17752292,-4.67687439,7.269333344,4.014950867,9.530802263
11.18751092,-4.939727783,7.252568207,3.59103241,9.481359076
11.19749892,-5.20916748,7.246131592,2.930007019,9.39291169
11.20748592,-5.577252045,7.226372681,2.223775635,9.395285018
11.21747392,-5.979315948,7.241042175,1.621428223,9.529634855
11.22746092,-6.454577637,7.331903229,-0.690663757,9.792619356
11.23744892,-6.878645782,7.478897552,-1.688937836,10.30059161
11.24743592,-6.505322113,7.48503479,0.570912781,9.933322858
11.25742392,-5.877976685,7.291337585,0.989741821,9.417738718