"Time (s)","Magnetic Field x (µT)","Magnetic Field y (µT)","Magnetic Field z (µT)","Absolute field (µT)"
1.275716664E-2,-1.306854248E0,-8.134558105E1,-1.116592407E0,8.136374010E1
2.274516667E-2,-1.214294434E0,-8.120111084E1,-1.228988647E0,8.121948858E1
3.273316671E-2,-1.227569580E0,-8.123812866E1,-1.214035034E0,8.125647271E1
4.272216675E-2,-1.068298340E0,-8.110064697E1,-8.998260498E-1,8.111267403E1
5.271016667E-2,-1.126358032E0,-8.106378174E1,-1.050155640E0,8.107840785E1
6.269816670E-2,-1.258316040E0,-8.138745117E1,-1.008239746E0,8.140342201E1
7.268716674E-2,-1.181396484E0,-8.118637085E1,-1.000396729E0,8.120112871E1
8.267516666E-2,-1.252212524E0,-8.145874023E1,-1.112518311E0,8.147596022E1
9.266316670E-2,-1.337066650E0,-8.120352173E1,-1.150711060E0,8.122268048E1
1.026521667E-1,-1.218261719E0,-8.112683105E1,-1.247299194E0,8.114556447E1
1.126401667E-1,-1.310409546E0,-8.130007935E1,-1.336761475E0,8.132162693E1
1.226281667E-1,-1.365081787E0,-8.104211426E1,-1.187500000E0,8.106230868E1
1.326171667E-1,-1.428955078E0,-8.135479736E1,-1.172409058E0,8.137579191E1
1.426051666E-1,-1.286987305E0,-8.112155151E1,-1.011840820E0,8.113806923E1
1.525941667E-1,-1.346908569E0,-8.108575439E1,-1.344543457E0,8.110808545E1
1.625821667E-1,-1.480484009E0,-8.127441406E1,-1.394699097E0,8.129986101E1
1.725701666E-1,-1.399932861E0,-8.124169922E1,-1.356658936E0,8.126508492E1
1.825591667E-1,-1.450088501E0,-8.138858032E1,-1.339355469E0,8.141251523E1
1.925471667E-1,-1.281341553E0,-8.108316040E1,-1.272399902E0,8.110326589E1
2.025351666E-1,-1.236206055E0,-8.105551147E1,-1.294281006E0,8.107526941E1
2.125241667E-1,-1.254531860E0,-8.130599976E1,-1.065795898E0,8.132266208E1
2.225121667E-1,-1.214340210E0,-8.121615601E1,-9.690704346E-1,8.123101450E1
2.325001667E-1,-1.378173828E0,-8.143188477E1,-9.898376465E-1,8.144956107E1
2.424891667E-1,-1.231750488E0,-8.122097778E1,-7.925262451E-1,8.123418332E1
2.524771667E-1,-1.280838013E0,-8.106845093E1,-1.077056885E0,8.108572213E1
2.624651667E-1,-1.350585938E0,-8.124465942E1,-9.685974121E-1,8.126165731E1
2.724541667E-1,-1.327178955E0,-8.111114502E1,-1.100082397E0,8.112946094E1
2.824426667E-1,-1.480926514E0,-8.130654907E1,-1.105285645E0,8.132754590E1
2.924306667E-1,-1.400161743E0,-8.106381226E1,-9.031219482E-1,8.108093327E1
3.024196667E-1,-1.374053955E0,-8.109994507E1,-1.202514648E0,8.112049775E1
3.124076667E-1,-1.457977295E0,-8.132104492E1,-1.150299072E0,8.134224753E1
3.223966667E-1,-1.313385010E0,-8.119882202E1,-1.038085938E0,8.121607784E1
3.323846667E-1,-1.524597168E0,-8.135098267E1,-1.250244141E0,8.137487258E1
3.423726667E-1,-1.381820679E0,-8.110687256E1,-1.066497803E0,8.112565329E1
3.523616667E-1,-1.339202881E0,-8.105007935E1,-1.050247192E0,8.106794586E1
3.623496667E-1,-1.415420532E0,-8.137649536E1,-1.064773560E0,8.139576866E1
3.723376667E-1,-1.308593750E0,-8.109973145E1,-1.044052124E0,8.111700748E1
3.823266667E-1,-1.376251221E0,-8.134539795E1,-9.890747070E-1,8.136305122E1
3.923146666E-1,-1.366607666E0,-8.102670288E1,-1.077575684E0,8.104539077E1
4.023026667E-1,-1.307937622E0,-8.105541992E1,-1.173171997E0,8.107446042E1
4.122916667E-1,-1.386077881E0,-8.131448364E1,-1.052917480E0,8.133311194E1
4.222796666E-1,-1.158157349E0,-8.115512085E1,-1.014480591E0,8.116972428E1
4.322676667E-1,-1.276763916E0,-8.136355591E1,-9.331512451E-1,8.137892312E1
4.422566667E-1,-1.269012451E0,-8.115679932E1,-8.167572021E-1,8.117082949E1
4.522446666E-1,-1.156768799E0,-8.109823608E1,-1.070724487E0,8.111355288E1
4.622326667E-1,-1.211212158E0,-8.140957642E1,-1.137130737E0,8.142652660E1
4.722216667E-1,-1.335235596E0,-8.126528931E1,-1.234298706E0,8.128562969E1
4.822096667E-1,-1.383453369E0,-8.141168213E1,-1.180740356E0,8.143199665E1
4.921986667E-1,-1.185241699E0,-8.108657837E1,-1.289794922E0,8.110549649E1
5.021866667E-1,-1.265213013E0,-8.119815063E1,-1.102340698E0,8.121548858E1
5.121746667E-1,-1.297088623E0,-8.145321655E1,-1.084259033E0,8.147075882E1
5.221636667E-1,-1.367187500E0,-8.154376221E1,-1.030273438E0,8.156173012E1
5.321516667E-1,-1.436126709E0,-8.161083984E1,-1.128982544E0,8.163128225E1
5.421396667E-1,-1.435882568E0,-8.123318481E1,-1.124862671E0,8.125366078E1
5.521286667E-1,-1.277114868E0,-8.119232178E1,-1.113845825E0,8.121000425E1
5.621166667E-1,-1.468124390E0,-8.148266602E1,-9.960327148E-1,8.150197747E1
5.721046667E-1,-1.417724609E0,-8.133969116E1,-9.748077393E-1,8.135788561E1
5.820936667E-1,-1.464767456E0,-8.152236938E1,-1.009979248E0,8.154178261E1
5.920816667E-1,-1.510009766E0,-8.132012939E1,-7.149810791E-1,8.133729017E1
6.020696667E-1,-1.433441162E0,-8.129028320E1,-8.934173584E-1,8.130782921E1
6.120586667E-1,-1.447143555E0,-8.141607666E1,-7.186584473E-1,8.143210812E1
6.220466667E-1,-1.410339355E0,-8.141329956E1,-8.213958740E-1,8.142965733E1
6.320356667E-1,-1.453308105E0,-8.151556396E1,-8.800354004E-1,8.153326766E1
6.420236666E-1,-1.437606812E0,-8.122320557E1,-7.437286377E-1,8.123933141E1
6.520116667E-1,-1.444076538E0,-8.132196045E1,-8.744201660E-1,8.133948131E1
6.620006667E-1,-1.506149292E0,-8.153326416E1,-1.026611328E0,8.155363622E1
6.719886666E-1,-1.393554688E0,-8.131414795E1,-8.905639648E-1,8.133096431E1
6.819766667E-1,-1.353729248E0,-8.148776245E1,-8.544921875E-1,8.150348563E1
6.919656667E-1,-1.321914673E0,-8.127001953E1,-8.876647949E-1,8.128561670E1
7.019536668E-1,-1.204711914E0,-8.129736328E1,-8.217926025E-1,8.131044183E1
7.119416667E-1,-1.482910156E0,-8.165249634E1,-9.252929688E-1,8.167120268E1
7.219306667E-1,-1.467636108E0,-8.147360229E1,-7.160949707E-1,8.148996637E1
7.319186667E-1,-1.540496826E0,-8.161593628E1,-6.501770020E-1,8.163306264E1
7.419066667E-1,-1.441528320E0,-8.134695435E1,-6.178283691E-1,8.136207161E1
7.518956667E-1,-1.519485474E0,-8.131433105E1,-8.086395264E-1,8.133254680E1
7.618836667E-1,-1.546463013E0,-8.163711548E1,-8.339691162E-1,8.165602045E1
7.718716667E-1,-1.571380615E0,-8.148153687E1,-8.502044678E-1,8.150112229E1
7.818606667E-1,-1.504394531E0,-8.164443970E1,-8.428955078E-1,8.166264880E1
7.918486667E-1,-1.426467896E0,-8.138098145E1,-6.791839600E-1,8.139631590E1
8.018376667E-1,-1.390243530E0,-8.135064697E1,-6.983947754E-1,8.136552277E1
8.118256667E-1,-1.559036255E0,-8.153405762E1,-7.848815918E-1,8.155273867E1
8.218136667E-1,-1.511169434E0,-8.150897217E1,-6.187133789E-1,8.152532725E1
8.318026667E-1,-1.671691895E0,-8.172543335E1,-5.800476074E-1,8.174458676E1
8.417906667E-1,-1.601959229E0,-8.145864868E1,-4.792022705E-1,8.147580839E1
8.517786667E-1,-1.604309082E0,-8.148699951E1,-6.976470947E-1,8.150577653E1
8.617676666E-1,-1.676162720E0,-8.169931030E1,-6.322479248E-1,8.171894862E1
8.717556667E-1,-1.539825439E0,-8.166778564E1,-5.615844727E-1,8.168423135E1
8.817436667E-1,-1.681152344E0,-8.174819946E1,-7.664489746E-1,8.176907626E1
8.917326666E-1,-1.615615845E0,-8.142974854E1,-6.202697754E-1,8.144813623E1
9.017206667E-1,-1.526962280E0,-8.144369507E1,-5.446929932E-1,8.145982918E1
9.117086667E-1,-1.562210083E0,-8.167761230E1,-5.226287842E-1,8.169422252E1
9.216976666E-1,-1.427169800E0,-8.149249268E1,-5.115814209E-1,8.150659416E1
9.316856667E-1,-1.625396729E0,-8.180645752E1,-6.977386475E-1,8.182557819E1
9.416736667E-1,-1.639465332E0,-8.149661255E1,-5.474090576E-1,8.151493949E1
9.516626667E-1,-1.569122314E0,-8.161508179E1,-6.057434082E-1,8.163241173E1
9.616506667E-1,-1.568511963E0,-8.182757568E1,-6.587982178E-1,8.184525879E1
9.716396667E-1,-1.647048950E0,-8.162344360E1,-3.399047852E-1,8.164076709E1
9.816276667E-1,-1.556167603E0,-8.190301514E1,-2.020721436E-1,8.191804673E1
9.916156667E-1,-1.485443115E0,-8.162243652E1,-3.308258057E-1,8.163662249E1
1.001604667E0,-1.609024048E0,-8.169387817E1,-2.491912842E-1,8.171010210E1
1.011592667E0,-1.651885986E0,-8.183715820E1,-5.390930176E-2,8.185384595E1
1.021580667E0,-1.658081055E0,-8.163827515E1,-1.938781738E-1,8.165534147E1
1.031569667E0,-1.782699585E0,-8.184704590E1,-1.129150391E-2,8.186645875E1
1.041557667E0,-1.394348145E0,-8.158810425E1,3.053283691E-2,8.160002386E1
1.051545667E0,-1.578231812E0,-8.170278931E1,-2.861938477E-1,8.171853219E1
1.061534667E0,-1.653503418E0,-8.179281616E1,-3.506469727E-1,8.181027932E1
1.071522667E0,-1.584869385E0,-8.160748291E1,-9.347534180E-2,8.162292457E1
1.081510667E0,-1.635711670E0,-8.174774170E1,-2.019348145E-1,8.176435411E1
1.091499667E0,-1.673873901E0,-8.163839722E1,-8.772277832E-2,8.165560268E1
1.101487667E0,-1.705001831E0,-8.168896484E1,-3.151855469E-1,8.170736411E1
1.111476667E0,-1.703750610E0,-8.186169434E1,-1.692199707E-2,8.187942386E1
1.121464667E0,-1.802261353E0,-8.173361206E1,-1.838226318E-1,8.175368663E1
1.131452667E0,-1.777069092E0,-8.195172119E1,2.853393555E-2,8.197099118E1
1.141441667E0,-1.691253662E0,-8.158880615E1,-2.223205566E-2,8.160633629E1
1.151429667E0,-1.716781616E0,-8.163348389E1,-2.923583984E-2,8.165153939E1
1.161417667E0,-1.722702026E0,-8.185769653E1,-2.499694824E-1,8.187620331E1
1.171406667E0,-1.851364136E0,-8.177005005E1,-1.450653076E-1,8.179113447E1
1.181394667E0,-1.711074829E0,-8.186849976E1,-2.624511719E-3,8.188637882E1
1.191382667E0,-1.617324829E0,-8.151702881E1,-1.158599854E-1,8.153315368E1
1.201371667E0,-1.695785522E0,-8.163821411E1,-1.838378906E-1,8.165603155E1
1.211359667E0,-1.695785522E0,-8.163821411E1,-1.838378906E-1,8.165603155E1
1.221347667E0,-1.723373413E0,-8.178317261E1,-1.023712158E-1,8.180139252E1
1.231336667E0,-1.713653564E0,-8.196566772E1,-4.643249512E-2,8.198359257E1
1.241324667E0,-1.657409668E0,-8.164538574E1,1.508178711E-1,8.166234607E1
1.251313667E0,-1.667434692E0,-8.177612305E1,1.155395508E-1,8.179320258E1
1.261301667E0,-1.703430176E0,-8.192666626E1,1.222381592E-1,8.194446449E1
1.271289667E0,-1.664794922E0,-8.181448364E1,8.148193359E-2,8.183146042E1
1.281278708E0,-1.731689453E0,-8.201940918E1,1.886596680E-1,8.203790479E1
1.291266708E0,-1.628646851E0,-8.171972656E1,3.694000244E-1,8.173678888E1
1.301254708E0,-1.471145630E0,-8.175601196E1,1.972351074E-1,8.176948491E1
1.311243708E0,-1.671783447E0,-8.203936768E1,3.903656006E-1,8.205732809E1
1.321231708E0,-1.412109375E0,-8.178634644E1,5.052642822E-1,8.180009663E1
1.331219708E0,-1.565460205E0,-8.194515991E1,4.099731445E-1,8.196113699E1
1.341208708E0,-1.559799194E0,-8.171368408E1,7.797088623E-1,8.173228913E1
1.351196708E0,-1.399414062E0,-8.170849609E1,7.291412354E-1,8.172373181E1
1.361184708E0,-1.440170288E0,-8.201010132E1,6.341857910E-1,8.202519735E1
1.371173708E0,-1.430679321E0,-8.189877319E1,6.278228760E-1,8.191367441E1
1.381161708E0,-1.708190918E0,-8.204638672E1,5.550384521E-1,8.206604388E1
1.391149708E0,-1.421051025E0,-8.181185913E1,7.668151855E-1,8.182779287E1
1.401138708E0,-1.444274902E0,-8.188101196E1,7.198028564E-1,8.189691182E1
1.411126708E0,-1.592376709E0,-8.210140991E1,5.983886719E-1,8.211903094E1
1.421115708E0,-1.537353516E0,-8.185086060E1,6.006011963E-1,8.186750001E1
1.431103708E0,-1.583511353E0,-8.203796387E1,6.415100098E-1,8.205575275E1
1.441091708E0,-1.488937378E0,-8.186541748E1,8.525543213E-1,8.188339491E1
1.451080708E0,-1.414062500E0,-8.198266602E1,7.718200684E-1,8.199849271E1
1.461068708E0,-1.415039062E0,-8.215411377E1,9.604339600E-1,8.217191234E1
1.471056708E0,-1.435302734E0,-8.195593262E1,8.240966797E-1,8.197264251E1
1.481045708E0,-1.522399902E0,-8.212741089E1,6.905212402E-1,8.214442245E1
1.491033708E0,-1.371871948E0,-8.190362549E1,9.074096680E-1,8.192013973E1
1.501021708E0,-1.566284180E0,-8.193817139E1,8.773498535E-1,8.195783623E1
1.511010708E0,-1.750640869E0,-8.219396973E1,8.869018555E-1,8.221739474E1
1.520998708E0,-1.554153442E0,-8.201632690E1,1.020858765E0,8.203740259E1
1.530986708E0,-1.613265991E0,-8.232418823E1,8.927917480E-1,8.234483391E1
1.540975708E0,-1.450759888E0,-8.203225708E1,1.257369995E0,8.205471885E1
1.550963708E0,-1.469497681E0,-8.222967529E1,1.195297241E0,8.225149031E1
1.560951708E0,-1.639373779E0,-8.238854980E1,1.234420776E0,8.241410365E1
1.570940708E0,-1.587631226E0,-8.213629150E1,1.105606079E0,8.215907326E1
1.580928708E0,-1.646865845E0,-8.231542969E1,1.195480347E0,8.234058116E1
1.590917708E0,-1.528671265E0,-8.204598999E1,1.219390869E0,8.206928916E1
1.600905708E0,-1.547943115E0,-8.212042236E1,1.127288818E0,8.214274574E1
1.610893708E0,-1.513580322E0,-8.228961182E1,1.234268188E0,8.231278489E1
1.620882708E0,-1.576309204E0,-8.223361206E1,1.269226074E0,8.225851104E1
1.630870708E0,-1.570877075E0,-8.243969727E1,1.292648315E0,8.246479418E1
1.640858708E0,-1.431488037E0,-8.209020996E1,1.521713257E0,8.211679086E1
1.650847708E0,-1.393630981E0,-8.216366577E1,1.449661255E0,8.218826983E1
1.660835708E0,-1.333587646E0,-8.227432251E1,1.667907715E0,8.230203228E1
1.670823708E0,-1.406829834E0,-8.206570435E1,1.493972778E0,8.209135737E1
1.680812708E0,-1.493377686E0,-8.239013672E1,1.496582031E0,8.241725889E1
1.690800708E0,-1.251205444E0,-8.206829834E1,1.835525513E0,8.209835724E1
1.700788708E0,-1.446533203E0,-8.219415283E1,1.679473877E0,8.222403451E1
1.710777708E0,-1.543029785E0,-8.242242432E1,1.636611938E0,8.245311073E1
1.720765708E0,-1.409622192E0,-8.228616333E1,1.713577271E0,8.231607411E1
1.730753708E0,-1.512619019E0,-8.249069214E1,1.805099487E0,8.252430363E1
1.740742708E0,-1.355453491E0,-8.218408203E1,1.851196289E0,8.221610257E1
1.750730708E0,-1.398742676E0,-8.241574097E1,1.775634766E0,8.244673262E1
1.760719708E0,-1.495025635E0,-8.257730103E1,1.844726562E0,8.261143240E1
1.770707708E0,-1.221343994E0,-8.244067383E1,1.812713623E0,8.246964480E1
1.780695708E0,-1.332977295E0,-8.264810181E1,1.887603760E0,8.268040039E1
1.790684708E0,-1.272048950E0,-8.227487183E1,2.073089600E0,8.231081547E1
1.800672708E0,-1.236831665E0,-8.252368164E1,1.888244629E0,8.255454713E1
1.810660708E0,-1.386123657E0,-8.274621582E1,2.133331299E0,8.278531678E1
1.820649708E0,-1.309204102E0,-8.252264404E1,2.012161255E0,8.255755319E1
1.830637708E0,-1.393722534E0,-8.264431763E1,2.058090210E0,8.268168742E1
1.840625708E0,-1.232055664E0,-8.236444092E1,2.111495972E0,8.240071301E1
1.850614708E0,-1.156051636E0,-8.252969360E1,2.096389771E0,8.256440899E1
1.860602708E0,-1.199340820E0,-8.279388428E1,2.286239624E0,8.283412693E1
1.870590708E0,-1.080535889E0,-8.253857422E1,2.448837280E0,8.258196290E1
1.880579708E0,-1.142120361E0,-8.273187256E1,2.504394531E0,8.277764896E1
1.890567708E0,-1.071380615E0,-8.239047241E1,2.541046143E0,8.243661029E1
1.900556708E0,-1.076965332E0,-8.246130371E1,2.645935059E0,8.251077164E1
1.910544708E0,-1.269927979E0,-8.276571655E1,2.385894775E0,8.280983666E1
1.920532708E0,-1.187927246E0,-8.260833740E1,2.595718384E0,8.265764534E1
1.930521708E0,-1.330764771E0,-8.277725220E1,2.519943237E0,8.282629130E1
1.940509708E0,-1.313415527E0,-8.260256958E1,2.813400269E0,8.266090238E1
1.950497708E0,-1.279449463E0,-8.272482300E1,2.659042358E0,8.277743556E1
1.960486708E0,-1.305709839E0,-8.289895630E1,2.708999634E0,8.295348403E1
1.970474708E0,-1.257385254E0,-8.270199585E1,2.573410034E0,8.275157747E1
1.980462708E0,-1.424255371E0,-8.293927002E1,2.495651245E0,8.298903114E1
1.990451708E0,-1.259246826E0,-8.269412231E1,2.766006470E0,8.274995081E1
2.000439708E0,-1.240524292E0,-8.280996704E1,2.643371582E0,8.286143225E1
2.010427708E0,-1.334121704E0,-8.302194214E1,2.534698486E0,8.307133954E1
2.020416708E0,-1.212020874E0,-8.287463379E1,2.717971802E0,8.292804888E1
2.030404708E0,-1.205932617E0,-8.299313354E1,2.727523804E0,8.304669696E1
2.040392708E0,-1.215194702E0,-8.268145752E1,2.841384888E0,8.273919013E1
2.050381708E0,-1.243560791E0,-8.290219116E1,2.728683472E0,8.295640696E1
2.060369708E0,-1.383911133E0,-8.318307495E1,2.781250000E0,8.324106270E1
2.070358708E0,-1.273849487E0,-8.299273682E1,2.942703247E0,8.305466007E1
2.080346708E0,-1.299255371E0,-8.315432739E1,3.084381104E0,8.322165365E1
2.090334708E0,-1.231567383E0,-8.284490967E1,3.112670898E0,8.291251134E1
2.100323708E0,-1.327362061E0,-8.315960693E1,3.046005249E0,8.322595907E1
2.110311708E0,-1.333297729E0,-8.324935913E1,3.002960205E0,8.331417195E1
2.120299708E0,-1.291412354E0,-8.313226318E1,3.335876465E0,8.320918819E1
2.130288708E0,-1.398361206E0,-8.329342651E1,3.433135986E0,8.337587623E1
2.140276708E0,-1.387634277E0,-8.294827271E1,3.277679443E0,8.302460272E1
2.150264708E0,-1.310913086E0,-8.321502686E1,3.332336426E0,8.329203836E1
2.160253708E0,-1.330093384E0,-8.341998291E1,3.224121094E0,8.349285990E1
2.170241708E0,-1.402801514E0,-8.316641235E1,3.377456665E0,8.324678498E1
2.180229708E0,-1.341964722E0,-8.333502197E1,3.457962036E0,8.341752968E1
2.190218708E0,-1.212524414E0,-8.299487305E1,3.591842651E0,8.308140888E1
2.200206708E0,-1.234786987E0,-8.324035645E1,3.610809326E0,8.332778399E1
2.210194708E0,-1.306533813E0,-8.340750122E1,3.864471436E0,8.350719987E1
2.220183708E0,-1.292404175E0,-8.321743774E1,3.984115601E0,8.332277858E1
2.230171708E0,-1.290679932E0,-8.339782715E1,3.785324097E0,8.349366507E1
2.240160708E0,-1.155120850E0,-8.307315063E1,4.071777344E0,8.318089944E1
2.250148708E0,-1.295272827E0,-8.329318237E1,3.822769165E0,8.339091992E1
2.260136708E0,-1.455688477E0,-8.356649780E1,4.119308472E0,8.368062671E1
2.270125708E0,-1.203491211E0,-8.335720825E1,4.015029907E0,8.346252467E1
2.280113042E0,-1.342987061E0,-8.357177734E1,3.865310669E0,8.367189617E1
2.290101042E0,-1.340881348E0,-8.321795654E1,3.915664673E0,8.332081783E1
2.300090042E0,-1.380859375E0,-8.345962524E1,3.907546997E0,8.356246012E1
2.310078042E0,-1.434570312E0,-8.374987793E1,4.162780762E0,8.386553994E1
2.320066042E0,-1.372604370E0,-8.337396240E1,4.331146240E0,8.349766750E1
2.330055042E0,-1.168304443E0,-8.351260376E1,4.304809570E0,8.363164059E1
2.340043042E0,-1.213455200E0,-8.327255249E1,4.378524780E0,8.339641450E1
2.350031042E0,-1.295593262E0,-8.357894897E1,4.430786133E0,8.370633870E1
2.360020042E0,-1.428833008E0,-8.374957275E1,4.373443604E0,8.387585773E1
2.370008042E0,-1.254226685E0,-8.357464600E1,4.350128174E0,8.369718127E1
2.379996042E0,-1.320800781E0,-8.359899902E1,4.325698853E0,8.372125670E1
2.389985042E0,-1.162063599E0,-8.337796021E1,4.505294800E0,8.350767822E1
2.399973042E0,-1.201004028E0,-8.351678467E1,4.326736450E0,8.363741017E1
2.409962042E0,-1.283767700E0,-8.383914185E1,4.627456665E0,8.397656292E1
2.419950042E0,-1.305480957E0,-8.375982666E1,4.621795654E0,8.389740066E1
2.429938042E0,-1.328735352E0,-8.393884277E1,4.588531494E0,8.407466613E1
2.439927042E0,-1.227111816E0,-8.362905884E1,4.715927124E0,8.377090935E1
2.449915042E0,-1.364089966E0,-8.382528687E1,4.872619629E0,8.397786543E1
2.459903042E0,-1.431320190E0,-8.404342651E1,4.740890503E0,8.418920513E1
2.469892042E0,-1.396514893E0,-8.379901123E1,4.812683105E0,8.394871325E1
2.479880042E0,-1.439163208E0,-8.400143433E1,4.737533569E0,8.414723040E1
2.489868042E0,-1.345993042E0,-8.369332886E1,5.031890869E0,8.385526172E1
2.499857042E0,-1.227615356E0,-8.396453857E1,4.935638428E0,8.411843617E1
2.509845042E0,-1.330322266E0,-8.393392944E1,4.926025391E0,8.408888152E1
2.519833042E0,-1.113998413E0,-8.381643677E1,4.981292725E0,8.397171751E1
2.529822042E0,-1.255126953E0,-8.383810425E1,4.978240967E0,8.399515433E1
2.539810042E0,-1.032913208E0,-8.356399536E1,5.089752197E0,8.372522803E1
2.549798042E0,-9.880676270E-1,-8.385165405E1,5.086685181E0,8.401160950E1
2.559787042E0,-1.180084229E0,-8.415884399E1,5.177856445E0,8.432623446E1
2.569775042E0,-1.104019165E0,-8.385809326E1,5.166488647E0,8.402434926E1
2.579764042E0,-1.190841675E0,-8.401889038E1,5.103332520E0,8.418215991E1
2.589752042E0,-1.120361328E0,-8.385885620E1,5.256408691E0,8.403090387E1
2.599740042E0,-1.169403076E0,-8.399160767E1,5.354003906E0,8.417020268E1
2.609729042E0,-1.180130005E0,-8.409680176E1,5.307266235E0,8.427236705E1
2.619717042E0,-1.198684692E0,-8.388595581E1,5.642639160E0,8.408406391E1
2.629705042E0,-1.277862549E0,-8.404791260E1,5.502441406E0,8.423752968E1
2.639694042E0,-1.227127075E0,-8.378591919E1,5.627502441E0,8.398365840E1
2.649682042E0,-1.218704224E0,-8.401269531E1,5.439285278E0,8.419741111E1
2.659670042E0,-1.223861694E0,-8.427923584E1,5.780029297E0,8.448607086E1
2.669659042E0,-1.173095703E0,-8.401977539E1,5.757125854E0,8.422495656E1
2.679647042E0,-1.249786377E0,-8.411056519E1,5.798919678E0,8.431949129E1
2.689635042E0,-1.053588867E0,-8.388662720E1,6.128433228E0,8.411678766E1
2.699624042E0,-1.034835815E0,-8.401147461E1,5.897750854E0,8.422459389E1
2.709612042E0,-1.207244873E0,-8.426309204E1,5.834823608E0,8.447349458E1
2.719600042E0,-1.061065674E0,-8.412689209E1,6.030380249E0,8.434942394E1
2.729589042E0,-1.015808105E0,-8.426803589E1,5.886947632E0,8.447952350E1
2.739577042E0,-9.730072021E-1,-8.391824341E1,6.137405396E0,8.414800095E1
2.749565042E0,-1.011688232E0,-8.421017456E1,5.996612549E0,8.442947575E1
2.759554042E0,-1.096130371E0,-8.442028809E1,6.163513184E0,8.465208466E1
2.769542042E0,-1.003585815E0,-8.418743896E1,5.919219971E0,8.440123950E1
2.779531042E0,-1.017333984E0,-8.447659302E1,5.793914795E0,8.468116192E1
2.789519042E0,-9.351959229E-1,-8.406378174E1,6.158203125E0,8.429423146E1
2.799507042E0,-1.034500122E0,-8.423171997E1,6.190689087E0,8.446524416E1
2.809496042E0,-1.012771606E0,-8.457391357E1,6.321731567E0,8.481589977E1
2.819484042E0,-8.260498047E-1,-8.422952271E1,6.430450439E0,8.447866918E1
2.829472042E0,-8.838348389E-1,-8.437042236E1,6.336853027E0,8.461267659E1
2.839461042E0,-7.238006592E-1,-8.410476685E1,6.655838013E0,8.437082359E1
2.849449042E0,-8.975219727E-1,-8.452877808E1,6.345458984E0,8.477136733E1
2.859437042E0,-8.788757324E-1,-8.461026001E1,6.436416626E0,8.485927162E1
2.869426042E0,-7.698211670E-1,-8.434564209E1,6.616165161E0,8.460823604E1
2.879414042E0,-8.482818604E-1,-8.452072144E1,6.493545532E0,8.477404124E1
2.889402042E0,-8.159942627E-1,-8.427923584E1,6.814559937E0,8.455822649E1
2.899391042E0,-8.355712891E-1,-8.450198364E1,6.630752563E0,8.476585573E1
2.909379042E0,-9.349365234E-1,-8.468020630E1,6.564727783E0,8.493943193E1
2.919367042E0,-9.010162354E-1,-8.453540039E1,6.664489746E0,8.480248330E1
2.929356042E0,-9.476318359E-1,-8.464746094E1,6.843551636E0,8.492893999E1
2.939344042E0,-9.128570557E-1,-8.440451050E1,6.859741211E0,8.468772491E1
2.949333042E0,-1.075271606E0,-8.458547974E1,6.750167847E0,8.486120643E1
2.959321042E0,-8.757324219E-1,-8.470541382E1,6.943450928E0,8.499403243E1
2.969309042E0,-9.013519287E-1,-8.455355835E1,7.028839111E0,8.484999260E1
2.979298042E0,-9.173278809E-1,-8.470025635E1,7.040100098E0,8.499728187E1
2.989286042E0,-8.474273682E-1,-8.443014526E1,7.235351562E0,8.474383679E1
2.999274042E0,-8.547515869E-1,-8.467678833E1,7.010253906E0,8.497077581E1
3.009263042E0,-8.648529053E-1,-8.483779907E1,7.452346802E0,8.516887691E1
3.019251042E0,-9.212188721E-1,-8.465570068E1,7.303329468E0,8.497514298E1
3.029239042E0,-9.415435791E-1,-8.482241821E1,7.289230347E0,8.514024909E1
3.039228042E0,-6.769866943E-1,-8.458795166E1,7.579986572E0,8.492959480E1
3.049216042E0,-7.292785645E-1,-8.483422852E1,7.594421387E0,8.517660131E1
3.059204042E0,-7.292785645E-1,-8.483422852E1,7.594421387E0,8.517660131E1
3.069193042E0,-9.060211182E-1,-8.507574463E1,7.672042847E0,8.542577737E1
3.079181042E0,-9.340057373E-1,-8.483520508E1,7.691131592E0,8.518824973E1
3.089169042E0,-1.013442993E0,-8.500051880E1,7.573242188E0,8.534324379E1
3.099158042E0,-8.782653809E-1,-8.463656616E1,7.830703735E0,8.500258586E1
3.109146042E0,-8.887176514E-1,-8.484518433E1,7.878280640E0,8.521480170E1
3.119135042E0,-8.792114258E-1,-8.505001831E1,7.931686401E0,8.542359321E1
3.129123042E0,-7.677001953E-1,-8.480111694E1,7.939636230E0,8.517544612E1
3.139111042E0,-7.450256348E-1,-8.502688599E1,8.053604126E0,8.541069572E1
3.149100042E0,-6.797027588E-1,-8.481283569E1,8.266098022E0,8.521741295E1
3.159088042E0,-7.421569824E-1,-8.500823975E1,8.536819458E0,8.543903621E1
3.169076042E0,-7.972869873E-1,-8.505767822E1,8.631759644E0,8.549825475E1
3.179065042E0,-6.865386963E-1,-8.480609131E1,8.477478027E0,8.523152053E1
3.189053042E0,-6.175231934E-1,-8.497042847E1,8.381668091E0,8.538505378E1
3.199041042E0,-5.665435791E-1,-8.479019165E1,8.533691406E0,8.522042866E1
3.209030042E0,-6.714019775E-1,-8.501208496E1,8.556732178E0,8.544426859E1
3.219018042E0,-7.736206055E-1,-8.512640381E1,8.606277466E0,8.556384240E1
3.229006042E0,-6.480255127E-1,-8.502581787E1,8.566696167E0,8.545874984E1
3.238995042E0,-6.312866211E-1,-8.507189941E1,8.531814575E0,8.550098510E1
3.248983042E0,-5.646057129E-1,-8.489443970E1,8.638000488E0,8.533463379E1
3.258971042E0,-7.053222656E-1,-8.514355469E1,8.597747803E0,8.557945812E1
3.268960042E0,-6.721191406E-1,-8.515756226E1,8.670196533E0,8.560043494E1
3.278948042E0,-4.048004150E-1,-8.486389160E1,8.607376099E0,8.530023965E1
3.288937417E0,-5.412750244E-1,-8.504879761E1,8.474441528E0,8.547167433E1
3.298925417E0,-5.903167725E-1,-8.487509155E1,8.639617920E0,8.531572327E1
3.308913417E0,-5.500488281E-1,-8.504736328E1,8.604690552E0,8.548331565E1
3.318902417E0,-4.797973633E-1,-8.566131592E1,9.190780640E0,8.615429008E1
3.328890417E0,-5.053863525E-1,-8.559277344E1,9.254806519E0,8.609314563E1
3.338878417E0,-4.555511475E-1,-8.564276123E1,9.285888672E0,8.614590998E1
3.348867417E0,-2.473907471E-1,-8.543804932E1,9.279754639E0,8.594088270E1
3.358855417E0,-2.666168213E-1,-8.565536499E1,9.410629272E0,8.617118184E1
3.368843417E0,-5.717773438E-1,-8.595733643E1,9.271636963E0,8.645781553E1
3.378832417E0,-3.416748047E-1,-8.572393799E1,9.399887085E0,8.623843785E1
3.388820417E0,-4.543914795E-1,-8.587414551E1,9.376312256E0,8.638570813E1
3.398808417E0,-4.705505371E-1,-8.562457275E1,9.384338379E0,8.613857837E1
3.408797417E0,-4.302062988E-1,-8.577212524E1,9.535919189E0,8.630165874E1
3.418785417E0,-5.191040039E-1,-8.604959106E1,9.475234985E0,8.657125198E1
3.428773417E0,-2.131347656E-1,-8.558541870E1,9.570892334E0,8.611916918E1
3.438762417E0,-3.015289307E-1,-8.575335693E1,9.519393921E0,8.628063517E1
3.448750417E0,-2.231903076E-1,-8.551284790E1,9.625350952E0,8.605314841E1
3.458738417E0,-3.811645508E-1,-8.590982056E1,9.582946777E0,8.644348109E1
3.468727417E0,-4.032592773E-1,-8.603182983E1,9.892654419E0,8.659967075E1
3.478715417E0,-3.567504883E-1,-8.571783447E1,9.864410400E0,8.628430338E1
3.488704417E0,-4.876708984E-1,-8.600714111E1,9.765884399E0,8.656118439E1
3.498692417E0,-3.079681396E-1,-8.580087280E1,1.006959534E1,8.639028515E1
3.508680417E0,-2.320861816E-1,-8.588354492E1,9.990081787E0,8.646293360E1
3.518669417E0,-2.344512939E-1,-8.600192261E1,1.018634033E1,8.660339017E1
3.528657417E0,-2.070922852E-1,-8.585461426E1,1.018870544E1,8.645731545E1
3.538645417E0,-2.525482178E-1,-8.622778320E1,1.035186768E1,8.684731165E1
3.548634417E0,-1.429595947E-1,-8.588562012E1,1.060398865E1,8.653788047E1
3.558622417E0,-2.778778076E-1,-8.618432617E1,1.058920288E1,8.683286539E1
3.568610417E0,-4.134979248E-1,-8.647946167E1,1.081950378E1,8.715463231E1
3.578599417E0,-8.860778809E-2,-8.605743408E1,1.091555786E1,8.674698390E1
3.588587417E0,-1.929016113E-1,-8.635217285E1,1.073826599E1,8.701750010E1
3.598575417E0,-1.649932861E-1,-8.620425415E1,1.077955627E1,8.687577044E1
3.608564417E0,-2.256469727E-1,-8.635104370E1,1.070050049E1,8.701180595E1
3.618552417E0,-2.326049805E-1,-8.654385376E1,1.083245850E1,8.721946392E1
3.628540417E0,-2.336425781E-1,-8.617358398E1,1.110786438E1,8.688685641E1
3.638529417E0,-1.479034424E-1,-8.641271973E1,1.110552979E1,8.712354904E1
3.648517417E0,-1.424407959E-1,-8.612380981E1,1.122961426E1,8.685295126E1
3.658506417E0,-1.694946289E-1,-8.648129272E1,1.139576721E1,8.722904465E1
3.668494417E0,-1.468658447E-1,-8.650210571E1,1.128813171E1,8.723564512E1
3.678482417E0,-1.544494629E-1,-8.628167725E1,1.144543457E1,8.703763356E1
3.688471417E0,-2.600402832E-1,-8.653997803E1,1.135612488E1,8.728228337E1
3.698459417E0,-1.609039307E-1,-8.631936646E1,1.150477600E1,8.708282716E1
3.708447417E0,-3.053283691E-1,-8.653875732E1,1.178901672E1,8.733859777E1
3.718436417E0,-2.421569824E-1,-8.678012085E1,1.158627319E1,8.755049823E1
3.728424417E0,-3.950500488E-2,-8.669888306E1,1.170864868E1,8.748594366E1
3.738412417E0,-1.584167480E-1,-8.686822510E1,1.180879211E1,8.766733256E1
3.748401417E0,-2.336578369E-1,-8.659393311E1,1.224980164E1,8.745639763E1
3.758389417E0,-6.132507324E-2,-8.674502563E1,1.206184387E1,8.757962840E1
3.768377417E0,-1.499176025E-1,-8.697848511E1,1.226324463E1,8.783886677E1
3.778366417E0,-5.082702637E-2,-8.667681885E1,1.224922180E1,8.753808853E1
3.788354417E0,-1.277770996E-1,-8.694180298E1,1.234503174E1,8.781396951E1
3.798342417E0,7.781982422E-2,-8.671081543E1,1.270904541E1,8.763727177E1
3.808331417E0,6.349182129E-2,-8.697781372E1,1.264532471E1,8.789225420E1
3.818319417E0,-1.647949219E-3,-8.716641235E1,1.276242065E1,8.809575941E1
3.828307417E0,1.497192383E-1,-8.685159302E1,1.307978821E1,8.783110204E1
3.838296417E0,2.746582031E-2,-8.712625122E1,1.302471924E1,8.809442501E1
3.848284417E0,1.483917236E-1,-8.681848145E1,1.303944397E1,8.779235638E1
3.858273417E0,2.777099609E-3,-8.709362793E1,1.324443054E1,8.809492025E1
3.868261417E0,-1.142578125E-1,-8.732278442E1,1.321780396E1,8.831756380E1
3.878249417E0,3.504943848E-2,-8.709500122E1,1.333489990E1,8.810993146E1
3.888238417E0,-1.103363037E-1,-8.735369873E1,1.319715881E1,8.834503867E1
3.898226417E0,-1.063537598E-2,-8.717205811E1,1.372702026E1,8.824624022E1
3.908214417E0,3.384399414E-2,-8.734762573E1,1.364343262E1,8.840674250E1
3.918203417E0,-1.045074463E-1,-8.756903076E1,1.379132080E1,8.864844387E1
3.928191417E0,-2.349853516E-3,-8.732904053E1,1.403302002E1,8.844934695E1
3.938179417E0,-1.104736328E-1,-8.745849609E1,1.396070862E1,8.856580677E1
3.948168417E0,-3.895568848E-2,-8.724240112E1,1.430499268E1,8.840741421E1
3.958156417E0,-1.700286865E-1,-8.765005493E1,1.408963013E1,8.877543983E1
3.968144417E0,-1.757965088E-1,-8.785003662E1,1.405982971E1,8.896818898E1
3.978133417E0,-2.094421387E-1,-8.760848999E1,1.415216064E1,8.874443664E1
3.988121417E0,-1.918334961E-1,-8.774200439E1,1.415287781E1,8.887631904E1
3.998109417E0,-1.594543457E-1,-8.755917358E1,1.455354309E1,8.876057639E1
4.008098417E0,-1.505737305E-1,-8.769918823E1,1.444262695E1,8.888059272E1
4.018086417E0,-2.821044922E-1,-8.798999023E1,1.482560730E1,8.923069313E1
4.028075417E0,-9.458923340E-2,-8.780874634E1,1.489955139E1,8.906391813E1
4.038063417E0,-1.361846924E-1,-8.802285767E1,1.491534424E1,8.927771005E1
4.048051417E0,1.342315674E-1,-8.764547729E1,1.516198730E1,8.894736403E1
4.058040417E0,-2.668762207E-2,-8.795977783E1,1.493482971E1,8.921867723E1
4.068028417E0,1.850891113E-2,-8.803106689E1,1.528985596E1,8.934902784E1
4.078016417E0,1.936187744E-1,-8.781625366E1,1.561973572E1,8.919477585E1
4.088005417E0,1.911010742E-1,-8.810702515E1,1.559573364E1,8.947687583E1
4.097993417E0,1.429138184E-1,-8.791622925E1,1.562023926E1,8.929320055E1
4.107981417E0,7.630920410E-2,-8.810327148E1,1.560667419E1,8.947491575E1
4.117970417E0,-3.742980957E-2,-8.878103638E1,1.536607361E1,9.010099910E1
4.127958417E0,1.036529541E-1,-8.850164795E1,1.550588989E1,8.984979162E1
4.137946417E0,5.746459961E-2,-8.872811890E1,1.578511047E1,9.012131878E1
4.147935417E0,7.678222656E-2,-8.860180664E1,1.596125793E1,9.002803891E1
4.157923417E0,5.517578125E-2,-8.883178711E1,1.588868713E1,9.024156373E1
4.167911417E0,8.070373535E-2,-8.899761963E1,1.590316772E1,9.040737556E1
4.177900417E0,2.282409668E-1,-8.876083374E1,1.608666992E1,9.020708758E1
4.187888417E0,2.508087158E-1,-8.895776367E1,1.623277283E1,9.042703985E1
4.197876417E0,3.920135498E-1,-8.887020874E1,1.639653015E1,9.037097918E1
4.207865417E0,3.869171143E-1,-8.905017090E1,1.607450867E1,9.049017886E1
4.217853417E0,2.808380127E-1,-8.914279175E1,1.655430603E1,9.066731075E1
4.227842417E0,3.101348877E-1,-8.908212280E1,1.656115723E1,9.060901012E1
4.237830417E0,3.532104492E-1,-8.915402222E1,1.657873535E1,9.068306844E1
4.247818417E0,5.011596680E-1,-8.897293091E1,1.673780823E1,9.053500881E1
4.257807417E0,3.767700195E-1,-8.923803711E1,1.686410522E1,9.081832011E1
4.267795417E0,4.539642334E-1,-8.940405273E1,1.688452148E1,9.098559114E1
4.277783417E0,5.671234131E-1,-8.914880371E1,1.718261719E1,9.079137165E1
4.287771792E0,4.773406982E-1,-8.942077637E1,1.728308105E1,9.107693446E1
4.297759792E0,6.274871826E-1,-8.914089966E1,1.739303589E1,9.082406856E1
4.307747792E0,4.740142822E-1,-8.943395996E1,1.749783325E1,9.113085127E1
4.317736792E0,5.897064209E-1,-8.956881714E1,1.750233459E1,9.126473839E1
4.327724792E0,6.807708740E-1,-8.932730103E1,1.738137817E1,9.100517823E1
4.337712792E0,4.521179199E-1,-8.969146729E1,1.745687866E1,9.137563311E1
4.347701792E0,6.576385498E-1,-8.935491943E1,1.771885681E1,9.109715694E1
4.357689792E0,6.160888672E-1,-8.968795776E1,1.787789917E1,9.145451663E1
4.367677792E0,5.102844238E-1,-8.985818481E1,1.799118042E1,9.164298304E1
4.377666792E0,7.004241943E-1,-8.949557495E1,1.789981079E1,9.127076069E1
4.387654792E0,8.551483154E-1,-8.967199707E1,1.788778687E1,9.144272118E1
4.397643792E0,9.286193848E-1,-8.967733765E1,1.813061523E1,9.149648316E1
4.407631792E0,7.916259766E-1,-9.000817871E1,1.812771606E1,9.181891415E1
4.417619792E0,6.851806641E-1,-9.007681274E1,1.827761841E1,9.191503142E1
4.427608792E0,9.379119873E-1,-8.973135376E1,1.854393005E1,9.163226980E1
4.437596792E0,8.080596924E-1,-8.995416260E1,1.844657898E1,9.182962814E1
4.447584792E0,9.048614502E-1,-8.992050171E1,1.873471069E1,9.185589141E1
4.457573792E0,9.723358154E-1,-9.023049927E1,1.878865051E1,9.217104656E1
4.467561792E0,8.843994141E-1,-9.036700439E1,1.892451477E1,9.233154881E1
4.477549792E0,9.583282471E-1,-9.012573242E1,1.917564392E1,9.214809470E1
4.487538792E0,9.802246094E-1,-9.019674683E1,1.901733398E1,9.218499319E1
4.497526792E0,1.036788940E0,-8.999688721E1,1.919976807E1,9.202796169E1
4.507514792E0,9.335174561E-1,-9.044686890E1,1.926568604E1,9.248066937E1
4.517503792E0,9.233093262E-1,-9.068035889E1,1.927934265E1,9.271177401E1
4.527491792E0,1.139953613E0,-9.050027466E1,1.932073975E1,9.254669195E1
4.537479792E0,9.895629883E-1,-9.061868286E1,1.962158203E1,9.272395268E1
4.547468792E0,1.116912842E0,-9.045904541E1,1.969479370E1,9.258494094E1
4.557456792E0,9.706115723E-1,-9.085632324E1,1.996934509E1,9.303003979E1
4.567444792E0,9.692535400E-1,-9.106347656E1,2.016789246E1,9.327507760E1
4.577433792E0,1.057800293E0,-9.081872559E1,2.024633789E1,9.305414583E1
4.587421792E0,1.077758789E0,-9.104562378E1,2.011511230E1,9.324743919E1
4.597410792E0,1.198059082E0,-9.085891724E1,2.058943176E1,9.317028972E1
4.607398792E0,1.073547363E0,-9.106228638E1,2.060719299E1,9.337102820E1
4.617386792E0,1.193527222E0,-9.125323486E1,2.044287109E1,9.352266227E1
4.627375792E0,1.205810547E0,-9.094650269E1,2.056007385E1,9.324932690E1
4.637363792E0,1.232940674E0,-9.121057129E1,2.075040436E1,9.354927973E1
4.647351792E0,1.368286133E0,-9.109072876E1,2.096088409E1,9.348129083E1
4.657340792E0,1.190490723E0,-9.132598877E1,2.102072906E1,9.372152657E1
4.667328792E0,1.067001343E0,-9.156130981E1,2.118330383E1,9.398587292E1
4.677316792E0,1.226470947E0,-9.121331787E1,2.123183441E1,9.365983334E1
4.687305792E0,1.288314819E0,-9.143750000E1,2.123849487E1,9.388050823E1
4.697293792E0,1.271316528E0,-9.131985474E1,2.148151398E1,9.382104006E1
4.707281792E0,1.189163208E0,-9.160345459E1,2.140884399E1,9.407946430E1
4.717270792E0,1.188720703E0,-9.169375610E1,2.165026093E1,9.422256504E1
4.727258792E0,1.471939087E0,-9.141210938E1,2.185880280E1,9.400078513E1
4.737246792E0,1.321395874E0,-9.157061768E1,2.177989960E1,9.413441525E1
4.747235792E0,1.421096802E0,-9.149325562E1,2.222425079E1,9.416449789E1
4.757223792E0,1.346603394E0,-9.165121460E1,2.212639618E1,9.429388043E1
4.767212792E0,1.265808105E0,-9.191189575E1,2.243076324E1,9.461785239E1
4.777200792E0,1.538406372E0,-9.161920166E1,2.247274017E1,9.434759593E1
4.787188792E0,1.493453979E0,-9.183697510E1,2.249449158E1,9.456353711E1
4.797177792E0,1.626022339E0,-9.168609619E1,2.270021057E1,9.446842723E1
4.807165792E0,1.540740967E0,-9.207504272E1,2.262754059E1,9.482717421E1
4.817153792E0,1.556213379E0,-9.220223999E1,2.295619202E1,9.502979328E1
4.827142792E0,1.605819702E0,-9.200521851E1,2.296951294E1,9.484269826E1
4.837130792E0,1.567245483E0,-9.217178345E1,2.312140656E1,9.504048276E1
4.847118792E0,1.682128906E0,-9.212106323E1,2.346031189E1,9.507631715E1
4.857107792E0,1.647827148E0,-9.250833130E1,2.356617737E1,9.547707269E1
4.867095792E0,1.454971313E0,-9.267214966E1,2.369999695E1,9.566574162E1
4.877083792E0,1.756149292E0,-9.229144287E1,2.364237976E1,9.528775686E1
4.887072792E0,1.689178467E0,-9.242691040E1,2.351813507E1,9.538705241E1
4.897060792E0,1.751922607E0,-9.223999023E1,2.386105347E1,9.529236540E1
4.907048792E0,1.718643188E0,-9.251727295E1,2.384472656E1,9.555611186E1
4.917037792E0,1.560882568E0,-9.339138794E1,2.385854340E1,9.640341171E1
4.927025792E0,1.716308594E0,-9.328799438E1,2.409649658E1,9.636512211E1
4.937013792E0,1.731292725E0,-9.330511475E1,2.387399292E1,9.632657655E1
4.947002792E0,1.843109131E0,-9.325753784E1,2.395251465E1,9.630206838E1
4.956990792E0,1.732818604E0,-9.347000122E1,2.413489532E1,9.655121419E1
4.966979792E0,1.639434814E0,-9.354791260E1,2.415664673E1,9.663044696E1
4.976967792E0,1.779159546E0,-9.335180664E1,2.419400024E1,9.645244870E1
4.986955792E0,1.754425049E0,-9.355874634E1,2.423959351E1,9.666372079E1
4.996944792E0,1.997100830E0,-9.338504028E1,2.459731293E1,9.659079647E1
5.006932792E0,1.912277222E0,-9.363568115E1,2.460884857E1,9.683435866E1
5.016920792E0,1.878555298E0,-9.372796631E1,2.474517059E1,9.695764078E1
5.026909792E0,1.796417236E0,-9.348837280E1,2.474863434E1,9.672537343E1
5.036897792E0,1.771560669E0,-9.366784668E1,2.484407806E1,9.692281539E1
5.046885792E0,1.842041016E0,-9.350469971E1,2.513578796E1,9.684177724E1
5.056874792E0,1.771469116E0,-9.397280884E1,2.514009094E1,9.729363328E1
5.066862792E0,2.013092041E0,-9.395672607E1,2.533062744E1,9.733221255E1
5.076850792E0,2.081802368E0,-9.370391846E1,2.561948395E1,9.716540636E1
5.086839792E0,1.938842773E0,-9.394943237E1,2.555843353E1,9.738320430E1
5.096827792E0,2.081161499E0,-9.387359619E1,2.585403442E1,9.739103856E1
5.106815792E0,2.111160278E0,-9.410183716E1,2.585321808E1,9.761148313E1
5.116804792E0,2.038452148E0,-9.434832764E1,2.614307404E1,9.792457575E1
5.126792792E0,2.150695801E0,-9.427398682E1,2.633901978E1,9.790788551E1
5.136780792E0,2.090942383E0,-9.450363159E1,2.635166931E1,9.813113114E1
5.146769792E0,2.193283081E0,-9.426757812E1,2.668089294E1,9.799518776E1
5.156757792E0,2.110031128E0,-9.466735840E1,2.658292389E1,9.835147594E1
5.166746792E0,2.062561035E0,-9.476007080E1,2.701340485E1,9.855683242E1
5.176734792E0,2.245254517E0,-9.449203491E1,2.699088287E1,9.829696632E1
5.186722792E0,2.167907715E0,-9.475900269E1,2.709172058E1,9.857956045E1
5.196711792E0,2.300765991E0,-9.451672363E1,2.749964905E1,9.846286238E1
5.206699792E0,2.250900269E0,-9.497326660E1,2.748353577E1,9.889556441E1
5.216687792E0,2.236724854E0,-9.499194336E1,2.772053528E1,9.897929237E1
5.226676792E0,2.368087769E0,-9.487622070E1,2.788706970E1,9.891811640E1
5.236664792E0,2.418090820E0,-9.505819702E1,2.823019409E1,9.919098670E1
5.246652792E0,2.573974609E0,-9.505053711E1,2.835845947E1,9.922415116E1
5.256641792E0,2.438827515E0,-9.527499390E1,2.858071136E1,9.949939399E1
5.266629792E0,2.330688477E0,-9.538159180E1,2.861027527E1,9.960736927E1
5.276617792E0,2.445861816E0,-9.534158325E1,2.885492706E1,9.964239335E1
5.286606833E0,2.617309570E0,-9.537258911E1,2.889044952E1,9.968670492E1
5.296594833E0,2.608444214E0,-9.534286499E1,2.940596008E1,9.980869889E1
5.306582833E0,2.561462402E0,-9.561694336E1,2.942432404E1,1.000747310E2
5.316571833E0,2.562377930E0,-9.659967041E1,2.938092804E1,1.010014903E2
5.326559833E0,2.767105103E0,-9.638104248E1,2.949858856E1,1.008321821E2
5.336548833E0,2.659240723E0,-9.666998291E1,2.962702942E1,1.011430572E2
5.346536833E0,2.897354126E0,-9.658642578E1,3.002188110E1,1.011861930E2
5.356524833E0,2.801803589E0,-9.699551392E1,2.983358002E1,1.015185812E2
5.366513833E0,2.764465332E0,-9.694995117E1,3.019740295E1,1.015815852E2
5.376501833E0,3.032577515E0,-9.679739380E1,3.045721436E1,1.015212977E2
5.386489833E0,2.905807495E0,-9.708645630E1,3.050904083E1,1.018087682E2
5.396478833E0,3.023849487E0,-9.699334717E1,3.070919037E1,1.017836305E2
5.406466833E0,3.062500000E0,-9.733230591E1,3.102618408E1,1.022036241E2
5.416454833E0,2.907455444E0,-9.757656860E1,3.138244629E1,1.025402261E2
5.426443833E0,2.900283813E0,-9.736141968E1,3.155070496E1,1.023870337E2
5.436431833E0,2.946136475E0,-9.759588623E1,3.149707794E1,1.025948471E2
5.446419833E0,3.052352905E0,-9.738952637E1,3.165810394E1,1.024513165E2
5.456408833E0,3.096252441E0,-9.771627808E1,3.172230530E1,1.027830844E2
5.466396833E0,3.175628662E0,-9.788003540E1,3.212229156E1,1.030651617E2
5.476385833E0,3.399612427E0,-9.775158691E1,3.243365479E1,1.030479115E2
5.486373833E0,3.314315796E0,-9.810421753E1,3.220772552E1,1.033090498E2
5.496361833E0,3.488189697E0,-9.801977539E1,3.259723663E1,1.033567785E2
5.506350833E0,3.400451660E0,-9.836376953E1,3.277539062E1,1.037363025E2
5.516338833E0,3.382171631E0,-9.838928223E1,3.285264587E1,1.037843258E2
5.526326833E0,3.389450073E0,-9.825711060E1,3.289382935E1,1.036723308E2
5.536315833E0,3.478408813E0,-9.847860718E1,3.305935669E1,1.039377528E2
5.546303833E0,3.664367676E0,-9.835485840E1,3.322505188E1,1.038797855E2
5.556291833E0,3.576858521E0,-9.888284302E1,3.343426514E1,1.044435764E2
5.566280833E0,3.697540283E0,-9.901904297E1,3.367431641E1,1.046537255E2
5.576268833E0,3.967590332E0,-9.885235596E1,3.401014709E1,1.046146269E2
5.586257833E0,3.817184448E0,-9.905438232E1,3.402951050E1,1.048062457E2
5.596245833E0,3.910095215E0,-9.899322510E1,3.426266479E1,1.048278477E2
5.606233833E0,3.898178101E0,-9.933529663E1,3.457003784E1,1.052510545E2
5.616222833E0,4.055862427E0,-9.938742065E1,3.473635101E1,1.053609201E2
5.626210833E0,4.011962891E0,-9.927899170E1,3.503289795E1,1.053551991E2
5.636198833E0,4.121368408E0,-9.956866455E1,3.511045837E1,1.056581702E2
5.646187833E0,4.397872925E0,-9.941345215E1,3.534596252E1,1.056016705E2
5.656175833E0,4.371429443E0,-9.977862549E1,3.552280426E1,1.060035524E2
5.666163833E0,4.433410645E0,-9.986441040E1,3.583419037E1,1.061915477E2
5.676152833E0,4.412750244E0,-9.972045898E1,3.619326782E1,1.061771865E2
5.686140833E0,4.333099365E0,-9.998553467E1,3.634079742E1,1.064731724E2
5.696128833E0,4.489944458E0,-9.992181396E1,3.641102600E1,1.064438412E2
5.706117833E0,4.560440063E0,-1.003385010E2,3.669445038E1,1.069350040E2
5.716105833E0,4.510925293E0,-1.007417908E2,3.683171844E1,1.073584293E2
5.726094833E0,4.721038818E0,-1.005092773E2,3.704689026E1,1.072234821E2
5.736082833E0,4.663452148E0,-1.008683777E2,3.720453644E1,1.076120576E2
5.746070833E0,4.766799927E0,-1.006445923E2,3.764282990E1,1.075594672E2
5.756059833E0,4.792129517E0,-1.009493103E2,3.772772980E1,1.078754344E2
5.766047833E0,4.975906372E0,-1.011080627E2,3.796681976E1,1.081160460E2
5.776035833E0,5.049179077E0,-1.009841003E2,3.828778839E1,1.081167770E2
5.786024833E0,4.998504639E0,-1.012906189E2,3.844823456E1,1.084575551E2
5.796012833E0,5.083740234E0,-1.012343750E2,3.886875916E1,1.085588483E2
5.806000833E0,5.134353638E0,-1.015916443E2,3.899502563E1,1.089395970E2
5.815989833E0,5.153701782E0,-1.016777649E2,3.938937378E1,1.091624994E2
5.825977833E0,5.321731567E0,-1.015096436E2,3.957794952E1,1.090822747E2
5.835966833E0,5.348754883E0,-1.017845154E2,3.995132446E1,1.094751345E2
5.845954833E0,5.369171143E0,-1.018080444E2,4.013534546E1,1.095652859E2
5.855942833E0,5.413619995E0,-1.021697693E2,4.014239502E1,1.099062369E2
5.865931833E0,5.490066528E0,-1.021340027E2,4.054692078E1,1.100252158E2
5.875919833E0,5.565551758E0,-1.021093140E2,4.089984894E1,1.101366651E2
5.885907833E0,5.630401611E0,-1.023295288E2,4.091693878E1,1.103504860E2
5.895896833E0,5.648529053E0,-1.022292480E2,4.112319183E1,1.103351347E2
5.905884833E0,5.657028198E0,-1.026583862E2,4.122268677E1,1.107702854E2
5.915872833E0,5.839553833E0,-1.026942139E2,4.154717255E1,1.109340773E2
5.925861833E0,6.115798950E0,-1.025823975E2,4.182025146E1,1.109481171E2
5.935849833E0,6.111038208E0,-1.029660034E2,4.217267609E1,1.114355296E2
5.945838833E0,6.209884644E0,-1.028644714E2,4.222096252E1,1.113654876E2
5.955826833E0,6.211334229E0,-1.031170349E2,4.242045593E1,1.116745210E2
5.965814833E0,6.327148438E0,-1.032413940E2,4.268317413E1,1.118958069E2
5.975803833E0,6.393356323E0,-1.032123413E2,4.274510956E1,1.118964110E2
5.985791833E0,6.476943970E0,-1.035108948E2,4.304060364E1,1.122895797E2
5.995779833E0,6.554367065E0,-1.034346619E2,4.327188873E1,1.123127124E2
6.005768833E0,6.559967041E0,-1.038540649E2,4.340235901E1,1.127495665E2
6.015756833E0,6.586334229E0,-1.040425110E2,4.374192047E1,1.130556478E2
6.025744833E0,6.637542725E0,-1.039385986E2,4.406253052E1,1.130875584E2
6.035733833E0,6.735412598E0,-1.043500061E2,4.422953796E1,1.135365209E2
6.045721833E0,6.830642700E0,-1.043621521E2,4.451937103E1,1.136665776E2
6.055710833E0,6.763397217E0,-1.046795044E2,4.439554596E1,1.139056921E2
6.065698833E0,6.779067993E0,-1.047070923E2,4.457344818E1,1.140014176E2
6.075686833E0,6.768096924E0,-1.046078796E2,4.489880371E1,1.140373544E2
6.085675833E0,6.818130493E0,-1.048869934E2,4.511705017E1,1.143823260E2
6.095663833E0,6.978790283E0,-1.048746643E2,4.536868286E1,1.144801996E2
6.105651833E0,6.964797974E0,-1.051974792E2,4.557118225E1,1.148553469E2
6.115640833E0,7.178207397E0,-1.054067993E2,4.561302185E1,1.150767907E2
6.125628833E0,7.232803345E0,-1.053964233E2,4.601253510E1,1.152296528E2
6.135616833E0,7.202941895E0,-1.056813049E2,4.625912476E1,1.155868816E2
6.145605833E0,7.330795288E0,-1.056035461E2,4.652632904E1,1.156310893E2
6.155593833E0,7.264190674E0,-1.060712891E2,4.706534576E1,1.162713791E2
6.165582833E0,7.360855103E0,-1.062221985E2,4.725733948E1,1.164928915E2
6.175570833E0,7.584091187E0,-1.060307617E2,4.758961487E1,1.164680742E2
6.185558833E0,7.592926025E0,-1.063817444E2,4.750598907E1,1.167542165E2
6.195547833E0,7.715637207E0,-1.062777405E2,4.792076874E1,1.168370201E2
6.205535833E0,7.568191528E0,-1.068098145E2,4.814154816E1,1.174019704E2
6.215523833E0,7.506790161E0,-1.069137878E2,4.842235565E1,1.176079694E2
6.225512833E0,7.783050537E0,-1.068264160E2,4.872187042E1,1.176702158E2
6.235500833E0,7.831253052E0,-1.071230774E2,4.867546082E1,1.179236309E2
6.245488833E0,7.890350342E0,-1.070396729E2,4.922936249E1,1.180816638E2
6.255477833E0,7.754211426E0,-1.074359131E2,4.941203308E1,1.185080260E2
6.265465833E0,7.887313843E0,-1.075469055E2,4.959638977E1,1.186943490E2
6.275453833E0,7.923339844E0,-1.073639832E2,4.970349884E1,1.185758913E2
6.285442917E0,8.008239746E0,-1.077853088E2,4.992145538E1,1.190544263E2
6.295430917E0,8.130508423E0,-1.077189026E2,5.032224274E1,1.191712854E2
6.305419917E0,8.223770142E0,-1.080155640E2,5.054914856E1,1.195416617E2
6.315407917E0,8.281585693E0,-1.082050781E2,5.116402435E1,1.199778354E2
6.325395917E0,8.438949585E0,-1.080421448E2,5.113996124E1,1.198316175E2
6.335384917E0,8.228118896E0,-1.084490051E2,5.112436676E1,1.201773254E2
6.345372917E0,8.484191895E0,-1.084264832E2,5.163901520E1,1.203946496E2
6.355360917E0,8.564193726E0,-1.089152527E2,5.176646423E1,1.208951798E2
6.365349917E0,8.606903076E0,-1.089726562E2,5.198394012E1,1.210431684E2
6.375337917E0,8.736251831E0,-1.089419861E2,5.245703125E1,1.212287860E2
6.385325917E0,8.636642456E0,-1.092500916E2,5.260073090E1,1.215607296E2
6.395314917E0,8.813125610E0,-1.092298889E2,5.289615631E1,1.216833726E2
6.405302917E0,8.780334473E0,-1.097387390E2,5.302565002E1,1.221941270E2
6.415291917E0,8.865081787E0,-1.097846375E2,5.352983856E1,1.224610138E2
6.425279917E0,9.158569336E0,-1.097435608E2,5.373441315E1,1.225353650E2
6.435267917E0,9.103927612E0,-1.099718323E2,5.382394409E1,1.227750070E2
6.445256917E0,9.361145020E0,-1.099056396E2,5.435594940E1,1.229693047E2
6.455244917E0,9.238433838E0,-1.104478760E2,5.467297363E1,1.235848535E2
6.465232917E0,9.300369263E0,-1.103861694E2,5.510668945E1,1.237269190E2
6.475221917E0,9.339859009E0,-1.104690552E2,5.538588715E1,1.239283729E2
6.485209917E0,9.341354370E0,-1.108912659E2,5.550223541E1,1.243568731E2
6.495197917E0,9.468444824E0,-1.110292053E2,5.599770355E1,1.247111811E2
6.505186917E0,9.435867310E0,-1.113612366E2,5.610404968E1,1.250520891E2
6.515174917E0,9.572814941E0,-1.129069824E2,5.571604919E1,1.262691712E2
6.525163917E0,9.814865112E0,-1.128373108E2,5.633518219E1,1.264999725E2
6.535151917E0,9.723815918E0,-1.131729431E2,5.668605804E1,1.269487173E2
6.545139917E0,9.844711304E0,-1.132155457E2,5.704602814E1,1.271570975E2
6.555128917E0,9.828643799E0,-1.135566711E2,5.713085175E1,1.274976628E2
6.565116917E0,9.877090454E0,-1.137372131E2,5.739151764E1,1.277790940E2
6.575104917E0,9.977569580E0,-1.136589355E2,5.774977875E1,1.278786240E2
6.585093917E0,1.003895569E1,-1.140382080E2,5.812886047E1,1.283918141E2
6.595081917E0,1.017025757E1,-1.141064453E2,5.858290863E1,1.286688470E2
6.605069917E0,1.006126404E1,-1.145397949E2,5.882253265E1,1.291537224E2
6.615058917E0,1.007263184E1,-1.146884155E2,5.914843750E1,1.294350348E2
6.625046917E0,1.028479004E1,-1.145944824E2,5.937139893E1,1.294705963E2
6.635034917E0,1.029998779E1,-1.149473572E2,5.968593597E1,1.299284250E2
6.645023917E0,1.039784241E1,-1.149883728E2,6.001296997E1,1.301230094E2
6.655011917E0,1.039912415E1,-1.153947144E2,6.007297516E1,1.305099392E2
6.665000917E0,1.058070374E1,-1.154897156E2,6.033304596E1,1.307283524E2
6.674988917E0,1.060032654E1,-1.153935547E2,6.053648376E1,1.307390732E2
6.684976917E0,1.082357788E1,-1.157812195E2,6.092134857E1,1.312777641E2
6.694965917E0,1.099159241E1,-1.159131775E2,6.114064789E1,1.315099184E2
6.704953917E0,1.094853210E1,-1.163632812E2,6.136055756E1,1.320053090E2
6.714941917E0,1.107250977E1,-1.164338989E2,6.176312256E1,1.322654021E2
6.724930917E0,1.125160217E1,-1.165320129E2,6.223987579E1,1.325900099E2
6.734918917E0,1.143806458E1,-1.167379761E2,6.246194458E1,1.328912296E2
6.744906917E0,1.157635498E1,-1.167966309E2,6.267284393E1,1.330539377E2
6.754895917E0,1.153594971E1,-1.173633118E2,6.284531403E1,1.336291831E2
6.764883917E0,1.143191528E1,-1.174420471E2,6.312281799E1,1.338200780E2
6.774871917E0,1.164578247E1,-1.172916260E2,6.345756531E1,1.338649034E2
6.784860917E0,1.154162598E1,-1.177295227E2,6.365245056E1,1.343319921E2
6.794848917E0,1.165635681E1,-1.177333984E2,6.405622101E1,1.345370700E2
6.804837917E0,1.181443787E1,-1.182574768E2,6.413748169E1,1.350482444E2
6.814825917E0,1.191629028E1,-1.183557739E2,6.440666962E1,1.352712323E2
6.824813917E0,1.190179443E1,-1.182261963E2,6.460591125E1,1.352516542E2
6.834802917E0,1.214854431E1,-1.186768799E2,6.497091675E1,1.358418528E2
6.844790917E0,1.226338196E1,-1.188033447E2,6.535971069E1,1.361488782E2
6.854778917E0,1.216786194E1,-1.191766357E2,6.554614258E1,1.365555718E2
6.864767917E0,1.236061096E1,-1.192907104E2,6.583300018E1,1.368102416E2
6.874755917E0,1.244419861E1,-1.192121887E2,6.617444611E1,1.369140655E2
6.884743917E0,1.243783569E1,-1.195953979E2,6.638504028E1,1.373489444E2
6.894732917E0,1.259283447E1,-1.196743774E2,6.648360443E1,1.374794739E2
6.904720917E0,1.251582336E1,-1.202760620E2,6.679689026E1,1.381477523E2
6.914708917E0,1.255603027E1,-1.216329956E2,6.613646698E1,1.390189619E2
6.924697917E0,1.265388489E1,-1.214405518E2,6.623545074E1,1.389066714E2
6.934685917E0,1.267576599E1,-1.218795776E2,6.648372650E1,1.394108761E2
6.944674917E0,1.264672852E1,-1.220822144E2,6.680311584E1,1.397378370E2
6.954662917E0,1.261685181E1,-1.225932922E2,6.683954620E1,1.401992339E2
6.964650917E0,1.284097290E1,-1.226392822E2,6.711244202E1,1.403900424E2
6.974639917E0,1.288986206E1,-1.225652161E2,6.723214722E1,1.403871160E2
6.984627917E0,1.298802185E1,-1.229708557E2,6.731709290E1,1.407910191E2
6.994615917E0,1.328259277E1,-1.229197693E2,6.755377197E1,1.408872211E2
7.004604917E0,1.330233765E1,-1.235413818E2,6.785878754E1,1.415776828E2
7.014592917E0,1.328036499E1,-1.237508240E2,6.803461456E1,1.418426710E2
7.024580917E0,1.346461487E1,-1.238148499E2,6.831488800E1,1.420504728E2
7.034569917E0,1.358766174E1,-1.242998047E2,6.843969727E1,1.425449338E2
7.044557917E0,1.362728882E1,-1.243587341E2,6.855821228E1,1.426570231E2
7.054546917E0,1.366343689E1,-1.247166138E2,6.877260590E1,1.430754856E2
7.064534917E0,1.366966248E1,-1.247616882E2,6.906313324E1,1.432552090E2
7.074522917E0,1.390367126E1,-1.247282410E2,6.934079742E1,1.433826780E2
7.084511917E0,1.404090881E1,-1.251889954E2,6.957659912E1,1.439108572E2
7.094499917E0,1.419779968E1,-1.253311157E2,6.981155396E1,1.441635153E2
7.104487917E0,1.407005310E1,-1.258515625E2,7.004967499E1,1.447188279E2
7.114476917E0,1.425563049E1,-1.259137573E2,7.039520264E1,1.449585521E2
7.124464917E0,1.443043518E1,-1.258590393E2,7.074459839E1,1.450983578E2
7.134452917E0,1.426683044E1,-1.264489746E2,7.111944580E1,1.457767512E2
7.144441917E0,1.444645691E1,-1.265343018E2,7.145816803E1,1.460338982E2
7.154429917E0,1.434234619E1,-1.269696960E2,7.130829620E1,1.463279868E2
7.164417917E0,1.464460754E1,-1.270101624E2,7.169035339E1,1.465795096E2
7.174406917E0,1.485484314E1,-1.271046753E2,7.190287781E1,1.467865412E2
7.184394917E0,1.489526367E1,-1.275591431E2,7.215148926E1,1.473059444E2
7.194382917E0,1.503231812E1,-1.275711365E2,7.250551605E1,1.475039501E2
7.204371917E0,1.500433350E1,-1.280976257E2,7.266545105E1,1.480351293E2
7.214359917E0,1.520880127E1,-1.282393188E2,7.311708069E1,1.484005998E2
7.224348917E0,1.538742065E1,-1.283195190E2,7.345861053E1,1.486567830E2
7.234336917E0,1.535653687E1,-1.287137756E2,7.367946625E1,1.491030617E2
7.244324917E0,1.553439331E1,-1.288634033E2,7.402701569E1,1.494225322E2
7.254313917E0,1.554736328E1,-1.293852539E2,7.416386414E1,1.499417993E2
7.264301917E0,1.573675537E1,-1.294645996E2,7.452021790E1,1.502064942E2
7.274289917E0,1.583343506E1,-1.295733948E2,7.480642700E1,1.504525301E2
7.284278917E0,1.587942505E1,-1.299247742E2,7.490930176E1,1.508111620E2
7.294267333E0,1.594219971E1,-1.300260315E2,7.526776123E1,1.510832833E2
7.304255333E0,1.589749146E1,-1.307105408E2,7.541012573E1,1.517387978E2
7.314244333E0,1.600543213E1,-1.314580994E2,7.504288483E1,1.522131411E2
7.324232333E0,1.616296387E1,-1.314113159E2,7.569985962E1,1.525144062E2
7.334220333E0,1.630838013E1,-1.319730530E2,7.597023773E1,1.531480558E2
7.344209333E0,1.640939331E1,-1.321035767E2,7.611463165E1,1.533429500E2
7.354197333E0,1.625741577E1,-1.326339722E2,7.610839081E1,1.537808873E2
7.364186333E0,1.637350464E1,-1.326099548E2,7.668871307E1,1.540605416E2
7.374174333E0,1.638244629E1,-1.327811584E2,7.685272217E1,1.542905100E2
7.384162333E0,1.626681519E1,-1.332481995E2,7.715699768E1,1.548318256E2
7.394151333E0,1.628842163E1,-1.332482300E2,7.737467194E1,1.549427098E2
7.404139333E0,1.613406372E1,-1.339046326E2,7.752351379E1,1.555655933E2
7.414127333E0,1.632843018E1,-1.340319519E2,7.783644104E1,1.558515105E2
7.424116333E0,1.639129639E1,-1.341025696E2,7.803127289E1,1.560161957E2
7.434104333E0,1.630364990E1,-1.346622925E2,7.823165131E1,1.565884200E2
7.444092333E0,1.640817261E1,-1.347845154E2,7.867224884E1,1.569248752E2
7.454081333E0,1.625241089E1,-1.353189087E2,7.896119690E1,1.575125980E2
7.464069333E0,1.622937012E1,-1.354273987E2,7.924753571E1,1.577470909E2
7.474057333E0,1.640173340E1,-1.355238647E2,7.957826233E1,1.580140330E2
7.484046333E0,1.635269165E1,-1.359804688E2,7.992290497E1,1.585741755E2
7.494034333E0,1.645651245E1,-1.361224060E2,8.047805786E1,1.589869303E2
7.504022333E0,1.650564575E1,-1.366882629E2,8.059277344E1,1.595346755E2
7.514011333E0,1.654809570E1,-1.368890076E2,8.119743347E1,1.600170712E2
7.523999333E0,1.656402588E1,-1.370430298E2,8.162525940E1,1.603678332E2
7.533988333E0,1.655911255E1,-1.374883728E2,8.203401947E1,1.609560102E2
7.543976333E0,1.671304321E1,-1.374905090E2,8.232931519E1,1.611244303E2
7.553964333E0,1.664456177E1,-1.382062378E2,8.282115173E1,1.619794702E2
7.563953333E0,1.692175293E1,-1.381861267E2,8.312158966E1,1.621448427E2
7.573941333E0,1.694296265E1,-1.382154541E2,8.362646484E1,1.624314051E2
7.583929333E0,1.698406982E1,-1.387231750E2,8.426995087E1,1.631992725E2
7.593918333E0,1.720175171E1,-1.388665771E2,8.477033997E1,1.636026804E2
7.603906333E0,1.713742065E1,-1.394349060E2,8.490904236E1,1.641503265E2
7.613894333E0,1.730606079E1,-1.394711304E2,8.556104279E1,1.645368894E2
7.623883333E0,1.748190308E1,-1.394744263E2,8.603630066E1,1.648058784E2
7.633871333E0,1.737023926E1,-1.401017151E2,8.649203491E1,1.655629424E2
7.643859333E0,1.756817627E1,-1.402572327E2,8.676597595E1,1.658585744E2
7.653848333E0,1.742056274E1,-1.408263245E2,8.723176575E1,1.665680360E2
7.663836333E0,1.756604004E1,-1.408435364E2,8.786040497E1,1.669278834E2
7.673825333E0,1.775082397E1,-1.410331421E2,8.836194611E1,1.673716596E2
7.683813333E0,1.788677979E1,-1.415208435E2,8.884189606E1,1.680504940E2
7.693801333E0,1.785055542E1,-1.416784058E2,8.912979126E1,1.683316152E2
7.703790333E0,1.791979980E1,-1.423780212E2,8.957051086E1,1.691611556E2
7.713778333E0,1.797434998E1,-1.446723328E2,8.816557312E1,1.703711519E2
7.723766333E0,1.816984558E1,-1.447290955E2,8.855531311E1,1.706420166E2
7.733755333E0,1.824507141E1,-1.451469116E2,8.875697327E1,1.711090555E2
7.743743333E0,1.838743591E1,-1.454502563E2,8.921481323E1,1.716192232E2
7.753731333E0,1.836915588E1,-1.461339722E2,8.949996948E1,1.723450268E2
7.763720333E0,1.851908875E1,-1.461940308E2,8.999681091E1,1.726704296E2
7.773708333E0,1.865892029E1,-1.465085144E2,9.041654205E1,1.731705840E2
7.783696333E0,1.866822815E1,-1.470502930E2,9.077427673E1,1.738167447E2
7.793685333E0,1.902180481E1,-1.473156128E2,9.144441986E1,1.744299308E2
7.803673333E0,1.930961609E1,-1.481099243E2,9.199286652E1,1.754197778E2
7.813661333E0,1.956504822E1,-1.482692871E2,9.250758362E1,1.758528522E2
7.823650333E0,1.976457214E1,-1.482999268E2,9.285110474E1,1.760818964E2
7.833638333E0,1.969929504E1,-1.487741699E2,9.296011353E1,1.765315795E2
7.843627333E0,1.996736145E1,-1.490368652E2,9.345645142E1,1.770446018E2
7.853615333E0,2.000340271E1,-1.495428772E2,9.397187042E1,1.777467881E2
7.863603333E0,2.025221252E1,-1.497727966E2,9.448103333E1,1.782377861E2
7.873592333E0,2.046571350E1,-1.500378113E2,9.502555847E1,1.787737313E2
7.883580333E0,2.069673157E1,-1.505553284E2,9.539207458E1,1.794293997E2
7.893568333E0,2.087825012E1,-1.508430786E2,9.611946106E1,1.800791117E2
7.903557333E0,2.089128113E1,-1.515492249E2,9.656795502E1,1.809115340E2
7.913545333E0,2.114250183E1,-1.515053711E2,9.742213440E1,1.813613937E2
7.923533333E0,2.137571716E1,-1.517764282E2,9.800521851E1,1.819286352E2
7.933522333E0,2.138957214E1,-1.522776184E2,9.832344055E1,1.825198231E2
7.943510333E0,2.162074280E1,-1.525655823E2,9.918180847E1,1.832504967E2
7.953498333E0,2.162922668E1,-1.531795959E2,9.969654083E1,1.840413332E2
7.963487333E0,2.175910950E1,-1.533710327E2,1.002857590E2,1.845355412E2
7.973475333E0,2.188288879E1,-1.536046143E2,1.008571777E2,1.850551503E2
7.983463333E0,2.190882874E1,-1.542642822E2,1.014979019E2,1.859550743E2
7.993452333E0,2.216004944E1,-1.545911865E2,1.020123291E2,1.865369080E2
8.003440333E0,2.233406067E1,-1.551494446E2,1.027444458E2,1.874208675E2
8.013429333E0,2.253132629E1,-1.552835693E2,1.034970932E2,1.879688694E2
8.023417333E0,2.270756531E1,-1.555788879E2,1.043482285E2,1.887034093E2
8.033405333E0,2.285914612E1,-1.563761597E2,1.050565796E2,1.897707269E2
8.043394333E0,2.298115540E1,-1.565491943E2,1.059151993E2,1.904043413E2
8.053382333E0,2.306480408E1,-1.571402893E2,1.064089966E2,1.911751298E2
8.063370333E0,2.308183289E1,-1.572670898E2,1.072922745E2,1.917741920E2
8.073359333E0,2.328584290E1,-1.574829712E2,1.082106476E2,1.924906776E2
8.083347333E0,2.322718811E1,-1.581722412E2,1.089505692E2,1.934636572E2
8.093335333E0,2.353691101E1,-1.582998962E2,1.098799286E2,1.941299617E2
8.103324333E0,2.354255676E1,-1.588609619E2,1.103443298E2,1.948510414E2
8.113312333E0,2.365040588E1,-1.596881409E2,1.097592468E2,1.952094677E2
8.123300333E0,2.391313171E1,-1.599568176E2,1.107097244E2,1.959965930E2
8.133289333E0,2.395332336E1,-1.605086670E2,1.113909073E2,1.968368058E2
8.143277333E0,2.410255432E1,-1.608929749E2,1.121787643E2,1.976146696E2
8.153265333E0,2.431214905E1,-1.615631104E2,1.133162537E2,1.988323227E2
8.163254333E0,2.441392517E1,-1.618004761E2,1.142270279E2,1.995576300E2
8.173242333E0,2.476008606E1,-1.620789185E2,1.152454987E2,2.004099864E2
8.183231333E0,2.489192200E1,-1.627596130E2,1.163218994E2,2.015963385E2
8.193219333E0,2.515950012E1,-1.630347900E2,1.174614563E2,2.025105847E2
8.203207333E0,2.544343567E1,-1.636899719E2,1.184428101E2,2.036430077E2
8.213196333E0,2.563945007E1,-1.639055481E2,1.194614029E2,2.044344317E2
8.223184333E0,2.591963196E1,-1.642274170E2,1.204939423E2,2.053320772E2
8.233172333E0,2.626976013E1,-1.648056641E2,1.213058014E2,2.063155463E2
8.243161333E0,2.660005188E1,-1.651332703E2,1.224224625E2,2.072771551E2
8.253149333E0,2.681480408E1,-1.658517761E2,1.234045029E2,2.084574697E2
8.263137333E0,2.708937073E1,-1.662242432E2,1.244055252E2,2.093825870E2
8.273126333E0,2.750263977E1,-1.665455627E2,1.251443710E2,2.101307528E2
8.283114333E0,2.753660583E1,-1.671754150E2,1.259793625E2,2.111319110E2
8.293102083E0,2.798573303E1,-1.675819702E2,1.270568848E2,2.121564752E2
8.303091083E0,2.820085144E1,-1.683633118E2,1.279022217E2,2.133083943E2
8.313079083E0,2.851359558E1,-1.684606628E2,1.287346802E2,2.139267116E2
8.323068083E0,2.899610901E1,-1.688017578E2,1.297146149E2,2.148503877E2
8.333056083E0,2.931617737E1,-1.696237488E2,1.307993622E2,2.161946520E2
8.343044083E0,2.968867493E1,-1.700637207E2,1.318326569E2,2.172163344E2
8.353033083E0,2.997642517E1,-1.709557190E2,1.328398590E2,2.185654869E2
8.363021083E0,3.044007874E1,-1.712713318E2,1.338826447E2,2.195108882E2
8.373009083E0,3.089561462E1,-1.716969299E2,1.347238922E2,2.204198310E2
8.382998083E0,3.120137024E1,-1.725080566E2,1.358175354E2,2.217632928E2
8.392986083E0,3.163154602E1,-1.730570068E2,1.371848297E2,2.230895780E2
8.402974083E0,3.189753723E1,-1.737735901E2,1.379627228E2,2.241616077E2
8.412963083E0,3.245738220E1,-1.741298523E2,1.391562195E2,2.252535028E2
8.422951083E0,3.300727844E1,-1.746653137E2,1.402499390E2,2.264232709E2
8.432939083E0,3.310316467E1,-1.756563416E2,1.411254272E2,2.277440582E2
8.442928083E0,3.358714294E1,-1.761766052E2,1.421152039E2,2.288296824E2
8.452916083E0,3.389512634E1,-1.771192017E2,1.429456024E2,2.301163541E2
8.462904083E0,3.418290710E1,-1.776147156E2,1.444820099E2,2.314962408E2
8.472893083E0,3.451814270E1,-1.780960693E2,1.458432312E2,2.327658913E2
8.482881083E0,3.479801941E1,-1.790144958E2,1.468335571E2,2.341307015E2
8.492869083E0,3.533021545E1,-1.794333496E2,1.474758759E2,2.349333630E2
8.502858083E0,3.564607239E1,-1.804216309E2,1.484274445E2,2.363330566E2
8.512846083E0,3.599336243E1,-1.809682922E2,1.496146698E2,2.375491409E2
8.522835083E0,3.637286377E1,-1.854239197E2,1.392239075E2,2.347089935E2
8.532823083E0,3.665835571E1,-1.863120117E2,1.403100128E2,2.360993445E2
8.542811083E0,3.694097900E1,-1.869196472E2,1.411087189E2,2.370975769E2
8.552800083E0,3.710821533E1,-1.879032898E2,1.421581879E2,2.385238276E2
8.562788083E0,3.749432373E1,-1.884437866E2,1.432736664E2,2.396752564E2
8.572776083E0,3.788027954E1,-1.890801697E2,1.441484375E2,2.407592120E2
8.582765083E0,3.814764404E1,-1.900878601E2,1.450698853E2,2.421443968E2
8.592753083E0,3.864385986E1,-1.906794434E2,1.463509674E2,2.434555477E2
8.602741083E0,3.888385010E1,-1.916127319E2,1.470886536E2,2.446680708E2
8.612730083E0,3.920553589E1,-1.918798218E2,1.481150513E2,2.455463469E2
8.622718083E0,3.963815308E1,-1.923776245E2,1.492163849E2,2.466695423E2
8.632706083E0,3.991769409E1,-1.935477905E2,1.503593292E2,2.483185402E2
8.642695083E0,4.045138550E1,-1.940453186E2,1.513778839E2,2.494096309E2
8.652683083E0,4.072143555E1,-1.950307922E2,1.521825256E2,2.507085287E2
8.662671083E0,4.111676025E1,-1.956207886E2,1.531670990E2,2.518297860E2
8.672660083E0,4.170889282E1,-1.961184692E2,1.539945679E2,2.528169548E2
8.682648083E0,4.207580566E1,-1.972223511E2,1.548998413E2,2.542852533E2
8.692637083E0,4.255700684E1,-1.978746338E2,1.560808868E2,2.555909090E2
8.702625083E0,4.277273560E1,-1.987493591E2,1.570513153E2,2.568967308E2
8.712613083E0,4.323281860E1,-1.993181458E2,1.580150757E2,2.580030309E2
8.722602083E0,4.366473389E1,-1.999987488E2,1.588391418E2,2.591061201E2
8.732590083E0,4.415042114E1,-2.009820251E2,1.595857086E2,2.604047475E2
8.742578083E0,4.476934814E1,-2.016964417E2,1.606143188E2,2.616920108E2
8.752567083E0,4.519656372E1,-2.028631897E2,1.613942871E2,2.631431531E2
8.762555083E0,4.574789429E1,-2.034381714E2,1.626346436E2,2.644427853E2
8.772543083E0,4.635025024E1,-2.039912720E2,1.636655579E2,2.656072280E2
8.782532083E0,4.664743042E1,-2.050571899E2,1.646924744E2,2.671105483E2
8.792520083E0,4.722140503E1,-2.059060669E2,1.657015533E2,2.684849610E2
8.802508083E0,4.753219604E1,-2.069945679E2,1.667669983E2,2.700320213E2
8.812497083E0,4.807342529E1,-2.075998840E2,1.681631317E2,2.714546094E2
8.822485083E0,4.881063843E1,-2.082546082E2,1.692692261E2,2.727719398E2
8.832474083E0,4.926858521E1,-2.093444519E2,1.702263184E2,2.742799528E2
8.842462083E0,4.995669556E1,-2.099989014E2,1.714429932E2,2.756590465E2
8.852450083E0,5.039636230E1,-2.110569763E2,1.725830383E2,2.772539372E2
8.862439083E0,5.106396484E1,-2.116531982E2,1.741764679E2,2.788226081E2
8.872427083E0,5.169598389E1,-2.123033447E2,1.751892853E2,2.800651185E2
8.882415083E0,5.223413086E1,-2.133209229E2,1.765423126E2,2.817825557E2
8.892404083E0,5.287887573E1,-2.140980835E2,1.775409241E2,2.831164859E2
8.902392083E0,5.332458496E1,-2.152304382E2,1.787700195E2,2.848269172E2
8.912380083E0,5.392764282E1,-2.157987061E2,1.801697998E2,2.862488934E2
8.922369083E0,5.523597717E1,-2.177904053E2,1.636035767E2,2.779384898E2
8.932357083E0,5.569911194E1,-2.189850159E2,1.647288513E2,2.796290806E2
8.942345083E0,5.637013245E1,-2.197039185E2,1.662472382E2,2.812215280E2
8.952334083E0,5.676744080E1,-2.208775330E2,1.675765381E2,2.830041042E2
8.962322083E0,5.738908386E1,-2.215671692E2,1.693475189E2,2.847175786E2
8.972311083E0,5.795664978E1,-2.223322449E2,1.708735046E2,2.863360874E2
8.982299083E0,5.843757629E1,-2.235514832E2,1.721310120E2,2.881307016E2
8.992287083E0,5.921754456E1,-2.245314331E2,1.739909821E2,2.901619270E2
9.002276083E0,5.958128357E1,-2.255838013E2,1.754205017E2,2.919080903E2
9.012264083E0,6.037605286E1,-2.263307190E2,1.770547943E2,2.936311671E2
9.022252083E0,6.093574524E1,-2.272658386E2,1.784502258E2,2.953090069E2
9.032241083E0,6.130021667E1,-2.284523010E2,1.799113312E2,2.971805133E2
9.042229083E0,6.200187683E1,-2.294768982E2,1.815977020E2,2.991347605E2
9.052217083E0,6.231721497E1,-2.306682434E2,1.829809265E2,3.009539720E2
9.062206083E0,6.296000671E1,-2.313665466E2,1.844799500E2,3.025347803E2
9.072194083E0,6.358122253E1,-2.323802185E2,1.857646637E2,3.042230236E2
9.082182083E0,6.393611145E1,-2.337348328E2,1.871303711E2,3.061659259E2
9.092171083E0,6.444856262E1,-2.346656799E2,1.885311890E2,3.078402309E2
9.102159083E0,6.489704895E1,-2.361365662E2,1.899279327E2,3.099108331E2
9.112147083E0,6.545033264E1,-2.372075500E2,1.913384094E2,3.117074827E2
9.122136083E0,6.588096619E1,-2.384570618E2,1.929176025E2,3.137184620E2
9.132124083E0,6.628617859E1,-2.401015930E2,1.942346802E2,3.158634886E2
9.142112083E0,6.702668762E1,-2.412786560E2,1.959385376E2,3.179620688E2
9.152101083E0,6.739418030E1,-2.428437805E2,1.971962891E2,3.200022714E2
9.162089083E0,6.806987000E1,-2.439883118E2,1.985793304E2,3.218657390E2
9.172077083E0,6.881599426E1,-2.451281433E2,1.994564209E2,3.234289900E2
9.182066083E0,6.934220886E1,-2.465987854E2,2.005998535E2,3.253607292E2
9.192054083E0,7.008753967E1,-2.476842346E2,2.020109558E2,3.272127283E2
9.202043083E0,7.062135315E1,-2.491560364E2,2.033457489E2,3.292652420E2
9.212031083E0,7.141056824E1,-2.501711121E2,2.045959167E2,3.309751406E2
9.222019083E0,7.207759094E1,-2.512444153E2,2.057191925E2,3.326248961E2
9.232008083E0,7.277101135E1,-2.525755310E2,2.070710297E2,3.346168410E2
9.241996083E0,7.347630310E1,-2.535313416E2,2.086250000E2,3.364540071E2
9.251984083E0,7.401756287E1,-2.550661926E2,2.098013306E2,3.384582109E2
9.261973083E0,7.472660828E1,-2.558960876E2,2.111965637E2,3.401041931E2
9.271961083E0,7.547962952E1,-2.568276672E2,2.125598602E2,3.418176697E2
9.281949083E0,7.613282776E1,-2.584522400E2,2.140525818E2,3.441108478E2
9.291937667E0,7.674058533E1,-2.593935242E2,2.152123108E2,3.456739165E2
9.301925667E0,7.716090393E1,-2.608004456E2,2.163871460E2,3.475544194E2
9.311913667E0,7.786973572E1,-2.617973328E2,2.176897278E2,3.492711794E2
9.321902667E0,7.506620789E1,-2.698642883E2,1.179128342E2,3.039162815E2
9.331890667E0,7.554402161E1,-2.712979431E2,1.190220490E2,3.057379945E2
9.341878667E0,7.620396423E1,-2.723309021E2,1.197688370E2,3.071086757E2
9.351867667E0,7.664686584E1,-2.735887756E2,1.206773834E2,3.086885017E2
9.361855667E0,7.741813660E1,-2.744706726E2,1.216015701E2,3.100236440E2
9.371844667E0,7.788822937E1,-2.756688538E2,1.225467300E2,3.115727752E2
9.381832667E0,7.833283997E1,-2.770010681E2,1.233773422E2,3.131893902E2
9.391820667E0,7.899821472E1,-2.780587463E2,1.244621429E2,3.147192548E2
9.401809667E0,7.947975159E1,-2.794978943E2,1.251364975E2,3.163783286E2
9.411797667E0,8.016032410E1,-2.804456482E2,1.261119385E2,3.177729695E2
9.421785667E0,8.083576965E1,-2.815392761E2,1.272112732E2,3.193454144E2
9.431774667E0,8.142494202E1,-2.830629578E2,1.282551727E2,3.212538693E2
9.441762667E0,8.222526550E1,-2.842355652E2,1.292663879E2,3.228941775E2
9.451750667E0,8.278813171E1,-2.856877747E2,1.305720520E2,3.248390988E2
9.461739667E0,8.356599426E1,-2.868090515E2,1.321009827E2,3.266395216E2
9.471727667E0,8.426240540E1,-2.878713684E2,1.335369873E2,3.283324606E2
9.481715667E0,8.478205872E1,-2.892751770E2,1.346718445E2,3.301584941E2
9.491704667E0,8.548344421E1,-2.904306335E2,1.359066315E2,3.318553670E2
9.501692667E0,8.587193298E1,-2.919440613E2,1.371730957E2,3.337990143E2
9.511681667E0,8.643128967E1,-2.929781799E2,1.384291840E2,3.353643104E2
9.521669667E0,8.682856750E1,-2.941533508E2,1.396497192E2,3.369976825E2
9.531657667E0,8.719190979E1,-2.956864929E2,1.407372437E2,3.388803668E2
9.541646667E0,8.765303040E1,-2.966988220E2,1.420799866E2,3.404408426E2
9.551634667E0,8.802333069E1,-2.982777405E2,1.435268555E2,3.425166791E2
9.561622667E0,8.856037903E1,-2.992324524E2,1.451744690E2,3.441781919E2
9.571611667E0,8.914839172E1,-3.006579285E2,1.464679260E2,3.461148351E2
9.581599667E0,8.961766052E1,-3.022956238E2,1.480289612E2,3.483195983E2
9.591587667E0,9.017835999E1,-3.035148010E2,1.494848022E2,3.501415102E2
9.601576667E0,9.081108093E1,-3.050442810E2,1.513246765E2,3.524171158E2
9.611564667E0,9.150679016E1,-3.059983826E2,1.531328735E2,3.542007619E2
9.621552667E0,9.230873108E1,-3.073384094E2,1.546190186E2,3.562089845E2
9.631541667E0,9.287638855E1,-3.090841370E2,1.566069031E2,3.587265663E2
9.641529667E0,9.346461487E1,-3.104139709E2,1.582190857E2,3.607294647E2
9.651517667E0,9.416139221E1,-3.118842468E2,1.595972595E2,3.627801489E2
9.661506667E0,9.505216980E1,-3.130670471E2,1.613327942E2,3.647933133E2
9.671494667E0,9.593147278E1,-3.143729553E2,1.630348511E2,3.668972134E2
9.681483667E0,9.667884827E1,-3.159769592E2,1.646306152E2,3.691767570E2
9.691471667E0,9.743894958E1,-3.171747131E2,1.664362488E2,3.712077214E2
9.701459667E0,9.805271912E1,-3.187238464E2,1.680139160E2,3.734004579E2
9.711448667E0,9.883396912E1,-3.196866760E2,1.700093689E2,3.753277365E2
9.721436667E0,9.653564453E1,-3.229303284E2,1.122677612E2,3.552564959E2
9.731424667E0,9.717504883E1,-3.245122986E2,1.141098175E2,3.574524759E2
9.741413667E0,9.793365479E1,-3.254684143E2,1.160447388E2,3.591477006E2
9.751401667E0,9.873330688E1,-3.269136658E2,1.176351318E2,3.611908567E2
9.761389667E0,9.955697632E1,-3.279281311E2,1.191973572E2,3.628449540E2
9.771378667E0,1.003146667E2,-3.290447083E2,1.206616364E2,3.645444868E2
9.781366667E0,1.006948853E2,-3.306146545E2,1.219344788E2,3.664880992E2
9.791354667E0,1.014062500E2,-3.315910950E2,1.231449585E2,3.679681543E2
9.801343667E0,1.019975586E2,-3.332534485E2,1.240438538E2,3.699300482E2
9.811331667E0,1.026242371E2,-3.340252991E2,1.252814789E2,3.712143362E2
9.821319667E0,1.031908264E2,-3.350971375E2,1.264391022E2,3.727268232E2
9.831308667E0,1.039395447E2,-3.364997864E2,1.277687836E2,3.746470302E2
9.841296667E0,1.046502991E2,-3.377234802E2,1.289454193E2,3.763452608E2
9.851285667E0,1.054180908E2,-3.390515442E2,1.302747192E2,3.782068560E2
9.861273667E0,1.063778381E2,-3.400605774E2,1.316107788E2,3.798405427E2
9.871261667E0,1.072855225E2,-3.414066467E2,1.327495880E2,3.816950810E2
9.881250667E0,1.081728821E2,-3.429163513E2,1.338672028E2,3.836840163E2
9.891238667E0,1.093941650E2,-3.442240295E2,1.349468384E2,3.855747853E2
9.901226667E0,1.103835144E2,-3.458690491E2,1.359286041E2,3.876680342E2
9.911215667E0,1.116499939E2,-3.470105286E2,1.371225891E2,3.894671135E2
9.921203667E0,1.128400879E2,-3.485328064E2,1.382185822E2,3.915512470E2
9.931191667E0,1.139742432E2,-3.503262634E2,1.394873810E2,3.939230235E2
9.941180667E0,1.153844604E2,-3.517051697E2,1.408776093E2,3.960512604E2
9.951168667E0,1.164400024E2,-3.534304504E2,1.425463104E2,3.984856435E2
9.961156667E0,1.176629639E2,-3.547184753E2,1.442717743E2,4.006046863E2
9.971145667E0,1.189681396E2,-3.563587341E2,1.457540283E2,4.029754365E2
9.981133667E0,1.200524597E2,-3.583303528E2,1.477657318E2,4.057683407E2
9.991121667E0,1.211956177E2,-3.601746521E2,1.494605103E2,4.083535256E2
1.000111067E1,1.224153442E2,-3.623493347E2,1.510261078E2,4.112072982E2