"Time (s)";"Linear Acceleration x (m/s^2)";"Linear Acceleration y (m/s^2)";"Linear Acceleration z (m/s^2)";"Absolute acceleration (m/s^2)"
1.355083426E-3;-4.425912479E-1;9.391724691E-2;-2.706611221E0;2.744166862E0
1.141508343E-2;-4.198713067E-1;1.865505914E-1;-2.230377726E0;2.277208343E0
2.147608344E-2;-3.003194278E-1;2.117064826E-1;-1.126703492E0;1.185104280E0
3.153708344E-2;-2.007062620E-1;2.320346202E-1;-3.015789181E-1;4.302010140E-1
4.159708344E-2;-2.852736649E-1;1.321703164E-1;1.447875845E-1;3.461408688E-1
5.165808345E-2;-2.366970438E-1;1.273774999E-1;2.509508014E-1;3.677319985E-1
6.171908346E-2;-2.780213633E-1;-1.286555551E-1;4.450614041E-1;5.403034182E-1
7.178008347E-2;-2.185221434E-1;-1.188018273E-1;4.699512470E-1;5.317141862E-1
8.184008347E-2;-2.764879310E-1;1.714389011E-2;1.481509030E-1;3.141467476E-1
9.190108348E-2;-1.786037868E-1;1.158152157E-1;-8.618269622E-2;2.296517668E-1
1.019620835E-1;-1.776740795E-1;1.342105561E-1;-3.097135645E-1;3.814486125E-1
1.120220835E-1;-1.143098500E-1;6.641983822E-2;-3.731242794E-1;3.958535898E-1
1.220830835E-1;-2.696539977E-1;-3.461178906E-2;-1.950976127E-1;3.346256609E-1
1.321440835E-1;-6.142330474E-1;-2.194092391E-1;4.388136542E-1;7.861170865E-1
1.422050835E-1;-5.468020794E-1;-2.663978295E-1;6.623000836E-1;8.992228413E-1
1.522650835E-1;-4.461598036E-1;-2.670278670E-1;7.029785782E-1;8.743805427E-1
1.623260835E-1;-1.166118988E-1;-1.894612623E-1;7.724838459E-1;8.038813327E-1
1.723870833E-1;4.729213402E-2;-5.771750025E-2;6.533193451E-1;6.575667437E-1
1.824470833E-1;6.118935764E-2;9.077297978E-2;6.075543576E-1;6.173379697E-1
1.925080833E-1;-8.787488043E-3;1.477026408E-1;6.129057294E-1;6.305130635E-1
2.025690833E-1;-8.591708645E-2;1.097626897E-1;5.135732299E-1;5.321532263E-1
2.126300833E-1;-1.795652153E-1;-2.795626894E-2;3.066355902E-1;3.564415866E-1
2.226900833E-1;1.334252751E-1;-1.361530743E-1;1.710825133E-1;2.561429094E-1
2.327510833E-1;1.572468317E-1;-1.116560912E-1;1.662187994E-1;2.546023135E-1
2.428120833E-1;9.291561887E-2;-9.890090190E-2;4.124041200E-1;4.341564911E-1
2.528720833E-1;1.087930021E-1;-8.381545097E-3;6.740740371E-1;6.828484276E-1
2.629330833E-1;1.486227733E-1;7.836511508E-2;6.331254011E-1;6.550401465E-1
2.729940834E-1;1.656935732E-1;7.515038900E-2;3.073150367E-1;3.571336905E-1
2.830550834E-1;1.558875002E-1;1.041025119E-1;1.491156936E-2;1.880441453E-1
2.931150834E-1;2.398498625E-2;5.402454503E-2;-6.012224078E-2;8.431260207E-2
3.031760834E-1;-6.304891840E-2;-4.856887355E-2;2.751231909E-2;8.420824954E-2
3.132370834E-1;-3.626223877E-2;-1.011902330E-1;-4.087788463E-3;1.075691556E-1
3.232980834E-1;-2.487420157E-2;-1.105807152E-1;-1.518463433E-1;1.894838580E-1
3.333580834E-1;-6.531222939E-2;-1.120907586E-1;-1.882739121E-1;2.286418410E-1
3.434190834E-1;-7.054987282E-2;-5.682916202E-2;-1.232581365E-1;1.529686452E-1
3.534800834E-1;1.720660150E-2;3.558213450E-2;7.371994078E-2;8.364678774E-2
3.635400834E-1;1.338731718E-1;3.322227135E-2;2.403708494E-1;2.771351487E-1
3.736010834E-1;1.765332878E-1;-5.177095503E-2;-1.271044350E-1;2.236062854E-1
3.836620834E-1;1.372508159E-1;-7.533538029E-2;-4.425406694E-1;4.694203341E-1
3.937230834E-1;8.023944005E-2;-4.347989559E-2;-5.649176306E-1;5.722419055E-1
4.037830834E-1;1.744078249E-3;-2.301961094E-2;-4.964087284E-1;4.969452383E-1
4.138440834E-1;-7.372154877E-2;-1.680438615E-2;-4.350416154E-1;4.415636548E-1
4.239050834E-1;-1.267442465E-1;-1.117264040E-2;-4.048272979E-1;4.243513557E-1
4.339650834E-1;-1.485546532E-1;-1.554928131E-2;-2.591100061E-1;2.990790203E-1
4.440260835E-1;-5.290955409E-2;-4.443920441E-2;-2.603361672E-1;2.693495568E-1
4.540870835E-1;5.402958825E-2;-5.081288874E-2;-3.413727289E-1;3.493372098E-1
4.641480835E-1;5.017861202E-2;-5.767138034E-2;-3.232083535E-1;3.321257608E-1
4.742080835E-1;-1.056928083E-2;-5.434234120E-2;-2.718686306E-1;2.774479268E-1
4.842690835E-1;-1.914656147E-2;3.551964238E-3;-2.277163053E-1;2.285474195E-1
4.943300835E-1;-8.114809737E-2;1.612727858E-2;-9.539323032E-2;1.262733987E-1
5.043900835E-1;-1.358949928E-1;-6.929491416E-2;1.454728782E-2;1.532346494E-1
5.144510835E-1;-1.135893269E-1;-1.559768164E-1;6.080928862E-2;2.023093473E-1
5.245120835E-1;-6.310563639E-2;-1.551851034E-1;4.242915094E-2;1.728148446E-1
5.345730835E-1;-3.124605864E-2;-1.115947685E-1;-3.463715136E-2;1.209522253E-1
5.446330835E-1;6.462430447E-2;-1.405405325E-1;-5.686417222E-2;1.648073909E-1
5.546940835E-1;1.144022360E-1;-1.172705146E-1;-8.172536373E-2;1.830827143E-1
5.647550833E-1;7.681238696E-2;-1.289026000E-2;-1.160070044E-1;1.397280454E-1
5.748150833E-1;3.386517271E-2;2.344389953E-2;-2.407193434E-1;2.442176665E-1
5.848760833E-1;9.158640057E-3;1.792215452E-2;-2.033673298E-1;2.043608455E-1
5.949370833E-1;-2.196798921E-3;1.527855523E-2;-1.263466358E-2;1.994730306E-2
6.049980833E-1;-1.163201228E-2;2.740326852E-2;3.567093909E-2;4.646136815E-2
6.150580833E-1;5.233155683E-2;3.942448609E-2;-4.160761714E-2;7.761491962E-2
6.251190833E-1;7.341720119E-2;9.848823465E-2;-1.028186095E-1;1.601926473E-1
6.351800833E-1;7.534181222E-2;1.606667219E-1;-1.228336287E-1;2.158200281E-1
6.452410833E-1;1.201985809E-1;1.923660859E-1;-2.054746664E-1;3.060592237E-1
6.553010833E-1;1.661878091E-1;1.866798880E-1;-2.467875838E-1;3.512433345E-1
6.653620834E-1;1.241717640E-1;1.359371658E-1;-6.494853258E-2;1.952328146E-1
6.754230834E-1;3.243421286E-2;5.913172245E-2;1.522661734E-1;1.665338594E-1
6.854830834E-1;-2.940301627E-2;2.830344737E-3;2.421753001E-1;2.439701297E-1
6.955440834E-1;-5.615417406E-2;1.455686264E-2;2.263018638E-1;2.336187644E-1
7.056050834E-1;-6.238452852E-2;1.905015551E-2;2.007167870E-1;2.110496776E-1
7.156660834E-1;-9.642204791E-2;-6.724371091E-3;1.303087091E-1;1.622429911E-1
7.257260834E-1;-1.445557424E-1;-2.640164047E-3;8.419113457E-2;1.673065458E-1
7.357870834E-1;-4.741010159E-2;-6.885973513E-3;-1.893036067E-2;5.151206577E-2
7.458480834E-1;5.452133909E-2;3.767938457E-2;-8.419756651E-2;1.071519605E-1
7.559080834E-1;5.964437708E-2;5.455115989E-2;-1.954373360E-2;8.315791174E-2
7.659690834E-1;-1.026829541E-2;3.681699336E-2;-1.947882950E-2;4.289934369E-2
7.760300834E-1;-1.016488740E-1;1.778284460E-3;-1.586583495E-2;1.028949979E-1
7.860910834E-1;-1.604791725E-1;-3.694256231E-2;4.452186942E-2;1.705887293E-1
7.961510834E-1;-1.429451269E-1;-1.987658635E-2;1.091143066E-1;1.809262830E-1
8.062120834E-1;-1.375709510E-1;3.884400375E-2;1.555359364E-1;2.112487886E-1
8.162730834E-1;-7.258982018E-2;5.035256669E-2;1.305507839E-1;1.576330236E-1
8.263332918E-1;7.814657539E-3;2.385254681E-2;1.631022334E-2;2.993386456E-2
8.363942918E-1;2.055310920E-2;6.008935019E-2;-6.529995024E-2;9.108920796E-2
8.464552918E-1;-5.317457914E-3;7.041275561E-2;-6.547887504E-2;9.630012766E-2
8.565162919E-1;-4.248294532E-3;5.953364544E-2;-5.351313293E-2;8.016207546E-2
8.665762919E-1;-1.220767066E-2;3.033184648E-2;-4.399445057E-2;5.481386517E-2
8.766372916E-1;-2.736876994E-2;2.081491828E-2;-9.351627409E-2;9.963736203E-2
8.866982916E-1;-4.670258850E-2;-1.740577228E-2;-7.008238792E-2;8.599787078E-2
8.967592916E-1;-2.635237768E-2;-6.012757637E-2;-5.366282165E-2;8.479075231E-2
9.068192916E-1;-1.644105479E-2;-7.585739046E-2;-1.581613362E-2;7.921364815E-2
9.168802917E-1;-3.832484409E-2;-3.918716222E-2;5.485857725E-2;7.754928017E-2
9.269412917E-1;-1.308219485E-1;-1.204190210E-2;9.737426698E-2;1.635271766E-1
9.370012917E-1;-1.456301683E-1;-5.024885170E-2;7.367023945E-2;1.707641567E-1
9.470622917E-1;-5.686037153E-2;-6.923731908E-2;-1.142779827E-2;9.031889491E-2
9.571232917E-1;4.180466831E-3;-6.925003678E-2;-7.330888152E-2;1.009318384E-1
9.671842917E-1;7.093812793E-2;-6.137617618E-2;-1.101358151E-1;1.446691079E-1
9.772442917E-1;8.800629660E-2;-8.454854563E-3;-1.005656773E-1;1.339031301E-1
9.873052917E-1;7.671853915E-2;7.328081489E-2;-4.160293937E-2;1.139588375E-1
9.973662917E-1;2.435833097E-2;7.198273301E-2;7.854272425E-2;1.092877014E-1
1.007426292E0;-1.099291161E-2;3.596315369E-2;1.700054562E-1;1.741150415E-1
1.017487292E0;-3.143697023E-2;-1.909232855E-2;1.513177550E-1;1.557236754E-1
1.027548292E0;-2.263062492E-2;-5.508990772E-2;-2.311404347E-3;5.960189349E-2
1.037609292E0;-7.277298421E-3;-2.263647214E-2;-1.116432273E-1;1.141471820E-1
1.047669292E0;-2.451152802E-3;2.845350154E-2;-9.831040621E-2;1.023745372E-1
1.057730292E0;-5.157975107E-3;4.153496549E-2;-9.637614727E-2;1.050719745E-1
1.067791292E0;5.909737006E-2;4.464159116E-2;-1.789335698E-1;1.936558628E-1
1.077851292E0;1.319408132E-1;1.963107638E-2;-2.278414357E-1;2.640179486E-1
1.087912292E0;1.692032182E-1;-1.870312326E-2;-1.834733480E-1;2.502838495E-1
1.097973292E0;1.305553155E-1;-2.279778220E-2;-1.775512880E-1;2.215601253E-1
1.108034292E0;8.346169442E-3;1.115378313E-2;-1.096434796E-1;1.105249204E-1
1.118094292E0;-4.845119834E-2;2.690260068E-2;-4.126029253E-2;6.909182501E-2
1.128155292E0;-4.203417152E-2;-2.527546674E-2;-4.490603149E-2;6.650016886E-2
1.138216292E0;-2.147463039E-2;-5.171745300E-2;-4.574101388E-2;7.230556719E-2
1.148277292E0;5.987548828E-4;-7.442913495E-2;-1.263080442E-1;1.466075601E-1
1.158337292E0;-6.078034490E-2;-1.089966314E-1;-9.749705851E-2;1.583672706E-1
1.168398292E0;-4.394299507E-2;-1.063696235E-1;3.313967943E-2;1.197652787E-1
1.178459292E0;-4.756183684E-2;-6.139269456E-2;5.348272741E-2;9.429524590E-2
1.188519292E0;-6.027763054E-2;-4.972983822E-3;6.422757089E-2;8.822303653E-2
1.198580292E0;-5.129645348E-2;2.846351489E-2;7.980279922E-2;9.904536629E-2
1.208641292E0;-6.336276770E-2;1.520524576E-2;7.232479513E-2;9.734945207E-2
1.218702292E0;-4.446427435E-2;-1.166548759E-2;2.585697234E-2;5.274218722E-2
1.228762292E0;-2.567073852E-2;-3.697260238E-2;-1.520451486E-2;4.750934029E-2
1.238823292E0;-9.785753936E-3;-5.438056737E-2;-4.271274090E-2;6.983827978E-2
1.248884292E0;2.937568054E-2;-1.966572113E-2;-7.159681678E-2;7.984845250E-2
1.258944292E0;5.048252106E-2;6.682877786E-2;-9.631124318E-2;1.276339533E-1
1.269005292E0;3.318660334E-2;1.126704369E-1;-6.830483437E-2;1.358732071E-1
1.279066292E0;1.599725112E-2;6.808483288E-2;-9.916293025E-3;7.063844123E-2
1.289127292E0;-1.095446616E-2;2.557659835E-2;-2.672411442E-2;3.857902284E-2
1.299187292E0;-1.202684551E-2;8.021502793E-3;-6.092506349E-2;6.261671407E-2
1.309248292E0;-5.228477910E-2;-5.915189534E-3;-1.117999327E-1;1.235633949E-1
1.319309292E0;-9.055524409E-2;3.790019006E-3;-1.488157314E-1;1.742433310E-1
1.329369292E0;-7.807699353E-2;-2.292042755E-2;-1.636547953E-1;1.827683094E-1
1.339430292E0;-5.476107493E-2;-9.712597959E-2;-2.508625084E-1;2.745254621E-1
1.349491292E0;1.497486547E-2;-1.549394473E-1;-3.624478483E-1;3.944602916E-1
1.359552292E0;1.360250933E-1;-1.894549035E-1;-4.731075740E-1;5.274720495E-1
1.369612292E0;5.197750792E-2;-2.527207536E-1;-7.646871686E-1;8.070414527E-1
1.379673292E0;-1.493411037E-1;-4.058148926E-1;-1.378017991E0;1.444272161E0
1.389734292E0;-5.669885682E-1;-5.672004566E-1;-2.293086190E0;2.429287276E0
1.399794292E0;-2.848954962E-1;-9.300192377E-1;-3.413697469E0;3.549567809E0
1.409855292E0;-8.931139514E-2;-1.013040052E0;-4.929025040E0;5.032843581E0
1.419916292E0;2.500468218E-1;-1.014260512E0;-7.286252262E0;7.360755384E0
1.429977292E0;5.176173835E-1;-1.892100513E0;-9.449134408E0;9.650601700E0
1.440037292E0;-5.489279077E-1;-3.996906067E0;-1.050550057E1;1.125353821E1
1.450098292E0;-9.307674620E-1;-3.656006962E0;-1.022250001E1;1.089643160E1
1.460159292E0;-7.420895074E-1;-2.934948209E0;-9.587733300E0;1.005431488E1
1.470219292E0;-1.510559898E0;-3.285660695E0;-1.047529269E1;1.108192737E1
1.480280292E0;-1.143401825E0;-2.778523495E0;-1.075074800E1;1.116271218E1
1.490341292E0;-1.044711642E0;-2.485247331E0;-1.049295128E1;1.083373912E1
1.500402292E0;-1.094392948E0;-2.236298032E0;-1.037378619E1;1.066837217E1
1.510462292E0;-1.367598106E0;-2.172444975E0;-1.032076832E1;1.063522922E1
1.520523292E0;-1.813206371E0;-2.364859447E0;-1.032012980E1;1.074175762E1
1.530584292E0;-2.202854590E0;-2.700232494E0;-1.028472141E1;1.085906618E1
1.540644292E0;-2.438058254E0;-3.150073120E0;-1.042973937E1;1.116452202E1
1.550705292E0;-2.504532618E0;-3.322976164E0;-1.048206493E1;1.127778965E1
1.560766292E0;-2.560074735E0;-3.208995804E0;-1.040738780E1;1.118773246E1
1.570827292E0;-2.576012783E0;-2.930853111E0;-1.028145983E1;1.099700678E1
1.580887292E0;-2.613065127E0;-2.731929665E0;-1.016650942E1;1.084663371E1
1.590948292E0;-2.464803419E0;-2.594973841E0;-1.006667873E1;1.068396770E1
1.601009292E0;-2.137863372E0;-2.496019949E0;-9.989855676E0;1.051654847E1
1.611070292E0;-1.810521330E0;-2.513405768E0;-9.966883135E0;1.043714307E1
1.621130292E0;-1.616450196E0;-2.286067777E0;-9.960287476E0;1.034632030E1
1.631191292E0;-1.590906926E0;-2.243921632E0;-1.005618649E1;1.042559619E1
1.641252292E0;-2.318894631E0;-3.247606139E0;-1.029574692E1;1.104203887E1
1.651312292E0;-2.784057300E0;-4.467096465E0;-1.054424539E1;1.178503444E1
1.661373292E0;-3.251717024E0;-5.770299039E0;-1.069570348E1;1.258046452E1
1.671434292E0;-3.575401340E0;-6.768756720E0;-1.069986670E1;1.315624223E1
1.681495292E0;-3.779499865E0;-7.831009862E0;-1.067990314E1;1.377206105E1
1.691555292E0;-4.050141165E0;-9.105874198E0;-1.057685064E1;1.453238995E1
1.701616292E0;-3.817337489E0;-1.020119510E1;-1.030227241E1;1.499244022E1
1.711677292E0;-3.712862656E0;-1.034646566E1;-9.780353447E0;1.471359964E1
1.721737292E0;-4.094172160E0;-9.812247670E0;-9.085400757E0;1.398524068E1
1.731798292E0;-3.964471854E0;-9.037465868E0;-8.314595647E0;1.290446927E1
1.741859292E0;-3.763639584E0;-8.506926357E0;-7.511005783E0;1.195608577E1
1.751920292E0;-3.654834888E0;-8.448698614E0;-6.878055214E0;1.149112570E1
1.761980292E0;-3.276760941E0;-8.451158538E0;-6.419730570E0;1.110730316E1
1.772041292E0;-2.810066008E0;-8.660723332E0;-5.836379592E0;1.081517112E1
1.782102292E0;-2.291924641E0;-8.765232371E0;-5.404464483E0;1.054942906E1
1.792162292E0;-1.606292120E0;-9.232253578E0;-5.141618106E0;1.068882207E1
1.802223292E0;-8.970953205E-1;-9.793274624E0;-5.430214452E0;1.123388788E1
1.812284292E0;-6.408501577E-1;-1.032162669E1;-5.707005853E0;1.181171377E1
1.822345417E0;-6.836158159E-1;-1.144818400E1;-6.088250746E0;1.298441546E1
1.832405417E0;-1.139343711E0;-1.320759014E1;-6.566806755E0;1.479396811E1
1.842466417E0;-2.108249856E0;-1.452736636E1;-6.952263982E0;1.624263111E1
1.852527417E0;-3.126765533E0;-1.523248560E1;-7.722326496E0;1.736201621E1
1.862587417E0;-4.058000407E0;-1.614055118E1;-8.078375736E0;1.849986254E1
1.872648417E0;-4.780235036E0;-1.692963527E1;-8.203134853E0;1.941016792E1
1.882709417E0;-4.884337109E0;-1.652783683E1;-7.745979652E0;1.889514064E1
1.892770417E0;-4.462800516E0;-1.622354071E1;-7.113027329E0;1.826786849E1
1.902830417E0;-4.328131830E0;-1.644429298E1;-6.505213940E0;1.820618865E1
1.912891417E0;-5.235561812E0;-1.684065117E1;-5.682531747E0;1.852862128E1
1.922952417E0;-5.972551889E0;-1.698244147E1;-4.620020742E0;1.858545900E1
1.933013417E0;-6.180776501E0;-1.746538991E1;-3.815074325E0;1.891551308E1
1.943073417E0;-6.805100673E0;-1.776315586E1;-2.927576916E0;1.924603356E1
1.953134417E0;-7.336807289E0;-1.789923694E1;-2.110722351E0;1.945935695E1
1.963195417E0;-7.728553780E0;-1.829057939E1;-1.277721870E0;1.989744735E1
1.973255417E0;-7.499218381E0;-1.783750321E1;-8.190083867E-1;1.936712606E1
1.983316417E0;-7.509642212E0;-1.729490147E1;-7.977642828E-1;1.887179830E1
1.993377417E0;-7.573537661E0;-1.716093942E1;-5.077821475E-1;1.876470510E1
2.003438417E0;-6.817842926E0;-1.656575368E1;-1.314313745E-1;1.791436439E1
2.013498417E0;-6.096828611E0;-1.591582865E1;2.382640976E-1;1.704528352E1
2.023559417E0;-5.776554390E0;-1.522334290E1;4.618569463E-1;1.628901659E1
2.033620417E0;-6.182481549E0;-1.467092837E1;4.828034270E-1;1.592772163E1
2.043680417E0;-6.861187166E0;-1.448812569E1;5.860763651E-1;1.604135783E1
2.053741417E0;-6.797291717E0;-1.401256697E1;5.326702362E-1;1.558329058E1
2.063802417E0;-6.879329322E0;-1.291082290E1;1.379229534E-1;1.462988526E1
2.073863417E0;-7.844985877E0;-1.264741753E1;-1.909811729E-1;1.488413408E1
2.083923417E0;-8.608191361E0;-1.270372855E1;-5.142877597E-1;1.535415806E1
2.093984417E0;-8.961787110E0;-1.241977022E1;-6.508208299E-1;1.532931467E1
2.104045417E0;-9.201220066E0;-1.198403922E1;-6.214426643E-1;1.512170089E1
2.114105417E0;-9.183491893E0;-1.149403553E1;-5.727894446E-1;1.472336456E1
2.124166417E0;-9.264298074E0;-1.098646096E1;-4.280696878E-1;1.437750976E1
2.134227417E0;-9.346964840E0;-1.013323291E1;-1.228634495E-1;1.378634311E1
2.144288417E0;-9.205617757E0;-8.954987968E0;2.842275980E-1;1.284585509E1
2.154348417E0;-8.950081569E0;-7.727746865E0;6.865288988E-1;1.184454953E1
2.164409417E0;-9.138971778E0;-7.011064167E0;9.602019802E-1;1.155845205E1
2.174470417E0;-9.657104666E0;-6.953449212E0;1.098809058E0;1.195062793E1
2.184530417E0;-1.018166540E1;-7.055442780E0;1.188191643E0;1.244417062E1
2.194591417E0;-1.047875190E1;-6.962058653E0;1.330193906E0;1.265084653E1
2.204652417E0;-1.051647229E1;-6.761942959E0;1.484036781E0;1.259056898E1
2.214713417E0;-1.051272305E1;-6.608206796E0;1.667128891E0;1.252856982E1
2.224773417E0;-1.037925802E1;-6.013999293E0;1.950383512E0;1.215323744E1
2.234834417E0;-1.018203611E1;-5.307098987E0;2.241429548E0;1.169885317E1
2.244895417E0;-1.000050229E1;-4.649266176E0;2.512448578E0;1.131097342E1
2.254956417E0;-9.901253986E0;-4.337945797E0;2.727705052E0;1.114867611E1
2.265016417E0;-9.904306233E0;-4.341861092E0;2.913546815E0;1.119981226E1
2.275077417E0;-9.796701677E0;-4.324001942E0;3.102028888E0;1.114876405E1
2.285138417E0;-9.650365165E0;-4.297053879E0;3.310680639E0;1.107044833E1
2.295198417E0;-9.455398530E0;-4.140879427E0;3.523147990E0;1.090706265E1
2.305259417E0;-9.210744011E0;-3.808096257E0;3.946222109E0;1.071970481E1
2.315320417E0;-8.945268726E0;-3.283723513E0;4.261206354E0;1.043832133E1
2.325381417E0;-8.873498831E0;-2.875403673E0;4.566101228E0;1.038538436E1
2.335441417E0;-8.839630589E0;-2.679680116E0;4.830166749E0;1.042354380E1
2.345502417E0;-8.604187188E0;-2.413629172E0;5.155497642E0;1.031682116E1
2.355563417E0;-8.375604910E0;-2.222900014E0;5.463452364E0;1.024408873E1
2.365623417E0;-8.239544295E0;-2.299015267E0;5.720796511E0;1.029092193E1
2.375684417E0;-7.941301798E0;-2.365428235E0;5.971772456E0;1.021379416E1
2.385745417E0;-7.374059315E0;-2.238851219E0;6.291276598E0;9.948334875E0
2.395806417E0;-6.795231743E0;-2.240261275E0;6.579561871E0;9.720317867E0
2.405866417E0;-6.320102202E0;-2.466944084E0;6.839788111E0;9.633909194E0
2.415927417E0;-5.784176821E0;-2.330711269E0;7.175532895E0;9.506691792E0
2.425988417E0;-5.001805333E0;-1.603900609E0;7.636305767E0;9.268425946E0
2.436048417E0;-4.263279777E0;-1.150446989E0;8.025235655E0;9.159884827E0
2.446109417E0;-3.809006084E0;-1.430451143E0;8.236362240E0;9.186532576E0
2.456170417E0;-3.629859091E0;-1.778239583E0;8.452219223E0;9.368992626E0
2.466231417E0;-3.314414086E0;-1.919438439E0;8.699921311E0;9.505693845E0
2.476291417E0;-2.935694606E0;-2.074989870E0;8.920744334E0;9.617877378E0
2.486352417E0;-2.607561727E0;-2.180299540E0;9.114617540E0;9.727761158E0
2.496413417E0;-2.431716949E0;-2.268654623E0;9.290785961E0;9.868066928E0
2.506473417E0;-2.321364202E0;-2.382511752E0;9.428227689E0;9.997828332E0
2.516534417E0;-2.167108514E0;-2.517231309E0;9.564177791E0;1.012453997E1
2.526595417E0;-1.968870215E0;-2.673018090E0;9.670847962E0;1.022481178E1
2.536656417E0;-1.816241076E0;-2.865318688E0;9.735907592E0;1.031002810E1
2.546716417E0;-1.747155638E0;-3.076054679E0;9.778035611E0;1.039830013E1
2.556777417E0;-1.721113602E0;-3.273452586E0;9.794230059E0;1.046922472E1
2.566838417E0;-1.707880914E0;-3.434545131E0;9.798454088E0;1.052248355E1
2.576898417E0;-1.678412409E0;-3.562273464E0;9.812378647E0;1.057306177E1
2.586959417E0;-1.640437959E0;-3.686011365E0;9.842024031E0;1.063687706E1
2.597020417E0;-1.621934299E0;-3.795329739E0;9.844187500E0;1.067441925E1
2.607081417E0;-1.589310052E0;-3.879086718E0;9.852201694E0;1.070696495E1
2.617141417E0;-1.567504030E0;-3.915160530E0;9.873341718E0;1.073631350E1
2.627202417E0;-1.543467881E0;-3.943359897E0;9.882277433E0;1.075136213E1
2.637263417E0;-1.544945034E0;-3.990827009E0;9.878498962E0;1.076560714E1
2.647323417E0;-1.554999760E0;-4.078599563E0;9.834432006E0;1.075960276E1
2.657384417E0;-1.581331234E0;-4.221877981E0;9.747671020E0;1.073973708E1
2.667445417E0;-1.619756796E0;-4.424243683E0;9.611059012E0;1.070373765E1
2.677506417E0;-1.651395057E0;-4.661597369E0;9.444190587E0;1.066069095E1
2.687566417E0;-1.680312023E0;-4.968615952E0;9.214526575E0;1.060273988E1
2.697627417E0;-1.768149774E0;-5.325696641E0;8.909452776E0;1.052937544E1
2.707688417E0;-1.922320385E0;-5.825939974E0;8.495861671E0;1.047933957E1
2.717748417E0;-2.091030683E0;-6.459927254E0;7.999706712E0;1.049277737E1
2.727809417E0;-2.066865895E0;-5.966957273E0;7.714008831E0;9.969074480E0
2.737870417E0;-2.270169783E0;-6.079526115E0;7.381146140E0;9.828307431E0
2.747931417E0;-3.186225577E0;-8.930454805E0;6.248746290E0;1.135569842E1
2.757991417E0;-3.588872741E0;-1.040071613E1;5.280531578E0;1.220405332E1
2.768052417E0;-3.971950150E0;-1.073487866E1;4.662651622E0;1.235938218E1
2.778113417E0;-4.104829296E0;-1.115522914E1;4.018229401E0;1.254730761E1
2.788174417E0;-4.415048352E0;-1.184593500E1;3.280859254E0;1.306073755E1
2.798234417E0;-4.449169486E0;-1.172658865E1;2.740582960E0;1.283817688E1
2.808295417E0;-4.282498405E0;-1.153172785E1;2.286502810E0;1.251193970E1
2.818356167E0;-4.023851791E0;-1.161705393E1;1.851471135E0;1.243283035E1
2.828416167E0;-3.924307622E0;-1.165552978E1;1.521394642E0;1.239218328E1
2.838477167E0;-4.181745032E0;-1.160704584E1;1.342380381E0;1.241017686E1
2.848538167E0;-4.670072908E0;-1.170056270E1;1.206943079E0;1.265580736E1
2.858599167E0;-5.147753005E0;-1.157163042E1;1.137369398E0;1.271595851E1
2.868659167E0;-5.543817666E0;-1.155089853E1;1.052601144E0;1.285554901E1
2.878720167E0;-6.383136356E0;-1.221434701E1;7.282625234E-1;1.380090826E1
2.888781167E0;-7.717376828E0;-1.320441861E1;3.044803065E-1;1.529729663E1
2.898841167E0;-8.620944139E0;-1.398297538E1;7.893741131E-3;1.642693948E1
2.908902167E0;-7.855357668E0;-1.365791229E1;6.966840506E-2;1.575595335E1
2.918963167E0;-6.463764782E0;-1.263588214E1;2.612927717E-1;1.419556433E1
2.929024167E0;-5.670243824E0;-1.246575155E1;1.771677107E-1;1.369591236E1
2.939084167E0;-5.032683309E0;-1.270290293E1;-2.057489008E-1;1.366506409E1
2.949145167E0;-4.225866075E0;-1.274141269E1;-8.218176815E-1;1.344904925E1
2.959206167E0;-3.633600432E0;-1.316367638E1;-1.509586190E0;1.373915130E1
2.969266167E0;-3.095122156E0;-1.343516144E1;-2.211645732E0;1.396333488E1
2.979327167E0;-2.820329041E0;-1.358072670E1;-3.185137995E0;1.423149668E1
2.989388167E0;-3.459177989E0;-1.367859272E1;-4.181115872E0;1.471569030E1
2.999449167E0;-4.085661830E0;-1.357710845E1;-5.062685373E0;1.505527447E1
3.009509167E0;-3.933918398E0;-1.310191458E1;-5.691535290E0;1.481652637E1
3.019570167E0;-3.474782453E0;-1.234926566E1;-6.146137011E0;1.422510020E1
3.029631167E0;-3.223811187E0;-1.176683972E1;-6.438249287E0;1.379501828E1
3.039691167E0;-2.939033073E0;-1.122016364E1;-6.675594202E0;1.338258366E1
3.049752167E0;-2.553331141E0;-1.072903846E1;-6.871207539E0;1.299404707E1
3.059813167E0;-2.114685887E0;-1.015799119E1;-6.938577404E0;1.248200857E1
3.069874167E0;-1.639739363E0;-9.626516127E0;-6.908050845E0;1.196159372E1
3.079934167E0;-9.950484619E-1;-9.038685012E0;-6.791329311E0;1.134945382E1
3.089995167E0;-5.080058035E-1;-8.795731448E0;-6.697446417E0;1.106701180E1
3.100056167E0;-3.567152381E-1;-8.973261101E0;-6.648937916E0;1.117385502E1
3.110116167E0;-2.104395372E-1;-8.959911908E0;-6.562644707E0;1.110822271E1
3.120177167E0;2.601016939E-2;-8.745616132E0;-6.456597850E0;1.087079270E1
3.130238167E0;2.421273530E-1;-8.600926196E0;-6.444624506E0;1.075024382E1
3.140299167E0;3.171576548E-1;-8.545094057E0;-6.498283820E0;1.073996806E1
3.150359167E0;5.527688706E-1;-8.279146902E0;-6.561502161E0;1.057842793E1
3.160420167E0;9.420338041E-1;-7.703183296E0;-6.634094174E0;1.020968492E1
3.170481167E0;1.404397704E0;-6.898221676E0;-6.689587759E0;9.711250155E0
3.180541167E0;1.628995689E0;-6.271037046E0;-6.872935392E0;9.445463116E0
3.190602167E0;1.478062681E0;-6.047406775E0;-7.204271960E0;9.521414415E0
3.200663167E0;1.165391302E0;-5.902480611E0;-7.591802609E0;9.686737382E0
3.210724167E0;7.444540483E-1;-5.765832351E0;-8.004031312E0;9.892600860E0
3.220784167E0;2.888574234E-1;-5.713475797E0;-8.415090573E0;1.017550950E1
3.230845167E0;-1.314649960E-1;-5.586822767E0;-8.744195259E0;1.037741887E1
3.240906167E0;-4.646162474E-1;-5.244840174E0;-9.017102355E0;1.044185575E1
3.250966167E0;-8.004142410E-1;-4.858464350E0;-9.236105724E0;1.046666077E1
3.261027167E0;-1.057411063E0;-4.544930214E0;-9.409974436E0;1.050343409E1
3.271088167E0;-1.272892655E0;-4.229032634E0;-9.543460522E0;1.051582671E1
3.281149167E0;-1.787835156E0;-3.726700092E0;-9.692759818E0;1.053727863E1
3.291209167E0;-1.916481794E0;-3.149241938E0;-9.765101570E0;1.043780800E1
3.301270167E0;-1.912783138E0;-2.729321222E0;-9.798112611E0;1.034944174E1
3.311331167E0;-1.936059588E0;-2.492463965E0;-9.816279910E0;1.031116165E1
3.321391167E0;-2.000672636E0;-2.215730451E0;-9.785101971E0;1.023036524E1
3.331452167E0;-2.133095114E0;-2.020529342E0;-9.747212598E0;1.018041193E1
3.341513167E0;-2.341274849E0;-1.864639065E0;-9.713715069E0;1.016438425E1
3.351574167E0;-2.455846946E0;-1.498734927E0;-9.608800233E0;1.003027579E1
3.361634167E0;-2.312232313E0;-7.561765462E-1;-9.406211168E0;9.715710461E0
3.371695167E0;-2.092804875E0;-1.363173079E-1;-9.230992919E0;9.466237104E0
3.381756167E0;-2.220319492E0;2.689988172E-1;-9.082663676E0;9.353980888E0
3.391817167E0;-2.420524501E0;2.943891817E-1;-9.020374457E0;9.344129665E0
3.401877167E0;-2.645397305E0;1.965453833E-1;-9.003412853E0;9.386064138E0
3.411938167E0;-2.673171287E0;3.667999309E-1;-8.914274390E0;9.313682130E0
3.421999167E0;-2.675350252E0;5.460638684E-1;-8.856493959E0;9.267856816E0
3.432059167E0;-2.778721716E0;6.742845368E-1;-8.799915715E0;9.252808796E0
3.442120167E0;-2.868649846E0;8.445080942E-1;-8.746240615E0;9.243325741E0
3.452181167E0;-2.892407668E0;8.087623107E-1;-8.755818354E0;9.256590822E0
3.462242167E0;-2.815274123E0;5.479133427E-1;-8.783136545E0;9.239559784E0
3.472302167E0;-2.721709902E0;1.014160379E0;-8.660873605E0;9.134930633E0
3.482363167E0;-2.606655409E0;1.579531753E0;-8.554731438E0;9.081464802E0
3.492424167E0;-2.589004419E0;1.959373314E0;-8.488315254E0;9.088101206E0
3.502484167E0;-2.737792084E0;1.655349090E0;-8.587267685E0;9.163888498E0
3.512545167E0;-2.588739248E0;1.300900818E0;-8.678538628E0;9.149368642E0
3.522606167E0;-2.265988146E0;1.151360031E0;-8.713960476E0;9.077083198E0
3.532667167E0;-1.964684047E0;1.023343431E0;-8.769125447E0;9.044599289E0
3.542727167E0;-1.864789192E0;9.885308629E-1;-8.811375089E0;9.060627073E0
3.552788167E0;-1.872999121E0;9.454029697E-1;-8.849172075E0;9.094490580E0
3.562849167E0;-1.718618887E0;7.968193728E-1;-8.898552981E0;9.097956757E0
3.572909167E0;-1.401144606E0;5.435986823E-1;-8.931387436E0;9.056952427E0
3.582970167E0;-1.048003624E0;2.584978026E-1;-8.970213532E0;9.034924655E0
3.593031167E0;-7.577691816E-1;-3.314786553E-3;-9.005420787E0;9.037246742E0
3.603092167E0;-5.304058289E-1;-2.053957289E-1;-9.028137805E0;9.046037252E0
3.613152167E0;-2.758385977E-1;-3.500219303E-1;-9.053753872E0;9.064715189E0
3.623213167E0;-6.067641065E-2;-5.385057575E-1;-9.074269413E0;9.090436483E0
3.633274167E0;8.992988437E-2;-7.817815036E-1;-9.066977935E0;9.101063596E0
3.643334167E0;2.697529618E-1;-9.817551094E-1;-9.028381634E0;9.085608658E0
3.653395167E0;4.368163915E-1;-1.199293751E0;-8.950677985E0;9.041225053E0
3.663456167E0;5.522221559E-1;-1.463361611E0;-8.878701099E0;9.015415117E0
3.673517167E0;6.389688161E-1;-1.777999701E0;-8.793481439E0;8.994158099E0
3.683577167E0;5.645580268E-1;-1.809119167E0;-8.638464736E0;8.843908125E0
3.693638167E0;5.453967011E-1;-1.774190240E0;-8.477558717E0;8.678376021E0
3.703699167E0;4.168702233E-1;-2.504132084E0;-8.398628322E0;8.773905400E0
3.713759167E0;4.475970492E-1;-3.434105421E0;-8.294992856E0;8.988900358E0
3.723820167E0;3.205271128E-1;-4.012229573E0;-8.066795325E0;9.015204412E0
3.733881167E0;1.611425391E-1;-4.901165396E0;-7.865362839E0;9.268836051E0
3.743942167E0;2.966026452E-1;-5.504976951E0;-7.586598587E0;9.378124678E0
3.754002167E0;6.475197843E-1;-5.182182580E0;-7.084068993E0;8.801041510E0
3.764063167E0;8.119996217E-1;-5.082630810E0;-6.638055078E0;8.399777054E0
3.774124167E0;7.734650087E-1;-5.182355073E0;-6.279243613E0;8.178260975E0
3.784184167E0;7.288767734E-1;-5.458215598E0;-5.974528248E0;8.125168715E0
3.794245167E0;6.791915202E-1;-5.561102035E0;-5.662201563E0;7.965405420E0
3.804306167E0;5.830024838E-1;-5.893744871E0;-5.465363234E0;8.058927707E0
3.814367167E0;3.074580011E-1;-6.518285390E0;-5.341194102E0;8.432729646E0
3.824426667E0;-9.934477866E-2;-7.234336588E0;-5.251724685E0;8.940140236E0
3.834487667E0;-5.599434042E-1;-7.956976429E0;-5.199561675E0;9.521683261E0
3.844548667E0;-1.053766201E0;-8.981140809E0;-5.240249525E0;1.045138883E1
3.854608667E0;-1.162768241E0;-9.337415752E0;-5.125687952E0;1.071503803E1
3.864669667E0;-8.195855069E-1;-9.310862376E0;-4.888983892E0;1.054827200E1
3.874730667E0;-5.990943137E-1;-9.265576860E0;-4.702013324E0;1.040762979E1
3.884791667E0;-7.793280119E-1;-9.565891026E0;-4.611730560E0;1.064808349E1
3.894851667E0;-1.200489507E0;-9.975843408E0;-4.516550168E0;1.101625400E1
3.904912667E0;-1.681459832E0;-1.036318636E1;-4.384144648E0;1.137733110E1
3.914973667E0;-2.099718476E0;-1.053460334E1;-4.152705420E0;1.151658141E1
3.925033667E0;-2.407615896E0;-1.054337182E1;-3.812458280E0;1.146708951E1
3.935094667E0;-2.633744682E0;-1.063381070E1;-3.424234736E0;1.147780139E1
3.945155667E0;-2.835831179E0;-1.069313188E1;-2.995997525E0;1.146128304E1
3.955216667E0;-2.899132843E0;-1.054976400E1;-2.486578742E0;1.121987368E1
3.965276667E0;-3.034568684E0;-1.050391715E1;-2.007219471E0;1.111619596E1
3.975337667E0;-3.319668394E0;-1.064202487E1;-1.585501614E0;1.125996035E1
3.985398667E0;-3.507891143E0;-1.064852815E1;-1.144947975E0;1.126975412E1
3.995458667E0;-3.623445865E0;-1.050536960E1;-6.703540385E-1;1.113290280E1
4.005519667E0;-3.775918737E0;-1.038621971E1;-2.387792373E-1;1.105387433E1
4.015580667E0;-3.835233770E0;-1.024527375E1;1.902777529E-1;1.094124572E1
4.025641667E0;-3.837542835E0;-1.008648676E1;5.816120160E-1;1.080750770E1
4.035701667E0;-3.917033978E0;-9.964406254E0;9.258101195E-1;1.074661210E1
4.045762667E0;-4.067840394E0;-9.874113550E0;1.168926821E0;1.074298998E1
4.055823667E0;-4.168940215E0;-9.754560794E0;1.408076187E0;1.070113066E1
4.065883667E0;-4.278629302E0;-9.600988353E0;1.611833526E0;1.063407981E1
4.075944667E0;-4.495302264E0;-9.442563307E0;1.760919984E0;1.060521492E1
4.086005667E0;-4.735895015E0;-9.268629107E0;1.877681279E0;1.057647740E1
4.096066667E0;-4.910892824E0;-9.057169815E0;2.032582208E0;1.050145627E1
4.106126667E0;-4.971951204E0;-8.852627195E0;2.208833075E0;1.039077719E1
4.116187667E0;-4.994529058E0;-8.631138759E0;2.390481507E0;1.025457355E1
4.126248667E0;-4.980926095E0;-8.350641977E0;2.609610592E0;1.006741842E1
4.136308667E0;-4.961362481E0;-8.034749660E0;2.843065354E0;9.861812226E0
4.146369667E0;-4.972530078E0;-7.777138880E0;3.070426149E0;9.728178723E0
4.156430667E0;-4.981887962E0;-7.571419215E0;3.313492565E0;9.650120703E0
4.166491667E0;-4.910467731E0;-7.441091210E0;3.577154628E0;9.606173378E0
4.176551667E0;-4.913379645E0;-7.458607129E0;3.824516408E0;9.715917126E0
4.186612667E0;-4.991710115E0;-7.493706796E0;4.089152618E0;9.889083908E0
4.196673667E0;-5.005087960E0;-7.167510515E0;4.469847288E0;9.818535901E0
4.206733667E0;-5.025472523E0;-6.829395270E0;4.853072632E0;9.769766005E0
4.216794667E0;-4.897295709E0;-6.417439047E0;5.228221802E0;9.617761298E0
4.226855667E0;-4.876673164E0;-6.123746268E0;5.571407168E0;9.608474766E0
4.236916667E0;-4.947105215E0;-5.862475131E0;5.860523331E0;9.653403461E0
4.246976667E0;-4.853191623E0;-5.478354578E0;6.152635022E0;9.561420162E0
4.257037667E0;-4.689610210E0;-5.136501793E0;6.441644180E0;9.480025018E0
4.267098667E0;-4.487779236E0;-4.581653067E0;6.741433266E0;9.304763822E0
4.277159667E0;-4.275513906E0;-3.932908584E0;7.036624101E0;9.124794125E0
4.287219667E0;-4.212337664E0;-3.629394530E0;7.232967170E0;9.123163231E0
4.297280667E0;-4.313945315E0;-3.776011123E0;7.285023177E0;9.270380083E0
4.307341667E0;-4.326037650E0;-3.958817889E0;7.327853447E0;9.385322422E0
4.317401667E0;-4.072862860E0;-3.915007918E0;7.448381519E0;9.348469721E0
4.327462667E0;-3.768825772E0;-3.814734894E0;7.595158326E0;9.297455566E0
4.337523667E0;-3.624245764E0;-3.679620066E0;7.723174342E0;9.290973205E0
4.347584667E0;-3.555556183E0;-3.564574344E0;7.820743321E0;9.301193263E0
4.357644667E0;-3.596144630E0;-3.965546865E0;7.830088341E0;9.485151637E0
4.367705667E0;-3.514445579E0;-3.663730842E0;7.967398506E0;9.447417127E0
4.377766667E0;-3.222629172E0;-2.757203963E0;8.239111601E0;9.266632206E0
4.387826667E0;-2.836422917E0;-2.175865012E0;8.428391234E0;9.155187727E0
4.397887667E0;-2.896264492E0;-2.362965680E0;8.435759895E0;9.226808756E0
4.407948667E0;-3.014298726E0;-2.403403854E0;8.458345935E0;9.295480776E0
4.418009667E0;-2.941332199E0;-2.263018638E0;8.541892122E0;9.313249137E0
4.428069667E0;-2.809688863E0;-2.160399126E0;8.595581256E0;9.297617599E0
4.438130667E0;-2.764043158E0;-2.055985104E0;8.635228302E0;9.296998287E0
4.448191667E0;-2.730060310E0;-1.961329792E0;8.661006922E0;9.290483558E0
4.458251667E0;-2.622631756E0;-1.874575238E0;8.689001051E0;9.267738069E0
4.468312667E0;-2.498892978E0;-1.770165017E0;8.702144423E0;9.225251642E0
4.478373667E0;-2.423234101E0;-1.657025487E0;8.710795963E0;9.192157705E0
4.488434667E0;-2.425512907E0;-1.589097506E0;8.690662830E0;9.161657283E0
4.498494667E0;-2.381014865E0;-1.525432729E0;8.676337152E0;9.125513858E0
4.508555667E0;-2.310305071E0;-1.456798112E0;8.657503270E0;9.078112862E0
4.518616667E0;-2.286260151E0;-1.353622530E0;8.625110865E0;9.025066031E0
4.528676667E0;-2.310270572E0;-1.238828823E0;8.599680739E0;8.990359046E0
4.538737667E0;-2.335771595E0;-1.150716545E0;8.554998071E0;8.942481172E0
4.548798667E0;-2.363339609E0;-1.529895616E0;8.450424712E0;8.907055211E0
4.558859667E0;-2.388732313E0;-1.687015564E0;8.387979373E0;8.883144800E0
4.568919667E0;-2.277895416E0;-8.749180010E-1;8.534594797E0;8.876575769E0
4.578980667E0;-2.509557130E0;-1.240859268E0;8.392396359E0;8.847029183E0
4.589041667E0;-2.660943005E0;-1.653124809E0;8.236900184E0;8.812489090E0
4.599101667E0;-2.668955153E0;-1.764025440E0;8.146628530E0;8.752294771E0
4.609162667E0;-2.622599889E0;-1.970448233E0;8.065131208E0;8.706723713E0
4.619223667E0;-2.690033196E0;-2.154441106E0;7.927578968E0;8.644327814E0
4.629283667E0;-2.892880708E0;-2.301220837E0;7.786716034E0;8.619589476E0
4.639344667E0;-3.121044910E0;-2.515209049E0;7.636626779E0;8.624689354E0
4.649405667E0;-3.179610914E0;-2.731108131E0;7.474554241E0;8.569587988E0
4.659466667E0;-3.196592690E0;-2.914699593E0;7.300964441E0;8.486327847E0
4.669526667E0;-3.282212007E0;-3.112187548E0;7.099191647E0;8.417668860E0
4.679587667E0;-3.333444726E0;-3.335376939E0;6.870004182E0;8.332679673E0
4.689648667E0;-3.274824927E0;-3.367902660E0;6.655159353E0;8.146066084E0
4.699709667E0;-3.265978383E0;-3.244098394E0;6.444619828E0;7.919843049E0
4.709769667E0;-3.386815479E0;-3.983325031E0;6.013612207E0;7.968747027E0
4.719830667E0;-3.476395700E0;-4.625517710E0;5.561347618E0;8.025542254E0
4.729891667E0;-3.549340885E0;-5.172689626E0;5.066310062E0;8.063624267E0
4.739951667E0;-3.281097236E0;-5.291089895E0;4.628407404E0;7.757795205E0
4.750012667E0;-3.190487320E0;-5.201773676E0;4.280579934E0;7.453926703E0
4.760073667E0;-3.372178729E0;-5.337054858E0;3.890558370E0;7.415671808E0
4.770133667E0;-3.597202976E0;-5.512633295E0;3.498007302E0;7.454196817E0
4.780194667E0;-3.663604250E0;-5.738303075E0;3.127437671E0;7.492061443E0
4.790255667E0;-3.643687756E0;-5.957561383E0;2.802888551E0;7.524970586E0
4.800316667E0;-3.726845980E0;-6.384714519E0;2.466473676E0;7.793423692E0
4.810376667E0;-3.919228438E0;-6.899286454E0;2.135407834E0;8.217084138E0
4.820437917E0;-4.200459630E0;-7.458755064E0;1.834605426E0;8.754579675E0
4.830498917E0;-4.603964581E0;-8.279408857E0;1.523482098E0;9.595108055E0
4.840558917E0;-4.526912604E0;-8.322889338E0;1.392988032E0;9.576212211E0
4.850619917E0;-4.300458713E0;-8.228247474E0;1.309021431E0;9.376115333E0
4.860680917E0;-4.244636514E0;-8.405108206E0;1.137496283E0;9.484549588E0
4.870741917E0;-4.255321716E0;-8.686177431E0;8.744288814E-1;9.711954856E0
4.880801917E0;-4.238025067E0;-8.918739908E0;6.142976591E-1;9.893540299E0
4.890862917E0;-4.082356984E0;-9.256374512E0;3.470240629E-1;1.012257543E1
4.900923917E0;-3.821923753E0;-9.614465600E0;5.738018900E-2;1.034641689E1
4.910984917E0;-3.486015832E0;-9.755404547E0;-2.143726668E-1;1.036176529E1
4.921044917E0;-3.216577889E0;-9.799350466E0;-5.025912818E-1;1.032599830E1
4.931105917E0;-3.079532018E0;-9.845600188E0;-8.819960555E-1;1.035361181E1
4.941166917E0;-2.956341124E0;-9.808640522E0;-1.318332537E0;1.032895844E1
4.951226917E0;-2.866320316E0;-9.731381262E0;-1.803546771E0;1.030380291E1
4.961287917E0;-2.767595342E0;-9.670385447E0;-2.283576279E0;1.031458479E1
4.971348917E0;-2.604544564E0;-9.553577374E0;-2.738986670E0;1.027407130E1
4.981408917E0;-2.421516774E0;-9.402537362E0;-3.182865182E0;1.021773376E1
4.991469917E0;-2.276712525E0;-9.244280716E0;-3.593634421E0;1.017616599E1
5.001530917E0;-2.086994935E0;-9.019138355E0;-3.947302090E0;1.006387591E1
5.011591917E0;-1.770769911E0;-8.706429847E0;-4.226706612E0;9.838831005E0
5.021651917E0;-1.417070959E0;-8.370411998E0;-4.436547394E0;9.578874668E0
5.031712917E0;-1.117314911E0;-8.038104208E0;-4.630646303E0;9.343575174E0
5.041773917E0;-8.637694073E-1;-7.729811516E0;-4.793715792E0;9.136508893E0
5.051834917E0;-5.990522137E-1;-7.414488718E0;-4.909649706E0;8.912809138E0
5.061894917E0;-3.450553054E-1;-7.131860626E0;-4.999915513E0;8.716745625E0
5.071955917E0;-1.006972396E-1;-6.970858127E0;-5.085524012E0;8.629342817E0
5.082016917E0;1.370733529E-1;-6.857352562E0;-5.128682311E0;8.564196139E0
5.092076917E0;4.388858673E-1;-6.663074144E0;-5.150107094E0;8.432839435E0
5.102137917E0;7.344436151E-1;-6.358103256E0;-5.160290020E0;8.221525256E0
5.112198917E0;9.911153322E-1;-6.127755704E0;-5.162963367E0;8.073901801E0
5.122258917E0;1.183421484E0;-5.954902069E0;-5.221286420E0;8.007694858E0
5.132319917E0;1.180708961E0;-6.101947848E0;-5.374006337E0;8.216312147E0
5.142380917E0;1.196973576E0;-6.063816401E0;-5.540709870E0;8.300727736E0
5.152441917E0;1.412566264E0;-5.515417154E0;-5.599601272E0;7.985656156E0
5.162501917E0;1.574751070E0;-5.069617832E0;-5.691516579E0;7.782944614E0
5.172562917E0;1.603898270E0;-4.803671261E0;-5.852928382E0;7.739800895E0
5.182623917E0;1.662109056E0;-4.516461875E0;-6.011571529E0;7.700651053E0
5.192683917E0;1.656259502E0;-4.367725666E0;-6.236230325E0;7.791713014E0
5.202744917E0;1.649777863E0;-4.241555032E0;-6.481808120E0;7.919999532E0
5.212805917E0;1.654808515E0;-4.081915519E0;-6.700361254E0;8.018432918E0
5.222866917E0;1.612037594E0;-3.867058995E0;-6.906569161E0;8.077964351E0
5.232926917E0;1.548475729E0;-3.588402917E0;-7.081056508E0;8.088001845E0
5.242987917E0;1.425044515E0;-3.362171804E0;-7.272061070E0;8.137433460E0
5.253048917E0;1.302364668E0;-3.122814277E0;-7.440198925E0;8.173413166E0
5.263108917E0;1.123638674E0;-2.689584714E0;-7.580949007E0;8.122020540E0
5.273169917E0;9.060824910E-1;-2.293527655E0;-7.749491490E0;8.132396507E0
5.283230917E0;7.733129811E-1;-1.973130643E0;-7.910112165E0;8.189086150E0
5.293291917E0;6.160945085E-1;-1.754399169E0;-8.061025293E0;8.272703165E0
5.303351917E0;5.003567684E-1;-1.591961179E0;-8.184152452E0;8.352547435E0
5.313412917E0;3.308693755E-1;-1.494375828E0;-8.319281021E0;8.458904797E0
5.323473917E0;1.342190346E-1;-1.302059736E0;-8.382473634E0;8.484057905E0
5.333533917E0;7.244700193E-4;-9.224070400E-1;-8.390042270E0;8.440595037E0
5.343594917E0;-1.451189755E-1;-5.476414472E-1;-8.384795564E0;8.403913810E0
5.353655917E0;-2.478726809E-1;-6.539350569E-2;-8.310889097E0;8.314841836E0
5.363716917E0;-2.700707580E-1;3.008445078E-1;-8.243705758E0;8.253613164E0
5.373776917E0;-5.593483769E-1;4.384066880E-1;-8.214121771E0;8.244808518E0
5.383837917E0;-9.009826226E-1;5.739293593E-1;-8.181258080E0;8.250705931E0
5.393898917E0;-1.126247263E0;7.645883507E-1;-8.120967439E0;8.234266233E0
5.403959917E0;-1.398020146E0;6.645594478E-1;-8.124569324E0;8.270714981E0
5.414019917E0;-1.705282850E0;6.561757100E-1;-8.084000757E0;8.287920391E0
5.424080917E0;-1.855501913E0;1.293719852E0;-7.912117760E0;8.229107233E0
5.434141917E0;-2.045583930E0;1.820328280E0;-7.745776169E0;8.215537543E0
5.444201917E0;-2.445670160E0;1.960893590E0;-7.644205356E0;8.261978076E0
5.454262917E0;-2.860420767E0;1.696052143E0;-7.616235200E0;8.310573894E0
5.464323917E0;-2.850858523E0;1.728789534E0;-7.489924816E0;8.198480428E0
5.474383917E0;-2.820761150E0;1.837284036E0;-7.371525716E0;8.103807591E0
5.484444917E0;-2.919396662E0;1.769367456E0;-7.298969371E0;8.057821787E0
5.494505917E0;-3.163498619E0;1.649416505E0;-7.248154728E0;8.078616545E0
5.504566917E0;-3.436931088E0;1.564242454E0;-7.194042841E0;8.124875516E0
5.514626917E0;-3.613405611E0;1.529818726E0;-7.149455482E0;8.155474182E0
5.524687917E0;-3.640735205E0;1.449130658E0;-7.061432667E0;8.075813508E0
5.534748917E0;-3.565736770E0;1.295454721E0;-6.983879292E0;7.947782811E0
5.544808917E0;-3.508415930E0;1.148535241E0;-6.914661707E0;7.838409409E0
5.554869917E0;-3.388463225E0;1.082456442E0;-6.828241029E0;7.699238308E0
5.564930917E0;-3.319401761E0;1.061516978E0;-6.757741735E0;7.603441306E0
5.574991917E0;-3.330247469E0;9.890939498E-1;-6.711584984E0;7.557395586E0
5.585051917E0;-3.359002321E0;8.157824779E-1;-6.664072264E0;7.507213650E0
5.595112917E0;-3.356198581E0;6.092658377E-1;-6.613006775E0;7.440909379E0
5.605173917E0;-3.277884191E0;4.476821262E-1;-6.538151305E0;7.327507526E0
5.615233917E0;-3.187930040E0;3.625963676E-1;-6.429986587E0;7.186035177E0
5.625294917E0;-3.161614062E0;2.769826055E-1;-6.302263516E0;7.056277224E0
5.635355917E0;-3.128101622E0;1.564603812E-1;-6.189363137E0;6.936693424E0
5.645416917E0;-3.049397222E0;1.429410338E-2;-6.066026064E0;6.789381411E0
5.655476917E0;-2.933777304E0;-1.582765263E-1;-5.935979894E0;6.623289065E0
5.665537917E0;-2.789408087E0;-4.005202389E-1;-5.813677778E0;6.460655017E0
5.675598917E0;-2.652321578E0;-6.958736265E-1;-5.699502121E0;6.324822076E0
5.685658917E0;-2.472568229E0;-1.002530267E0;-5.577066103E0;6.182420796E0
5.695719917E0;-2.268921694E0;-1.331788734E0;-5.442879521E0;6.045378761E0
5.705780917E0;-1.892578523E0;-1.111779059E0;-5.208805538E0;5.652394296E0
5.715841917E0;-1.524258608E0;-9.433207762E-1;-5.007023388E0;5.318223538E0
5.725901917E0;-1.449280639E0;-2.077241487E0;-5.059682243E0;5.658244513E0
5.735962917E0;-1.701506426E0;-3.362492232E0;-5.220340340E0;6.438433924E0
5.746023917E0;-1.431740746E0;-3.781272740E0;-5.157875705E0;6.553746019E0
5.756083917E0;-9.991770346E-1;-3.758997188E0;-4.977601368E0;6.317034905E0
5.766144917E0;-7.552942014E-1;-3.859908435E0;-4.851321099E0;6.245372596E0
5.776205917E0;-8.905750903E-1;-4.011458325E0;-4.750401080E0;6.281021597E0
5.786266917E0;-9.066163418E-1;-4.199390175E0;-4.650370715E0;6.331096178E0
5.796326917E0;-7.132223153E-1;-4.415261191E0;-4.523228858E0;6.361038968E0
5.806387917E0;-6.713802248E-1;-4.378258840E0;-4.351329196E0;6.209184138E0
5.816448917E0;-6.399412081E-1;-4.740094485E0;-4.245498394E0;6.395488808E0
5.826509208E0;-8.072967061E-1;-5.410975358E0;-4.182839046E0;6.886691860E0
5.836570208E0;-1.064002045E0;-6.161860759E0;-4.086670475E0;7.470040424E0
5.846631208E0;-1.387857977E0;-6.805148036E0;-3.924463450E0;7.977318029E0
5.856692208E0;-1.672907402E0;-7.487483019E0;-3.766685691E0;8.546867393E0
5.866752208E0;-1.317512465E0;-6.910487965E0;-3.313945724E0;7.776433583E0
5.876813208E0;-1.062102869E0;-6.553692035E0;-2.896826409E0;7.243655503E0
5.886874208E0;-1.194502543E0;-6.585708464E0;-2.571332964E0;7.170086855E0
5.896934208E0;-1.460222534E0;-6.733791540E0;-2.278159418E0;7.257148798E0
5.906995208E0;-1.606625119E0;-6.828573736E0;-1.987157675E0;7.291053365E0
5.917056208E0;-1.877469610E0;-6.993076962E0;-1.733058586E0;7.445234019E0
5.927117208E0;-2.315199483E0;-7.152388446E0;-1.512977575E0;7.668501175E0
5.937177208E0;-2.717813025E0;-7.177496390E0;-1.274365568E0;7.779908076E0
5.947238208E0;-2.937291480E0;-7.035228370E0;-9.901534653E-1;7.687816553E0
5.957299209E0;-2.986332663E0;-6.754373739E0;-6.762468624E-1;7.416000081E0
5.967359209E0;-2.995757497E0;-6.524546589E0;-4.010070196E-1;7.190624298E0
5.977420209E0;-3.098073539E0;-6.390230783E0;-1.889036572E-1;7.104139195E0
5.987481209E0;-3.296139783E0;-6.328982368E0;-3.047451854E-2;7.135929090E0
5.997542208E0;-3.507851089E0;-6.303635273E0;7.128516018E-2;7.214285723E0
6.007602208E0;-3.713838264E0;-6.317466277E0;1.646105227E-1;7.330079906E0
6.017663208E0;-3.908516924E0;-6.338878196E0;2.574134365E-1;7.451452409E0
6.027724208E0;-4.106240521E0;-6.317462184E0;3.220204917E-1;7.541567268E0
6.037784208E0;-4.333152249E0;-6.200594469E0;4.054965118E-1;7.575487285E0
6.047845208E0;-4.532942253E0;-6.020751073E0;5.080856180E-1;7.553486608E0
6.057906208E0;-4.631046252E0;-5.772566589E0;6.506828356E-1;7.429165671E0
6.067967208E0;-4.672784262E0;-5.483801844E0;8.204146421E-1;7.251212010E0
6.078027208E0;-4.758786864E0;-5.227940551E0;9.957317090E-1;7.139250413E0
6.088088208E0;-4.866822652E0;-5.012826165E0;1.171598999E0;7.084280704E0
6.098149208E0;-4.951007062E0;-4.857012486E0;1.349062579E0;7.065621774E0
6.108209208E0;-5.077316861E0;-4.802928665E0;1.530355500E0;7.154666884E0
6.118270208E0;-5.132192395E0;-4.812060261E0;1.744682266E0;7.248395612E0
6.128331208E0;-5.112821739E0;-4.822456026E0;2.017943119E0;7.312258385E0
6.138391208E0;-5.076898200E0;-4.554278743E0;2.394649987E0;7.228464481E0
6.148452208E0;-5.066006591E0;-4.284567735E0;2.773089970E0;7.191103632E0
6.158513208E0;-5.217713186E0;-4.223851417E0;3.092375427E0;7.391091764E0
6.168574208E0;-5.219284918E0;-4.110058753E0;3.444022883E0;7.482968103E0
6.178634208E0;-4.983389527E0;-4.033164359E0;3.813217249E0;7.459303702E0
6.188695208E0;-4.766051445E0;-4.017765716E0;4.193766907E0;7.513013284E0
6.198756208E0;-4.606609569E0;-3.915254086E0;4.588853914E0;7.589970126E0
6.208816208E0;-4.403038171E0;-3.648944988E0;4.984777656E0;7.586142164E0
6.218877208E0;-4.183241919E0;-3.249013563E0;5.400881310E0;7.564728747E0
6.228938208E0;-3.985935813E0;-3.020738264E0;5.748065001E0;7.619238494E0
6.238999208E0;-3.786152242E0;-3.002597862E0;6.019431356E0;7.719073557E0
6.249059208E0;-3.553383942E0;-3.000170683E0;6.280766228E0;7.815087074E0
6.259120208E0;-3.279376985E0;-2.963731420E0;6.520636556E0;7.877608674E0
6.269181208E0;-3.112598022E0;-3.177379909E0;6.707834580E0;8.048543613E0
6.279241208E0;-2.950269083E0;-3.124288945E0;6.912927423E0;8.139645854E0
6.289302208E0;-2.625431403E0;-2.540225192E0;7.191055498E0;8.065786586E0
6.299363208E0;-2.334702724E0;-2.269430695E0;7.386475877E0;8.072247418E0
6.309424208E0;-2.102233218E0;-2.380973350E0;7.481151069E0;8.127486691E0
6.319484208E0;-1.923650627E0;-2.493150428E0;7.555401937E0;8.185372883E0
6.329545208E0;-1.655521291E0;-2.422974777E0;7.654883541E0;8.198097312E0
6.339606208E0;-1.356219132E0;-2.318424807E0;7.763461658E0;8.214971749E0
6.349666208E0;-1.154226190E0;-2.244927353E0;7.821779448E0;8.219012754E0
6.359727209E0;-1.020254639E0;-2.274451699E0;7.847173905E0;8.233601178E0
6.369788209E0;-8.438084748E-1;-2.320430694E0;7.868718556E0;8.247008128E0
6.379849209E0;-6.212399121E-1;-2.534398441E0;7.855105069E0;8.277184916E0
6.389909209E0;-4.312261610E-1;-2.582766024E0;7.866718808E0;8.291073582E0
6.399970208E0;-1.769618887E-1;-2.097596229E0;7.978521080E0;8.251546769E0
6.410031208E0;3.164630055E-2;-1.729341803E0;8.049477042E0;8.233207468E0
6.420091208E0;3.788527966E-2;-1.919659317E0;7.980807341E0;8.208520756E0
6.430152208E0;1.168643524E-1;-1.950200202E0;7.962609052E0;8.198785338E0
6.440213208E0;2.753259431E-1;-1.864000256E0;7.988499938E0;8.207705684E0
6.450274208E0;3.921981892E-1;-1.830979275E0;7.976982093E0;8.193811557E0
6.460334208E0;3.451659639E-1;-1.827659226E0;7.950542153E0;8.165206569E0
6.470395208E0;2.677716328E-1;-1.859796401E0;7.902326013E0;8.122641240E0
6.480456208E0;2.351731132E-1;-1.905068175E0;7.839356178E0;8.070941484E0
6.490516208E0;2.104420222E-1;-1.940389159E0;7.777144727E0;8.018315037E0
6.500577208E0;1.487559436E-1;-1.995624297E0;7.702274639E0;7.957994677E0
6.510638208E0;9.564670712E-2;-2.000497366E0;7.614777489E0;7.873752232E0
6.520699208E0;2.542632490E-2;-1.991779460E0;7.521275833E0;7.780579803E0
6.530759208E0;-1.187592888E-1;-2.022065113E0;7.432122751E0;7.703200612E0
6.540820208E0;-2.962021109E-1;-2.080429389E0;7.321810935E0;7.617403593E0
6.550881208E0;-4.413751732E-1;-2.153520169E0;7.218388892E0;7.545700721E0
6.560941208E0;-5.488600069E-1;-2.252589544E0;7.106977800E0;7.475596324E0
6.571002208E0;-6.935006802E-1;-2.379005177E0;6.973258994E0;7.400469568E0
6.581063208E0;-8.822545025E-1;-2.527167190E0;6.786747433E0;7.295538892E0
6.591124208E0;-1.040583069E0;-2.685977567E0;6.582990679E0;7.185614440E0
6.601184208E0;-1.215651775E0;-2.874447945E0;6.366387591E0;7.090215173E0
6.611245208E0;-1.386617929E0;-3.062686774E0;6.140292719E0;7.000425289E0
6.621306208E0;-1.520730983E0;-3.218010457E0;5.901522253E0;6.891747160E0
6.631366208E0;-1.627336542E0;-3.360103644E0;5.660383664E0;6.780742138E0
6.641427208E0;-1.829901634E0;-3.517158102E0;5.391115290E0;6.692015031E0
6.651488208E0;-2.050328800E0;-3.685646206E0;5.103132902E0;6.620407961E0
6.661548208E0;-2.225212588E0;-3.848736745E0;4.804245458E0;6.545618383E0
6.671609208E0;-2.259390294E0;-3.599894450E0;4.614824907E0;6.273810124E0
6.681670208E0;-2.324031556E0;-3.686740220E0;4.375230567E0;6.175420523E0
6.691731208E0;-2.703320408E0;-4.892989234E0;3.850116103E0;6.787685827E0
6.701791208E0;-2.619096237E0;-4.965225736E0;3.531997166E0;6.632355215E0
6.711852208E0;-2.553592804E0;-4.768714852E0;3.327476766E0;6.350872316E0
6.721913208E0;-2.714295048E0;-4.911233132E0;3.024438382E0;6.374545945E0
6.731973208E0;-2.980298044E0;-5.058509876E0;2.724025399E0;6.472326705E0
6.742034208E0;-3.012058657E0;-5.001646289E0;2.506114290E0;6.353705359E0
6.752095209E0;-2.905493152E0;-4.974276057E0;2.253426281E0;6.185728959E0
6.762156209E0;-2.879622146E0;-5.202061359E0;1.956802293E0;6.259611913E0
6.772216209E0;-2.964991495E0;-5.621824200E0;1.627471905E0;6.560849541E0
6.782277209E0;-3.021772637E0;-5.833191106E0;1.353197730E0;6.707337209E0
6.792338208E0;-2.998326471E0;-5.910623444E0;1.137158899E0;6.724474811E0
6.802398208E0;-2.945639842E0;-6.068088377E0;8.959039503E-1;6.804493700E0
6.812459208E0;-2.784863924E0;-6.164761562E0;6.415255111E-1;6.794947180E0
6.822520208E0;-2.549868712E0;-6.169387295E0;4.340847185E-1;6.689663638E0
6.832581208E0;-2.325700059E0;-6.152473639E0;1.961506963E-1;6.580295414E0
6.842641208E0;-2.165057895E0;-6.042622583E0;-2.007816911E-2;6.418813481E0
6.852702208E0;-2.029743969E0;-5.946331805E0;-2.514750043E-1;6.288239992E0
6.862763208E0;-1.871823246E0;-5.936063510E0;-4.754602012E-1;6.242326061E0
6.872823208E0;-1.713955440E0;-6.000061870E0;-7.254636075E-1;6.282092258E0
6.882884208E0;-1.554042571E0;-6.095531698E0;-1.011283987E0;6.371283254E0
6.892945208E0;-1.410124175E0;-6.152826810E0;-1.284740721E0;6.441761147E0
6.903006208E0;-1.257393148E0;-6.149216740E0;-1.558864185E0;6.467144778E0
6.913066208E0;-1.086512948E0;-6.021684873E0;-1.795305851E0;6.376858333E0
6.923127208E0;-9.142510512E-1;-5.871707300E0;-2.043818364E0;6.284106548E0
6.933188208E0;-7.328575578E-1;-5.761365663E0;-2.281537939E0;6.239858161E0
6.943248208E0;-5.394299099E-1;-5.657292826E0;-2.518674109E0;6.216081242E0
6.953309208E0;-3.875546229E-1;-5.557929921E0;-2.740816848E0;6.209094989E0
6.963370208E0;-2.482654676E-1;-5.436741114E0;-2.935943112E0;6.183813681E0
6.973431208E0;-6.099932313E-2;-5.293550988E0;-3.122792643E0;6.146318969E0
6.983491208E0;1.390087813E-1;-5.166859952E0;-3.285574449E0;6.124603225E0
6.993552208E0;2.807210228E-1;-5.080185505E0;-3.454592895E0;6.149902530E0
7.003613208E0;3.973791146E-1;-5.019372708E0;-3.618841767E0;6.200647408E0
7.013673208E0;5.168269131E-1;-4.987455681E0;-3.801529834E0;6.292332899E0
7.023734208E0;5.972714442E-1;-5.004939440E0;-3.972912310E0;6.417957946E0
7.033795208E0;6.305268985E-1;-4.993847272E0;-4.142794390E0;6.519111911E0
7.043856208E0;6.711124223E-1;-4.888261176E0;-4.289565350E0;6.538031821E0
7.053916208E0;7.216621864E-1;-4.735343623E0;-4.425279225E0;6.521301385E0
7.063977208E0;7.882058394E-1;-4.566586547E0;-4.569408121E0;6.508031324E0
7.074038208E0;8.479152668E-1;-4.355244200E0;-4.687382129E0;6.454352296E0
7.084098208E0;9.114297697E-1;-4.148839241E0;-4.828150629E0;6.430754993E0
7.094159208E0;9.910159296E-1;-3.903864294E0;-4.959652755E0;6.389086355E0
7.104220208E0;1.068259695E0;-3.631912633E0;-5.089430537E0;6.343049057E0
7.114281208E0;1.094588538E0;-3.379182524E0;-5.226729008E0;6.319469497E0
7.124341208E0;1.089492104E0;-3.106890555E0;-5.390569160E0;6.316486194E0
7.134402208E0;1.060308359E0;-2.873427022E0;-5.547831779E0;6.337134535E0
7.144463209E0;1.005748282E0;-2.685953009E0;-5.725759628E0;6.403920400E0
7.154523209E0;9.598178181E-1;-2.471888782E0;-5.894064129E0;6.463085668E0
7.164584209E0;8.510680854E-1;-2.457011712E0;-6.097142606E0;6.628451659E0
7.174645208E0;7.463938621E-1;-2.614003020E0;-6.307671021E0;6.868539095E0
7.184705208E0;7.369231269E-1;-2.037722495E0;-6.380864128E0;6.738753273E0
7.194766208E0;7.269612256E-1;-1.279897034E0;-6.434210030E0;6.600429362E0
7.204827208E0;7.572044867E-1;-8.168034017E-1;-6.507847525E0;6.602469678E0
7.214888208E0;6.377140036E-1;-6.709083545E-1;-6.640006878E0;6.704214235E0
7.224948208E0;5.555071217E-1;-8.103346270E-1;-6.815972401E0;6.886414898E0
7.235009208E0;5.540070185E-1;-7.725329626E-1;-6.921911670E0;6.986887155E0
7.245070208E0;5.229890013E-1;-5.754063660E-1;-7.004909973E0;7.047934003E0
7.255130208E0;4.061426291E-1;-3.881726736E-1;-7.086674513E0;7.108908883E0
7.265191208E0;2.838823199E-1;-2.933758593E-1;-7.158833247E0;7.170463864E0
7.275252208E0;1.253914931E-1;-4.072305036E-1;-7.255300611E0;7.267802052E0
7.285313208E0;1.636153266E-2;-1.646575928E-1;-7.258218956E0;7.260104836E0
7.295373208E0;5.774666324E-2;2.878613502E-1;-7.187729602E0;7.193723352E0
7.305434208E0;1.797916487E-1;6.124782979E-1;-7.143586047E0;7.172048265E0
7.315495208E0;2.701365392E-1;9.364023507E-1;-7.099668195E0;7.166248084E0
7.325555208E0;1.893136932E-1;9.811551851E-1;-7.100362844E0;7.170331770E0
7.335616208E0;1.120618880E-3;9.115943688E-1;-7.123112606E0;7.181207333E0
7.345677208E0;-1.115679444E-1;8.676069349E-1;-7.131671761E0;7.185118740E0
7.355738208E0;-1.723471199E-1;8.183552527E-1;-7.141613781E0;7.190414192E0
7.365798208E0;-2.140243189E-1;8.166069353E-1;-7.130594119E0;7.180391757E0
7.375859208E0;-3.114924337E-1;8.132395238E-1;-7.100680933E0;7.153883964E0
7.385920208E0;-4.002265625E-1;8.423896480E-1;-7.042895240E0;7.104377170E0
7.395980208E0;-4.230000056E-1;8.903409094E-1;-6.996226273E0;7.065325045E0
7.406041208E0;-3.608622296E-1;8.938299429E-1;-6.917421008E0;6.984258509E0
7.416102208E0;-3.350589055E-1;8.555499762E-1;-6.868963963E0;6.930144021E0
7.426163208E0;-3.752514964E-1;7.957364684E-1;-6.828268511E0;6.884712127E0
7.436223208E0;-4.222021531E-1;7.141151851E-1;-6.801612225E0;6.852017514E0
7.446284208E0;-4.611098184E-1;6.391094416E-1;-6.774231468E0;6.819918997E0
7.456345208E0;-4.671331814E-1;6.030128253E-1;-6.738176951E0;6.781214235E0
7.466405208E0;-4.186492386E-1;5.910219401E-1;-6.668803246E0;6.708018400E0
7.476466208E0;-3.838518736E-1;5.520268589E-1;-6.566295124E0;6.600629331E0
7.486527208E0;-3.317113745E-1;5.187141019E-1;-6.480611780E0;6.509794605E0
7.496588208E0;-3.086903018E-1;4.247242033E-1;-6.395171095E0;6.416688686E0
7.506648208E0;-3.310649648E-1;2.583563000E-1;-6.325576365E0;6.339500638E0
7.516709208E0;-3.126655313E-1;1.091511440E-1;-6.261388555E0;6.270140377E0
7.526770208E0;-2.348792906E-1;1.925371170E-2;-6.173734115E0;6.178230483E0
7.536830208E0;-1.378783683E-1;-5.085264981E-2;-6.070534267E0;6.072312798E0
7.546891209E0;-6.725920603E-2;-1.488929147E-1;-5.966143926E0;5.968380538E0
7.556952209E0;-2.231531382E-2;-3.046732646E-1;-5.851926169E0;5.859894510E0
7.567012209E0;-2.580668628E-3;-4.799657732E-1;-5.766732237E0;5.786672144E0
7.577073208E0;2.379992187E-2;-6.662557250E-1;-5.677991384E0;5.716996527E0
7.587134208E0;6.336919963E-2;-8.183733791E-1;-5.579617243E0;5.639670135E0
7.597195208E0;9.614430517E-2;-9.721533966E-1;-5.487068684E0;5.573351657E0
7.607255208E0;7.890262038E-2;-1.150711575E0;-5.381743373E0;5.503955349E0
7.617316208E0;5.298805296E-2;-1.322233799E0;-5.275883042E0;5.439306189E0
7.627377208E0;5.321053952E-2;-1.472969756E0;-5.135333519E0;5.342669896E0
7.637437208E0;1.090564191E-1;-1.569030738E0;-4.987477316E0;5.229596613E0
7.647498208E0;1.655241501E-1;-1.707377615E0;-4.829540805E0;5.125134237E0
7.657559208E0;1.662623611E-1;-1.894211358E0;-4.682837965E0;5.054171668E0
7.667620208E0;9.769527912E-2;-2.093951660E0;-4.561606473E0;5.020202340E0
7.677680208E0;3.101129293E-2;-2.314503956E0;-4.423472435E0;4.992494232E0
7.687741208E0;-2.218696743E-2;-2.515092689E0;-4.254782603E0;4.942606447E0
7.697802208E0;-7.551328182E-2;-2.691138904E0;-4.080858343E0;4.888899229E0
7.707862208E0;-1.216054210E-1;-2.821451122E0;-3.891409725E0;4.808164302E0
7.717923208E0;-2.081611696E-1;-2.949944855E0;-3.693573276E0;4.731594791E0
7.727984208E0;-2.950829539E-1;-2.941864588E0;-3.476233440E0;4.563533733E0
7.738045208E0;-3.253095505E-1;-2.459402638E0;-3.172802124E0;4.027550243E0
7.748105208E0;-6.003657907E-1;-3.450985163E0;-3.161095414E0;4.718290145E0
7.758166208E0;-7.618252489E-1;-3.789984507E0;-3.018629758E0;4.904741165E0
7.768227208E0;-8.506172651E-1;-3.884725188E0;-2.827608240E0;4.879549966E0
7.778287208E0;-9.092891040E-1;-3.995658563E0;-2.616142516E0;4.861717361E0
7.788348208E0;-1.069831134E0;-4.135050922E0;-2.434537354E0;4.916315379E0
7.798409208E0;-1.259377985E0;-4.312529705E0;-2.241658759E0;5.020854445E0
7.808470208E0;-1.375005505E0;-4.556798308E0;-2.055049549E0;5.184426642E0
7.818530208E0;-1.506220533E0;-4.775264318E0;-1.874464141E0;5.346537704E0
7.828590792E0;-1.643483043E0;-4.879290377E0;-1.673519897E0;5.413795337E0
7.838651792E0;-1.749252742E0;-4.894438174E0;-1.438854761E0;5.393117208E0
7.848711792E0;-1.920085726E0;-4.835147992E0;-1.227398101E0;5.345268132E0
7.858772792E0;-2.077146177E0;-4.758974560E0;-1.006694069E0;5.289216204E0
7.868833792E0;-2.170143950E0;-4.718991884E0;-7.815787514E-1;5.252549334E0
7.878894792E0;-2.271104606E0;-4.676263940E0;-5.798992203E-1;5.230835849E0
7.888954792E0;-2.408637550E0;-4.681536375E0;-4.043691686E-1;5.280325000E0
7.899015792E0;-2.554809902E0;-4.667061008E0;-2.289382271E-1;5.325497610E0
7.909076792E0;-2.643202261E0;-4.566367861E0;-4.657862753E-2;5.276400591E0
7.919136792E0;-2.674876336E0;-4.420313770E0;1.791455314E-1;5.169741807E0
7.929197792E0;-2.680232093E0;-4.205181257E0;4.033900523E-1;5.002990807E0
7.939258792E0;-2.685975228E0;-3.969924383E0;6.569069043E-1;4.838004672E0
7.949318792E0;-2.762192515E0;-3.819796536E0;8.803062102E-1;4.795361518E0
7.959379792E0;-2.845574687E0;-3.735277373E0;1.107058602E0;4.824434796E0
7.969440792E0;-2.921171291E0;-3.650506194E0;1.340154638E0;4.863687042E0
7.979501792E0;-3.019672025E0;-3.559738111E0;1.571331033E0;4.925366562E0
7.989561792E0;-3.133400954E0;-3.549093840E0;1.799720353E0;5.064904932E0
7.999622792E0;-3.194723336E0;-3.547370081E0;2.015390224E0;5.181880878E0
8.009683792E0;-3.222871832E0;-3.547054331E0;2.238316491E0;5.289476154E0
8.019743792E0;-3.206459282E0;-3.565131583E0;2.471433869E0;5.394397993E0
8.029804792E0;-3.150618080E0;-3.610692503E0;2.704690411E0;5.502621635E0
8.039865792E0;-3.055582992E0;-3.664507352E0;2.948477204E0;5.608807304E0
8.049926792E0;-2.996122364E0;-3.782572576E0;3.174315968E0;5.775888363E0
8.059986792E0;-2.980034627E0;-3.934024233E0;3.393853188E0;5.989607041E0
8.070047792E0;-2.987974853E0;-4.008471567E0;3.600361642E0;6.161042281E0
8.080108792E0;-2.992155612E0;-4.011938966E0;3.821089355E0;6.296774836E0
8.090168792E0;-3.033590152E0;-3.972857931E0;4.028404140E0;6.419837168E0
8.100229792E0;-3.046147340E0;-3.880728616E0;4.249300838E0;6.511192350E0
8.110290792E0;-2.999933579E0;-3.751258982E0;4.462854018E0;6.556570095E0
8.120351792E0;-2.925255864E0;-3.567595600E0;4.679372905E0;6.571254904E0
8.130411792E0;-2.859781082E0;-3.404331399E0;4.869817888E0;6.594160020E0
8.140472792E0;-2.773485242E0;-3.231940278E0;5.065016658E0;6.617556354E0
8.150533792E0;-2.614397707E0;-3.050400020E0;5.250898474E0;6.611501375E0
8.160593792E0;-2.464249980E0;-2.836422333E0;5.427624135E0;6.601281948E0
8.170654792E0;-2.345554133E0;-2.722153705E0;5.571493707E0;6.629727529E0
8.180715792E0;-2.218770711E0;-2.650299026E0;5.687577894E0;6.655491770E0
8.190776792E0;-2.092677113E0;-2.556003903E0;5.794761450E0;6.670210920E0
8.200836792E0;-2.006982805E0;-2.422477471E0;5.894478697E0;6.681411242E0
8.210897792E0;-1.998474814E0;-2.266557373E0;5.970977819E0;6.692066947E0
8.220958792E0;-1.940405677E0;-2.072145054E0;6.049231691E0;6.682227425E0
8.231018792E0;-1.827689778E0;-1.801081585E0;6.154394449E0;6.667901906E0
8.241079792E0;-1.735308887E0;-1.676136526E0;6.222536146E0;6.673880931E0
8.251140792E0;-1.713939945E0;-1.665179429E0;6.255074732E0;6.695996757E0
8.261201792E0;-1.706170165E0;-1.610788629E0;6.310121005E0;6.732256957E0
8.271261792E0;-1.686680080E0;-1.578596783E0;6.357412115E0;6.764136774E0
8.281322792E0;-1.657977121E0;-1.533480837E0;6.396432340E0;6.783420839E0
8.291383792E0;-1.622948206E0;-1.468179132E0;6.443390744E0;6.804909634E0
8.301443792E0;-1.570950964E0;-1.390280771E0;6.484970294E0;6.815835038E0
8.311504792E0;-1.529592585E0;-1.303053762E0;6.536166176E0;6.838060460E0
8.321565792E0;-1.505320061E0;-1.235438315E0;6.566810848E0;6.849474508E0
8.331625792E0;-1.530772406E0;-1.198419592E0;6.578344481E0;6.859598369E0
8.341686792E0;-1.573978945E0;-1.169745432E0;6.572777347E0;6.859090038E0
8.351747792E0;-1.619664702E0;-1.140980054E0;6.557095115E0;6.849864639E0
8.361808792E0;-1.674326813E0;-1.112248591E0;6.525823036E0;6.828384399E0
8.371868792E0;-1.725169523E0;-1.088770850E0;6.488191525E0;6.801342597E0
8.381929792E0;-1.782560821E0;-1.085068978E0;6.459152498E0;6.787897227E0
8.391990792E0;-1.812540812E0;-1.063816103E0;6.409528933E0;6.745299848E0
8.402050792E0;-1.840815023E0;-1.025247284E0;6.350114205E0;6.690566670E0
8.412111792E0;-1.891514037E0;-1.011765359E0;6.259461898E0;6.616823841E0
8.422172792E0;-1.921498998E0;-1.017746476E0;6.164338224E0;6.536591774E0
8.432233792E0;-1.935233084E0;-1.022273390E0;6.077481928E0;6.459563187E0
8.442293792E0;-1.938152453E0;-1.039358954E0;5.968021467E0;6.360344503E0
8.452354792E0;-1.971793969E0;-1.080247364E0;5.852324950E0;6.269339131E0
8.462415792E0;-2.012210362E0;-1.117764269E0;5.726010473E0;6.171351833E0
8.472475792E0;-2.027039632E0;-1.147523088E0;5.589257548E0;6.055204278E0
8.482536792E0;-2.061647840E0;-1.202715542E0;5.444518495E0;5.944720190E0
8.492597792E0;-2.108801833E0;-1.254648757E0;5.304082993E0;5.844183867E0
8.502658792E0;-2.140032835E0;-1.288442740E0;5.147038475E0;5.721173857E0
8.512718792E0;-2.158524070E0;-1.320446890E0;4.999841253E0;5.603679033E0
8.522779792E0;-2.210230414E0;-1.383866960E0;4.831002901E0;5.489881171E0
8.532840792E0;-2.229991371E0;-1.463811847E0;4.661560532E0;5.370824260E0
8.542900792E0;-2.238853265E0;-1.572267172E0;4.477773188E0;5.247374651E0
8.552961792E0;-2.259205815E0;-1.692429793E0;4.298762435E0;5.142731569E0
8.563022792E0;-2.279393765E0;-1.837717314E0;4.107796465E0;5.044485372E0
8.573082792E0;-2.287109020E0;-2.016338058E0;3.912259142E0;4.960066373E0
8.583143792E0;-2.292029598E0;-2.197573092E0;3.711349981E0;4.884347025E0
8.593204792E0;-2.233730227E0;-2.362766874E0;3.506479917E0;4.782009979E0
8.603265792E0;-2.166637667E0;-2.530740423E0;3.293933628E0;4.684972211E0
8.613325792E0;-2.137990842E0;-2.733370419E0;3.079803329E0;4.639774480E0
8.623386792E0;-2.140503390E0;-2.949188810E0;2.862112074E0;4.633697760E0
8.633447792E0;-2.141344658E0;-3.146339965E0;2.650604543E0;4.637943140E0
8.643507792E0;-2.120380782E0;-3.333264340E0;2.459074025E0;4.653354798E0
8.653568792E0;-2.068390995E0;-3.489613039E0;2.282954135E0;4.654838349E0
8.663629792E0;-2.002323013E0;-3.581233646E0;2.101003694E0;4.609636471E0
8.673690792E0;-1.934198273E0;-3.653487105E0;1.929415689E0;4.561988151E0
8.683750792E0;-1.864604420E0;-3.741997578E0;1.766179847E0;4.538577615E0
8.693811792E0;-1.792081112E0;-3.857937339E0;1.592692081E0;4.542235495E0
8.703872792E0;-1.716987806E0;-3.997096978E0;1.411612583E0;4.573563323E0
8.713932792E0;-1.612118432E0;-4.144739174E0;1.228973341E0;4.613909853E0
8.723993792E0;-1.505990883E0;-4.257943608E0;1.035050726E0;4.633510798E0
8.734054792E0;-1.410821455E0;-4.364155356E0;8.313740784E-1;4.661271501E0
8.744115792E0;-1.305477726E0;-4.432552577E0;6.535272136E-1;4.666786073E0
8.754175792E0;-1.175445005E0;-4.499708433E0;4.516602793E-1;4.672584290E0
8.764236792E0;-1.057334172E0;-4.545657023E0;2.386552763E-1;4.673104928E0
8.774297792E0;-1.002382332E0;-4.500017166E0;5.109443218E-2;4.610589493E0
8.784357792E0;-9.318032232E-1;-4.323165790E0;-1.281747678E-1;4.424302031E0
8.794418792E0;-7.622816241E-1;-4.536194474E0;-4.049585679E-1;4.617588659E0
8.804479792E0;-6.278450730E-1;-4.790397497E0;-6.740331066E-1;4.878157259E0
8.814540792E0;-5.476537263E-1;-4.941929845E0;-9.240107851E-1;5.057310661E0
8.824600792E0;-4.228127486E-1;-4.827121519E0;-1.123643060E0;4.974177973E0
8.834661792E0;-3.293362355E-1;-4.638955781E0;-1.311538657E0;4.832029257E0
8.844722792E0;-2.015970853E-1;-4.525543771E0;-1.514642716E0;4.776539580E0
8.854782792E0;-3.185095310E-2;-4.447094017E0;-1.691570252E0;4.758053131E0
8.864843792E0;1.441598859E-1;-4.341652347E0;-1.867627577E0;4.728505043E0
8.874904792E0;2.562898940E-1;-4.207249417E0;-2.033147049E0;4.679777675E0
8.884965792E0;2.790417024E-1;-4.076559470E0;-2.210921116E0;4.645898574E0
8.895025792E0;2.874687096E-1;-3.944708850E0;-2.367171582E0;4.609432445E0
8.905086792E0;3.681518072E-1;-3.823551618E0;-2.508697590E0;4.587880374E0
8.915147792E0;4.835471928E-1;-3.718471890E0;-2.630695066E0;4.580546651E0
8.925207792E0;5.993106607E-1;-3.598803359E0;-2.746360009E0;4.566514227E0
8.935268792E0;6.913209844E-1;-3.432550646E0;-2.866822007E0;4.525372588E0
8.945329792E0;7.597547498E-1;-3.279348333E0;-2.990665450E0;4.502824958E0
8.955389792E0;8.142160088E-1;-3.161093075E0;-3.109253415E0;4.508094268E0
8.965450792E0;8.665442035E-1;-3.039753410E0;-3.245264913E0;4.530203528E0
8.975511792E0;9.229929310E-1;-2.900493198E0;-3.366822095E0;4.538751785E0
8.985572792E0;9.858762270E-1;-2.692798344E0;-3.493997866E0;4.520081409E0
8.995632792E0;9.977583539E-1;-2.508028668E0;-3.621022194E0;4.516362614E0
9.005693792E0;1.003181354E0;-2.332890526E0;-3.764633319E0;4.541058804E0
9.015754792E0;1.005800322E0;-2.208746536E0;-3.916837512E0;4.607799002E0
9.025814792E0;1.044365340E0;-2.061444064E0;-4.055601879E0;4.667778615E0
9.035875792E0;1.062092344E0;-1.870913712E0;-4.211071742E0;4.728793026E0
9.045936792E0;1.057584141E0;-1.676193829E0;-4.363094671E0;4.792150361E0
9.055997792E0;1.069442294E0;-1.480790407E0;-4.514608600E0;4.870127089E0
9.066057792E0;1.072193117E0;-1.305285645E0;-4.666609018E0;4.962923374E0
9.076118792E0;1.033485719E0;-1.184417850E0;-4.820686366E0;5.070498537E0
9.086179792E0;1.009373263E0;-1.084144533E0;-4.984971199E0;5.200398216E0
9.096239792E0;9.596660829E-1;-9.868006718E-1;-5.146864813E0;5.327752993E0
9.106300792E0;8.716774741E-1;-8.196755540E-1;-5.302169200E0;5.435502539E0
9.116361792E0;8.329262218E-1;-6.996345556E-1;-5.447166699E0;5.554716883E0
9.126422792E0;8.209897158E-1;-5.476911485E-1;-5.557566224E0;5.644513446E0
9.136482792E0;7.662700099E-1;-3.811051440E-1;-5.664277909E0;5.728564837E0
9.146543792E0;7.126647833E-1;-2.923976201E-1;-5.750883944E0;5.802245565E0
9.156604792E0;6.532708132E-1;-1.244006824E-1;-5.822290142E0;5.860145116E0
9.166664792E0;6.447888422E-1;1.405618018E-1;-5.853177474E0;5.890262881E0
9.176725792E0;6.288475782E-1;3.292175370E-1;-5.893530863E0;5.936121587E0
9.186786792E0;5.558094227E-1;3.454090619E-1;-5.946342915E0;5.982242522E0
9.196846792E0;4.588225338E-1;3.435502321E-1;-5.988411877E0;6.015781054E0
9.206907792E0;4.402742887E-1;4.279015803E-1;-6.001340071E0;6.032663082E0
9.216968792E0;4.634438807E-1;5.372129381E-1;-5.994830950E0;6.036669288E0
9.227029792E0;4.149254394E-1;6.145721859E-1;-5.983390288E0;6.029164240E0
9.237089792E0;3.101219925E-1;6.573738045E-1;-5.988167464E0;6.032119490E0
9.247150792E0;2.340403613E-1;6.782676601E-1;-5.964847013E0;6.007846686E0
9.257211792E0;2.039175528E-1;6.897013056E-1;-5.942941589E0;5.986303116E0
9.267271792E0;1.650041865E-1;6.991375422E-1;-5.911465443E0;5.954951164E0
9.277332792E0;9.199380532E-2;6.836506069E-1;-5.887754399E0;5.928026052E0
9.287393792E0;1.461774677E-2;6.620474839E-1;-5.870342560E0;5.907574995E0
9.297454792E0;-3.728535533E-2;6.640957636E-1;-5.841971285E0;5.879714438E0
9.307514792E0;-9.354492545E-2;6.761755264E-1;-5.823492329E0;5.863363105E0
9.317575792E0;-1.400365756E-1;6.637028307E-1;-5.806196850E0;5.845685037E0
9.327636792E0;-1.842529280E-1;6.318249804E-1;-5.795385348E0;5.832636049E0
9.337696792E0;-2.214939907E-1;5.925585884E-1;-5.759282885E0;5.793921350E0
9.347757792E0;-2.262268732E-1;5.676441872E-1;-5.739620453E0;5.772056952E0
9.357818792E0;-2.604352775E-1;5.629576439E-1;-5.718955223E0;5.752494823E0
9.367879792E0;-2.917042865E-1;5.080733389E-1;-5.697788887E0;5.727829267E0
9.377939792E0;-2.923406097E-1;4.600098109E-1;-5.672776837E0;5.698900693E0
9.388000792E0;-2.531470156E-1;4.289225042E-1;-5.645458646E0;5.667385751E0
9.398061792E0;-2.396506186E-1;3.868816084E-1;-5.604462647E0;5.622909511E0
9.408121792E0;-2.588081436E-1;3.288865846E-1;-5.584620121E0;5.600279452E0
9.418182792E0;-2.699561526E-1;2.604653907E-1;-5.569378184E0;5.581997125E0
9.428243792E0;-2.740189442E-1;1.853362709E-1;-5.546275835E0;5.556132788E0
9.438303792E0;-2.575223409E-1;1.175758123E-1;-5.491145947E0;5.498438473E0
9.448364792E0;-2.622689644E-1;5.145432830E-2;-5.443194686E0;5.449752374E0
9.458425792E0;-2.721870115E-1;7.835268974E-5;-5.372915246E0;5.379805203E0
9.468486792E0;-2.854080047E-1;-1.020286506E-1;-5.293099583E0;5.301770532E0
9.478546792E0;-2.956137349E-1;-2.181461674E-1;-5.201923950E0;5.214881399E0
9.488607792E0;-2.854543439E-1;-3.082874286E-1;-5.101343654E0;5.118616258E0
9.498668792E0;-2.710143524E-1;-3.757175195E-1;-4.983252118E0;5.004739164E0
9.508729792E0;-2.879361945E-1;-4.519669658E-1;-4.862718784E0;4.892158558E0
9.518789792E0;-3.220929971E-1;-5.739018774E-1;-4.735711997E0;4.781221118E0
9.528850792E0;-3.256048349E-1;-6.998520720E-1;-4.601423965E0;4.665716873E0
9.538911792E0;-3.403833801E-1;-8.268383932E-1;-4.450965751E0;4.539891925E0
9.548971792E0;-3.706780967E-1;-9.175848413E-1;-4.293300259E0;4.405881445E0
9.559032792E0;-3.725763953E-1;-1.004370385E0;-4.127340199E0;4.264095468E0
9.569093792E0;-4.088317636E-1;-1.102741018E0;-3.956792121E0;4.127879002E0
9.579153792E0;-4.534968898E-1;-1.199745741E0;-3.776556084E0;3.988411354E0
9.589214792E0;-4.352889526E-1;-1.272230165E0;-3.595838821E0;3.839023690E0
9.599275792E0;-4.268789023E-1;-1.318065319E0;-3.409059457E0;3.679838062E0
9.609336792E0;-4.521608010E-1;-1.398919448E0;-3.230965548E0;3.549727226E0
9.619396792E0;-4.941341615E-1;-1.519997742E0;-3.060342625E0;3.452572764E0
9.629457792E0;-5.286888671E-1;-1.611619518E0;-2.913899109E0;3.371592711E0
9.639518792E0;-5.577723330E-1;-1.712966968E0;-2.765833576E0;3.300787963E0
9.649578792E0;-5.991712046E-1;-1.811505416E0;-2.618911173E0;3.240255196E0
9.659639792E0;-6.425218767E-1;-1.896495865E0;-2.483128885E0;3.189899683E0
9.669700792E0;-7.047584707E-1;-1.978369748E0;-2.340408876E0;3.144542108E0
9.679761792E0;-7.666398463E-1;-2.048174978E0;-2.198315104E0;3.100862249E0
9.689821792E0;-8.339562088E-1;-2.126425341E0;-2.061551653E0;3.076875511E0
9.699882792E0;-9.262852058E-1;-2.230236808E0;-1.946194274E0;3.101553265E0
9.709943792E0;-9.969572854E-1;-2.355086557E0;-1.839275597E0;3.150125591E0
9.720003792E0;-1.096501746E0;-2.491400941E0;-1.721522030E0;3.220719303E0
9.730064792E0;-1.218720687E0;-2.641825826E0;-1.622963701E0;3.331446380E0
9.740125792E0;-1.349898146E0;-2.805422149E0;-1.524363273E0;3.466453783E0
9.750185792E0;-1.413401978E0;-2.861448416E0;-1.398741692E0;3.484547389E0
9.760246792E0;-1.484275494E0;-2.902604628E0;-1.252118082E0;3.492275341E0
9.770307792E0;-1.598636799E0;-2.942584380E0;-1.127353630E0;3.533464115E0
9.780368792E0;-1.722195775E0;-2.989172071E0;-9.860626070E-1;3.587955883E0
9.790428792E0;-1.811609496E0;-2.991353667E0;-8.248503399E-1;3.593118953E0
9.800489792E0;-1.861776122E0;-2.989307141E0;-6.696267910E-1;3.584768828E0
9.810550792E0;-1.937230054E0;-3.064807559E0;-5.066154818E-1;3.660951366E0
9.820610792E0;-2.039072910E0;-3.117530733E0;-3.336874411E-1;3.740075335E0
9.830672292E0;-2.156435006E0;-3.120975913E0;-1.555520162E-1;3.796695802E0
9.840733292E0;-2.318266055E0;-3.118958623E0;3.260729045E-2;3.886299478E0
9.850794292E0;-2.433347591E0;-3.097456657E0;2.337240270E-1;3.945889654E0
9.860854292E0;-2.476225078E0;-3.051873518E0;4.409651372E-1;3.954753198E0
9.870915292E0;-2.501518378E0;-2.987585721E0;6.660048795E-1;3.953077932E0
9.880976292E0;-2.588118858E0;-2.925501155E0;8.699861670E-1;4.001723649E0
9.891036292E0;-2.652176275E0;-2.850998272E0;1.089029590E0;4.043292666E0
9.901097292E0;-2.673446399E0;-2.765544139E0;1.306018593E0;4.062171168E0
9.911158292E0;-2.688339842E0;-2.694003455E0;1.524008055E0;4.099686119E0
9.921219292E0;-2.686983580E0;-2.611362417E0;1.757124849E0;4.138427500E0
9.931279292E0;-2.682846383E0;-2.539800684E0;1.967357687E0;4.185540407E0
9.941340292E0;-2.702329890E0;-2.457788222E0;2.167716039E0;4.247623171E0
9.951401292E0;-2.743331443E0;-2.379419160E0;2.344007252E0;4.322253226E0
9.961461292E0;-2.785694813E0;-2.313577757E0;2.507557383E0;4.404609138E0
9.971522292E0;-2.802332188E0;-2.230268383E0;2.678894835E0;4.472542933E0
9.981583292E0;-2.819527388E0;-2.143909686E0;2.830499103E0;4.534071967E0
9.991643292E0;-2.857206553E0;-2.073776427E0;2.966733381E0;4.611473182E0
1.000170429E1;-2.878169698E0;-2.015947464E0;3.096572558E0;4.683659531E0
1.001176529E1;-2.902168718E0;-1.995159443E0;3.208595270E0;4.764276238E0
1.002182629E1;-2.885390425E0;-1.962643661E0;3.300391293E0;4.803127183E0
1.003188629E1;-2.859360960E0;-1.916426684E0;3.415255167E0;4.848979706E0
1.004194729E1;-2.830944076E0;-1.884588010E0;3.517565069E0;4.892768168E0
1.005200829E1;-2.798882623E0;-1.860326158E0;3.610452767E0;4.932537535E0
1.006206829E1;-2.745784935E0;-1.816431695E0;3.707451643E0;4.958221122E0
1.007212929E1;-2.690506820E0;-1.762344366E0;3.799389169E0;4.977955671E0
1.008219029E1;-2.637451232E0;-1.720818025E0;3.904760088E0;5.016424525E0
1.009225129E1;-2.621062363E0;-1.662038890E0;4.015149672E0;5.074817048E0
1.010231129E1;-2.612737390E0;-1.575874904E0;4.127720852E0;5.133016445E0
1.011237229E1;-2.590705374E0;-1.462602643E0;4.251800523E0;5.189293643E0
1.012243329E1;-2.567394864E0;-1.355647128E0;4.366452143E0;5.243586543E0
1.013249329E1;-2.527517438E0;-1.269739836E0;4.484551281E0;5.302054681E0
1.014255429E1;-2.500452723E0;-1.181539266E0;4.602591362E0;5.369557347E0
1.015261529E1;-2.488311857E0;-1.119572813E0;4.718404824E0;5.450548895E0
1.016267629E1;-2.475542415E0;-1.093117086E0;4.817066063E0;5.525155262E0
1.017273629E1;-2.468283682E0;-1.091124355E0;4.902230174E0;5.595966169E0
1.018279729E1;-2.425680284E0;-1.091946473E0;5.001298964E0;5.664738588E0
1.019285829E1;-2.390278901E0;-1.052079572E0;5.097086297E0;5.727180228E0
1.020291829E1;-2.367258559E0;-9.918555897E-1;5.173408248E0;5.775105497E0
1.021297929E1;-2.333655927E0;-9.582264984E-1;5.248006441E0;5.822861806E0
1.022304029E1;-2.312961461E0;-9.194530267E-1;5.322201760E0;5.875458805E0
1.023310029E1;-2.303095600E0;-8.799714571E-1;5.373440326E0;5.912060559E0
1.024316129E1;-2.301547257E0;-8.595857245E-1;5.410566053E0;5.942241362E0
1.025322229E1;-2.306073149E0;-8.597272271E-1;5.434164246E0;5.965504616E0
1.026328329E1;-2.325913044E0;-8.491583848E-1;5.447304109E0;5.983649681E0
1.027334329E1;-2.321343737E0;-8.441122377E-1;5.447200613E0;5.981066521E0
1.028340429E1;-2.322221112E0;-8.391146225E-1;5.436386188E0;5.970855803E0
1.029346529E1;-2.304972995E0;-8.327288783E-1;5.415987591E0;5.944683295E0
1.030352529E1;-2.272709959E0;-8.124337775E-1;5.376458074E0;5.893348847E0
1.031358629E1;-2.250994862E0;-8.153778505E-1;5.321798887E0;5.835525881E0
1.032364729E1;-2.227677482E0;-8.159216416E-1;5.249292828E0;5.760499135E0
1.033370829E1;-2.187387242E0;-8.249819022E-1;5.157672806E0;5.662759651E0
1.034376829E1;-2.126800879E0;-8.259373373E-1;5.068122699E0;5.557996235E0
1.035382929E1;-2.088965885E0;-8.353975475E-1;4.951949049E0;5.439068570E0
1.036389029E1;-2.066629668E0;-8.630887914E-1;4.834857970E0;5.328389254E0
1.037395029E1;-2.070924447E0;-8.889171124E-1;4.703553481E0;5.215584056E0
1.038401129E1;-2.068252855E0;-9.133309919E-1;4.562758960E0;5.092210983E0
1.039407229E1;-2.045302972E0;-9.331390196E-1;4.417564994E0;4.956701842E0
1.040413329E1;-2.001579978E0;-8.905169106E-1;4.290224331E0;4.817194992E0
1.041419329E1;-1.912395321E0;-7.903745717E-1;4.183705019E0;4.667476354E0
1.042425429E1;-1.843842273E0;-7.393979609E-1;4.065906428E0;4.525268915E0
1.043431529E1;-1.812586712E0;-7.586534268E-1;3.929742901E0;4.393620931E0
1.044437529E1;-1.833558336E0;-8.679209304E-1;3.775693327E0;4.286150139E0
1.045443629E1;-1.902401845E0;-1.040367014E0;3.605582621E0;4.207341482E0
1.046449729E1;-1.972359103E0;-1.254748744E0;3.440304639E0;4.159361832E0
1.047455729E1;-2.000415798E0;-1.472681488E0;3.287529758E0;4.120474006E0
1.048461829E1;-1.968528299E0;-1.652310877E0;3.162930855E0;4.075459053E0
1.049467929E1;-1.927447516E0;-1.818141421E0;3.057997892E0;4.046238162E0
1.050474029E1;-1.901429892E0;-1.988647399E0;2.953025753E0;4.036151039E0
1.051480029E1;-1.844112560E0;-2.096142612E0;2.864688358E0;4.000125544E0
1.052486129E1;-1.744964102E0;-2.186539396E0;2.759984021E0;3.929804835E0
1.053492229E1;-1.633802393E0;-2.265156380E0;2.686804071E0;3.875456076E0
1.054498229E1;-1.540577602E0;-2.319120918E0;2.612409069E0;3.817902870E0
1.055504329E1;-1.489302491E0;-2.405270870E0;2.499750180E0;3.775195469E0
1.056510429E1;-1.473402450E0;-2.529671552E0;2.375864345E0;3.770263164E0
1.057516529E1;-1.419183558E0;-2.596121065E0;2.260435046E0;3.723371208E0
1.058522529E1;-1.367718705E0;-2.697234626E0;2.110034719E0;3.687543301E0
1.059528629E1;-1.335694528E0;-2.847995142E0;1.939746842E0;3.695642571E0
1.060534729E1;-1.279961646E0;-2.961689572E0;1.753879936E0;3.672329202E0
1.061540729E1;-1.230474613E0;-3.081789043E0;1.559151868E0;3.666394145E0
1.062546829E1;-1.154332610E0;-3.122588575E0;1.386223096E0;3.606197118E0
1.063552929E1;-1.052745424E0;-3.128312414E0;1.201949264E0;3.512733056E0
1.064558929E1;-9.554859084E-1;-3.160390824E0;1.004724727E0;3.451158539E0
1.065565029E1;-8.504608521E-1;-3.185042685E0;8.179295754E-1;3.396584955E0
1.066571129E1;-7.816733301E-1;-3.265925465E0;5.952556166E-1;3.410514857E0
1.067577229E1;-7.251941970E-1;-3.392550429E0;3.857911026E-1;3.490578721E0
1.068583229E1;-6.548323122E-1;-3.465444158E0;1.810891458E-1;3.531416408E0
1.069589329E1;-5.934932658E-1;-3.545180883E0;-2.508791730E-2;3.594603060E0
1.070595429E1;-5.538897818E-1;-3.656392002E0;-2.202973580E-1;3.704662911E0
1.071601429E1;-5.078540683E-1;-3.759916370E0;-4.005015278E-1;3.815139360E0
1.072607529E1;-4.428780538E-1;-3.838696491E0;-5.773622596E-1;3.907055016E0
1.073613629E1;-3.159548825E-1;-3.846307812E0;-7.215600063E-1;3.926138066E0
1.074619629E1;-2.151319277E-1;-3.770455391E0;-8.363879196E-1;3.868095185E0
1.075625729E1;-1.534859025E-1;-3.735187325E0;-9.493235278E-1;3.856993316E0
1.076631829E1;-1.134111330E-1;-3.725977961E0;-1.067445470E0;3.877526748E0
1.077637929E1;-5.039919823E-2;-3.704256139E0;-1.149922786E0;3.878965847E0
1.078643929E1;3.509557307E-2;-3.677119212E0;-1.246365591E0;3.882765069E0
1.079650029E1;1.063295701E-1;-3.598022171E0;-1.326984369E0;3.836398968E0
1.080656129E1;1.383936542E-1;-3.520864068E0;-1.391168379E0;3.788269532E0
1.081662129E1;1.274660853E-1;-3.485750368E0;-1.468679069E0;3.784669264E0
1.082668217E1;1.158377275E-1;-3.490356805E0;-1.571208826E0;3.829452465E0
1.083674317E1;1.271210995E-1;-3.486112311E0;-1.650603490E0;3.859226697E0
1.084680417E1;1.331367150E-1;-3.426984681E0;-1.717798523E0;3.835724333E0
1.085686417E1;1.456155503E-1;-3.323972529E0;-1.776187649E0;3.771583199E0
1.086692517E1;1.940831208E-1;-3.146185014E0;-1.815076311E0;3.637396103E0
1.087698617E1;2.429918638E-1;-2.970862100E0;-1.853098415E0;3.509849056E0
1.088704617E1;2.852827281E-1;-2.792400400E0;-1.896298814E0;3.387452645E0
1.089710717E1;3.693212503E-1;-2.594116055E0;-1.960530478E0;3.272539694E0
1.090716817E1;4.460817432E-1;-2.426592157E0;-2.034107746E0;3.197644874E0
1.091722917E1;4.523139980E-1;-2.296838933E0;-2.135654002E0;3.168765541E0
1.092728917E1;4.487916353E-1;-2.155049801E0;-2.245750641E0;3.144685917E0
1.093735017E1;4.653106043E-1;-1.983377303E0;-2.366368175E0;3.122498651E0
1.094741117E1;5.058268386E-1;-1.830269716E0;-2.500026169E0;3.139407407E0
1.095747117E1;4.903109595E-1;-1.786802099E0;-2.653191059E0;3.236122584E0
1.096753217E1;4.768328351E-1;-1.783931701E0;-2.816349426E0;3.367730090E0
1.097759317E1;4.821608180E-1;-1.755197899E0;-2.957650900E0;3.472880298E0
1.098765417E1;5.019840485E-1;-1.701344458E0;-3.106874183E0;3.577600891E0
1.099771417E1;5.416258317E-1;-1.629231332E0;-3.239688424E0;3.666515288E0
1.100777517E1;5.916420373E-1;-1.535895152E0;-3.351350362E0;3.733706398E0
1.101783617E1;7.282438123E-1;-1.358064367E0;-3.439134611E0;3.768597186E0
1.102789617E1;8.913486770E-1;-1.128310307E0;-3.493685625E0;3.778018774E0
1.103795717E1;9.741513902E-1;-9.720171565E-1;-3.571757063E0;3.827693405E0
1.104801817E1;1.001055306E0;-8.651575363E-1;-3.640936056E0;3.873890119E0
1.105807817E1;1.011955101E0;-8.157579195E-1;-3.704277189E0;3.925708039E0
1.106813917E1;1.052947299E0;-7.182058972E-1;-3.757086610E0;3.967394298E0
1.107820017E1;1.111848641E0;-5.633406365E-1;-3.780117915E0;3.980307969E0
1.108826117E1;1.129786144E0;-4.457005048E-1;-3.796865218E0;3.986383217E0
1.109832117E1;1.087351439E0;-3.802648991E-1;-3.818819466E0;3.988773829E0
1.110838217E1;1.069563916E0;-3.444664907E-1;-3.828222958E0;3.989726200E0
1.111844317E1;1.088670863E0;-3.708865499E-1;-3.850256436E0;4.018362317E0
1.112850317E1;1.153065079E0;-3.223254240E-1;-3.853120987E0;4.034847469E0
1.113856417E1;1.264891909E0;-1.742318237E-1;-3.835893921E0;4.042819615E0
1.114862517E1;1.359746903E0;-8.070794821E-2;-3.824440395E0;4.059774593E0
1.115868617E1;1.473293400E0;-4.175496697E-3;-3.818494361E0;4.092860865E0
1.116874617E1;1.640830746E0;1.027554595E-1;-3.786235857E0;4.127767700E0
1.117880717E1;1.845378629E0;2.222941822E-1;-3.773957581E0;4.206850700E0
1.118886817E1;1.976538108E0;3.045773703E-1;-3.766681598E0;4.264664175E0
1.119892817E1;2.005311086E0;2.945955884E-1;-3.786881390E0;4.295175174E0
1.120898917E1;2.003615686E0;2.755792737E-1;-3.826199822E0;4.327842977E0
1.121905017E1;1.957114242E0;2.923531812E-1;-3.868505304E0;4.345238754E0
1.122911017E1;1.907811981E0;3.377094483E-1;-3.901606977E0;4.356183103E0
1.123917117E1;1.880020165E0;3.966078669E-1;-3.935016505E0;4.379055665E0
1.124923217E1;1.838985575E0;4.623615611E-1;-3.954740333E0;4.385842822E0
1.125929317E1;1.835293351E0;5.056292027E-1;-3.964934661E0;4.398257546E0
1.126935317E1;1.883516216E0;5.756016630E-1;-3.971815957E0;4.433313953E0
1.127941417E1;1.944599154E0;6.169800693E-1;-3.972675498E0;4.465902024E0
1.128947517E1;2.007427779E0;6.614510679E-1;-3.968657583E0;4.496390421E0
1.129953517E1;2.075645489E0;7.024113983E-1;-3.965498040E0;4.530657864E0
1.130959617E1;2.112619773E0;7.490306640E-1;-3.954435108E0;4.545521561E0
1.131965717E1;2.150254792E0;8.104258436E-1;-3.959754320E0;4.578213625E0
1.132971817E1;2.152468840E0;8.500214338E-1;-3.955694599E0;4.582922463E0
1.133977817E1;2.170637893E0;8.791809136E-1;-3.969719438E0;4.609045493E0
1.134983917E1;2.168649547E0;9.043555158E-1;-3.968435974E0;4.611874222E0
1.135990017E1;2.140417728E0;9.162043136E-1;-3.978251987E0;4.609480152E0
1.136996017E1;1.666679825E0;8.959238309E-1;-4.004710638E0;4.429244681E0
1.138002117E1;-9.626011512E0;1.754191008E0;-3.889564928E0;1.052929243E1
1.139008217E1;-1.108681672E1;2.826113691E0;-5.123985243E-1;1.145281519E1
1.140014217E1;-6.782270220E0;3.305031644E0;3.815369609E-1;7.554336103E0
1.141020317E1;-4.894779652E0;2.738306054E0;-4.813521481E-1;5.629288390E0
1.142026417E1;-9.747437131E-1;2.067340397E0;4.584070891E-1;2.331128199E0
1.143032517E1;-3.955933750E-3;9.297324318E-1;4.728000104E-2;9.309422338E-1
1.144038517E1;-6.051812652E-1;5.320948702E-1;-1.141589919E0;1.397353519E0
1.145044617E1;-5.638303408E-1;2.573646122E-1;-1.464326110E0;1.590091869E0
1.146050717E1;-3.920134172E-1;4.499140084E-2;-1.931582667E0;1.971474155E0
1.147056717E1;-1.114914921E-1;8.432854414E-3;-2.273769036E0;2.276516439E0
1.148062817E1;-8.633472383E-2;5.965446353E-2;-2.212251357E0;2.214738903E0
1.149068917E1;-5.153306106E-1;5.636084390E-1;-2.052539340E0;2.190008642E0
1.150075017E1;-1.382907140E0;1.066033952E0;-1.103433913E0;2.065533090E0
1.151081017E1;-2.253335503E0;1.140902871E0;6.306572914E-2;2.526491151E0
1.152087117E1;-2.937409009E0;1.053246676E0;1.165948834E0;3.331236547E0
1.153093217E1;-3.265445409E0;1.052076064E0;1.904771429E0;3.924047905E0
1.154099217E1;-3.194457287E0;9.289062202E-1;2.007801123E0;3.885703215E0
1.155105317E1;-1.812509383E0;3.625197691E-1;1.856734506E0;2.619937761E0
1.156111417E1;1.982074544E-2;1.419587016E-1;1.520759927E0;1.527499882E0
1.157117517E1;1.410104586E0;-1.017333663E-1;1.319695523E0;1.933996095E0
1.158123517E1;1.666600595E0;-5.617443466E-1;1.043182449E0;2.044833459E0
1.159129617E1;1.438037320E0;-4.859012818E-1;1.340194107E0;2.024888055E0
1.160135717E1;7.173326886E-1;-1.851386350E-1;1.563788125E0;1.730397584E0
1.161141717E1;1.764432406E-1;2.089970291E-2;1.132180287E0;1.146037180E0
1.162147817E1;1.624097769E-1;3.076530057E-1;4.689364627E-1;5.838910118E-1
1.163153917E1;1.417101219E-1;3.426380664E-1;2.096986949E-2;3.713789690E-1
1.164159917E1;-3.730022918E-1;5.322311103E-1;3.617929602E-1;7.438378927E-1
1.165166017E1;-6.211004560E-1;3.526145858E-1;9.339073437E-1;1.175706489E0
1.166172117E1;-6.042655912E-1;2.093022537E-1;1.248912931E0;1.403113626E0
1.167178217E1;-4.949546720E-1;6.360308826E-2;1.372622472E0;1.460519747E0
1.168184217E1;-3.805762634E-1;4.848569691E-2;1.242880651E0;1.300746504E0
1.169190317E1;-2.864976333E-1;1.160795099E-1;7.907599032E-1;8.490327267E-1
1.170196417E1;3.290096685E-2;2.622604859E-1;3.924677458E-1;4.731743522E-1
1.171202417E1;3.927551365E-1;2.516390187E-1;3.208001778E-1;5.661197285E-1
1.172208517E1;5.661557785E-1;2.084707797E-2;7.012238288E-1;9.014886712E-1
1.173214617E1;6.650797038E-1;-3.206548744E-1;1.467243578E0;1.642545061E0
1.174220717E1;7.772759315E-1;-7.667237538E-1;2.177894580E0;2.436236440E0
1.175226717E1;8.211201087E-1;-1.252660119E0;2.840092630E0;3.210844399E0
1.176232817E1;6.330645901E-1;-1.801882653E0;3.167115707E0;3.698401516E0
1.177238917E1;3.305834466E-1;-2.282612073E0;3.167881107E0;3.918555091E0
1.178244917E1;2.174886480E-1;-2.885636593E0;3.398422787E0;4.463572257E0
1.179251017E1;6.076601923E-1;-3.133252142E0;3.632074309E0;4.835130162E0
1.180257117E1;1.524002500E0;-3.296197670E0;2.755661175E0;4.558636990E0
1.181263117E1;5.501607201E-1;-3.313069226E0;2.403758780E0;4.130031572E0
1.182269217E1;3.492737791E-1;-2.520095567E0;1.461586981E0;2.934128549E0
1.183275271E1;1.140670736E0;-1.470438496E0;1.558301682E0;2.427266618E0
1.184281371E1;9.213030857E-1;-1.327936589E0;1.114116191E0;1.963025687E0
1.185287371E1;6.769678241E-1;-1.365821283E0;3.382930005E-1;1.561472180E0
1.186293471E1;4.285792726E-1;-1.423167851E0;-4.859346110E-1;1.563719723E0
1.187299571E1;2.578698117E-1;-1.681907728E0;-5.645954490E-1;1.792785115E0
1.188305571E1;1.099756014E-1;-1.840898200E0;-2.436979151E-1;1.860212216E0
1.189311671E1;2.516407728E-2;-1.758206876E0;1.304730159E-1;1.763220876E0
1.190317771E1;2.356386977E-1;-1.564920146E0;2.737221980E-1;1.606058685E0
1.191323871E1;5.698164278E-1;-1.391066637E0;3.176207542E-3;1.503252220E0
1.192329871E1;6.484439367E-1;-1.106232683E0;-3.195994520E-1;1.321504482E0
1.193335971E1;6.848165417E-1;-8.116099048E-1;-4.002530211E-1;1.134851010E0
1.194342071E1;7.633768076E-1;-8.140040472E-1;-4.531100965E-1;1.204431608E0
1.195348071E1;1.011351376E0;-8.195384368E-1;-3.315032136E-1;1.343268118E0
1.196354171E1;8.580484915E-1;-1.084451804E0;4.163264322E-1;1.444164336E0
1.197360271E1;8.804427427E-1;-1.511090971E0;8.233177847E-1;1.932984097E0
1.198366271E1;1.069974391E0;-1.793929563E0;5.025225770E-1;2.148384838E0
1.199372371E1;1.087142985E0;-1.791284283E0;-1.313167691E-2;2.095412058E0
1.200378471E1;1.067142000E0;-1.545826356E0;-8.068186963E-1;2.044340377E0
1.201384571E1;9.295137459E-1;-1.178935208E0;-1.610819035E0;2.201958671E0
1.202390571E1;9.771656299E-1;-1.073267689E0;-2.194070025E0;2.630722235E0
1.203396671E1;7.715880525E-1;-9.900316970E-1;-2.391757370E0;2.701113511E0
1.204402771E1;4.845803958E-1;-8.902387293E-1;-2.009381626E0;2.250546083E0
1.205408771E1;-4.604167771E-1;-9.437056692E-1;-2.644988000E-1;1.082831295E0
1.206414871E1;-8.791288733E-1;-8.308880286E-1;5.513134986E-1;1.329356636E0
1.207420971E1;-4.067738360E-1;-8.768010968E-1;6.791149217E-1;1.181288362E0
1.208427071E1;7.596065229E-1;-1.135179178E0;7.755664980E-1;1.570712331E0
1.209433071E1;1.952763036E0;-1.177548395E0;7.350593269E-2;2.281514151E0
1.210439171E1;2.326158627E0;-1.276758395E0;-1.356823003E-1;2.656978668E0
1.211445271E1;2.097519046E0;-1.302369930E0;-1.078641719E-1;2.471313065E0
1.212451271E1;9.103851646E-1;-1.327067546E0;2.932097983E-1;1.635812155E0
1.213457371E1;-5.470643270E-1;-1.419453846E0;6.153703308E-1;1.640978136E0
1.214463471E1;-6.786804736E-1;-1.886098492E0;-2.631404918E-1;2.021686827E0
1.215469471E1;-1.033869588E0;-2.727608865E0;-1.073456993E0;3.108222380E0
1.216475571E1;2.447960222E-1;-1.713939945E0;-1.484488771E0;2.280618806E0
1.217481671E1;1.544252577E0;-7.394133829E-1;-1.154422803E0;2.064979463E0
1.218487771E1;9.634977633E-1;-8.096791542E-1;-5.471590519E-1;1.372330609E0
1.219493771E1;5.571057504E-1;-4.320135617E-1;-1.315740466E-2;7.051068372E-1
1.220499871E1;1.274853226E0;-2.192393409E-1;1.090961802E-1;1.298159702E0
1.221505971E1;2.040791114E0;-4.027171474E-1;-4.265935582E-1;2.123438611E0
1.222511971E1;1.839279106E0;-7.915294699E-1;-1.290489850E0;2.382190291E0
1.223518071E1;1.591170636E0;-8.807948913E-1;-1.625071623E0;2.438950883E0
1.224524171E1;1.362330496E0;-9.196220112E-1;-1.534826281E0;2.248853205E0
1.225530271E1;1.448530149E0;-9.134059093E-1;-1.482856228E0;2.265262135E0
1.226536271E1;1.345624416E0;-7.173971542E-1;-9.880244941E-1;1.817018477E0
1.227542371E1;1.047243925E0;-3.453712012E-1;-2.840495503E-1;1.138720884E0
1.228548471E1;1.028669659E0;-9.452755004E-3;5.892122269E-2;1.030399114E0
1.229554471E1;1.063306226E0;-1.117698196E-1;-2.230823869E-1;1.092189715E0
1.230560571E1;1.081743082E0;-2.453123313E-1;-6.682168812E-1;1.294936305E0
1.231566671E1;8.185990816E-1;-2.670603190E-1;-7.542376095E-1;1.144683381E0
1.232572671E1;7.630060941E-1;-3.384695864E-1;-6.428136528E-1;1.053541339E0
1.233578771E1;8.757170230E-1;-3.713576894E-1;-4.114434224E-1;1.036374704E0
1.234584871E1;9.169135809E-1;-3.818186505E-1;-2.880537236E-1;1.034161953E0
1.235590971E1;9.707687759E-1;-3.663037947E-1;-3.567035437E-1;1.097181801E0
1.236596971E1;7.543259025E-1;-3.403925894E-1;-3.726407146E-1;9.075989116E-1
1.237603071E1;4.452315581E-1;-2.727838661E-1;-3.444314075E-1;6.255199216E-1
1.238609171E1;2.349411249E-1;-1.642418557E-1;-1.565217769E-1;3.266064696E-1
1.239615171E1;1.534069651E-1;-1.824522780E-1;-1.128419065E-1;2.637343864E-1
1.240621271E1;2.659366304E-1;-5.512788539E-1;-5.796906209E-1;8.430135717E-1
1.241627371E1;5.344425273E-1;-7.409417720E-1;-9.450030202E-1;1.314402614E0
1.242633471E1;4.052436197E-1;-4.615103526E-1;-8.712672919E-1;1.065983532E0
1.243639471E1;1.824880922E-1;-1.594980097E-1;-6.098295093E-1;6.562267514E-1
1.244645571E1;1.603669059E-1;-5.076260269E-3;-4.660289347E-1;4.928755228E-1
1.245651671E1;1.586963564E-1;-7.050280273E-3;-2.144483882E-1;2.668751603E-1
1.246657671E1;2.087157780E-1;-1.117294738E-1;-2.310872251E-1;3.308278357E-1
1.247663771E1;1.320213586E-1;-1.817127514E-1;-1.781020957E-1;2.866522626E-1
1.248669871E1;-1.130120605E-1;-2.766829357E-1;-4.198944032E-2;3.018083594E-1
1.249675871E1;-1.749674034E-1;-4.297916928E-1;-3.400272846E-2;4.652855865E-1
1.250681971E1;1.046821171E-1;-4.553647828E-1;-1.365196216E-1;4.867782228E-1
1.251688071E1;3.609492069E-1;-5.040390524E-1;-2.664985478E-1;6.748045438E-1
1.252694171E1;4.626322871E-1;-4.043171284E-1;-2.617260504E-1;6.678334364E-1
1.253700171E1;6.691699773E-1;-1.779509452E-1;6.978944242E-2;6.959350284E-1
1.254706271E1;1.031087483E0;-3.781745195E-2;-5.315142417E-1;1.160637302E0
1.255712371E1;4.864474118E-1;2.893053201E-1;-2.741265330E0;2.799082753E0
1.256718371E1;8.287668049E-2;2.828824461E-1;-2.523943620E0;2.541098664E0
1.257724471E1;4.812381274E-1;-3.184624609E-1;-1.688810366E0;1.784681744E0
1.258730571E1;7.899553263E-1;-6.288753524E-1;-5.364060223E-1;1.143348174E0
1.259736671E1;1.105440093E0;1.173561617E0;2.879414570E-1;1.637728595E0
1.260742671E1;5.120167011E-1;4.556682533E-1;5.077464795E-1;8.529953967E-1
1.261748771E1;5.961622274E-1;5.259424299E-2;4.817673004E-1;7.682937508E-1
1.262754871E1;3.466100800E-1;1.272640640E-1;-2.621540666E-2;3.701647432E-1
1.263760871E1;1.861928880E-2;1.420876327E-1;-5.436881447E-1;5.622565001E-1
1.264766971E1;-3.405044174E-1;1.844577268E-1;-1.352132367E0;1.406495591E0