"Time (s)";"Acceleration x (m/s^2)";"Acceleration y (m/s^2)";"Acceleration z (m/s^2)";"Absolute acceleration (m/s^2)"
2.218791656E-2;-2.044747925E-1;1.171014862E0;9.691296844E0;9.763929551E0
3.224891657E-2;-1.869612122E-1;1.185534668E0;9.685159607E0;9.759239907E0
4.230991658E-2;-1.698966980E-1;1.183588715E0;9.691446533E0;9.764931287E0
5.237091659E-2;-1.664538574E-1;1.188528442E0;9.677226105E0;9.751359486E0
6.243191659E-2;-1.661544800E-1;1.182690582E0;9.693093109E0;9.766392289E0
7.249191660E-2;-1.651066589E-1;1.182989960E0;9.697134705E0;9.770422045E0
8.255291660E-2;-1.558259583E-1;1.188678131E0;9.692344666E0;9.766206149E0
9.261391661E-2;-1.634600830E-1;1.184037781E0;9.683812408E0;9.757299187E0
1.026749166E-1;-1.863624573E-1;1.181193695E0;9.674831085E0;9.748451469E0
1.127359166E-1;-1.987866211E-1;1.184187469E0;9.680369568E0;9.754556425E0
1.227969166E-1;-2.056723022E-1;1.175206146E0;9.686057739E0;9.759258430E0
1.328569166E-1;-2.213896179E-1;1.178050232E0;9.694290619E0;9.768115802E0
1.429179166E-1;-2.143542480E-1;1.179547119E0;9.686207428E0;9.760117494E0
1.529789167E-1;-2.019300842E-1;1.178648987E0;9.687854004E0;9.761378202E0
1.630399167E-1;-1.908531189E-1;1.183588715E0;9.684710541E0;9.758633379E0
1.731009167E-1;-1.820214844E-1;1.181942139E0;9.688752136E0;9.762276220E0
1.831619167E-1;-1.682501221E-1;1.187181244E0;9.676477661E0;9.750483441E0
1.932229167E-1;-1.654060364E-1;1.176703033E0;9.674980774E0;9.747678809E0
2.032829167E-1;-1.805245972E-1;1.178499298E0;9.688602448E0;9.761683621E0
2.133439167E-1;-1.981878662E-1;1.184337158E0;9.676028595E0;9.750254474E0
2.234049167E-1;-2.083666992E-1;1.173709259E0;9.686357117E0;9.759432581E0
2.334659167E-1;-2.016307068E-1;1.176553345E0;9.694739685E0;9.767953229E0
2.435269167E-1;-2.140548706E-1;1.180744629E0;9.693392487E0;9.767386307E0
2.535879167E-1;-2.109114075E-1;1.177750854E0;9.684710541E0;9.758339969E0
2.636479167E-1;-1.896556091E-1;1.175056458E0;9.684411163E0;9.757281717E0
2.737089165E-1;-1.845661926E-1;1.178050232E0;9.686057739E0;9.759179349E0
2.837699165E-1;-1.757345581E-1;1.187779999E0;9.680219879E0;9.754402128E0
2.938309165E-1;-1.630110168E-1;1.180594940E0;9.685758362E0;9.758805872E0
3.038919165E-1;-1.643582153E-1;1.187929688E0;9.687704315E0;9.761649731E0
3.139529165E-1;-1.678010559E-1;1.193019104E0;9.680369568E0;9.755050320E0
3.240139165E-1;-1.745370483E-1;1.187630310E0;9.683063965E0;9.757184875E0
3.340739165E-1;-1.809736633E-1;1.182241516E0;9.674531708E0;9.748179842E0
3.441349166E-1;-1.857637024E-1;1.176703033E0;9.685309296E0;9.758296692E0
3.541959166E-1;-1.923500061E-1;1.181193695E0;9.678423615E0;9.752133138E0
3.642569166E-1;-2.082170105E-1;1.168919220E0;9.684261475E0;9.756774404E0
3.743179166E-1;-2.086660767E-1;1.177002411E0;9.689201202E0;9.762658252E0
3.843789166E-1;-2.131567383E-1;1.179247742E0;9.691895599E0;9.765700248E0
3.944389166E-1;-2.011816406E-1;1.179247742E0;9.679770813E0;9.753412853E0
4.044999166E-1;-1.883084106E-1;1.175206146E0;9.687554626E0;9.760393649E0
4.145609166E-1;-1.755848694E-1;1.178648987E0;9.671388245E0;9.744526364E0
4.246219166E-1;-1.646575928E-1;1.188827820E0;9.672585754E0;9.746760430E0
4.346829166E-1;-1.706451416E-1;1.176253967E0;9.684560852E0;9.757223583E0
4.447439166E-1;-1.776805115E-1;1.178349609E0;9.689051514E0;9.762059076E0
4.548049166E-1;-1.957928467E-1;1.177750854E0;9.681417389E0;9.754756510E0
4.648649166E-1;-2.011816406E-1;1.180445251E0;9.688901825E0;9.762619711E0
4.749259166E-1;-1.990859985E-1;1.175954590E0;9.686207428E0;9.759360572E0
4.849869167E-1;-2.088157654E-1;1.176703033E0;9.686357117E0;9.759802674E0
4.950479167E-1;-2.041754150E-1;1.174008636E0;9.681118011E0;9.754180121E0
5.051089167E-1;-2.005828857E-1;1.170865173E0;9.680369568E0;9.752984862E0
5.151699167E-1;-1.865121460E-1;1.181642761E0;9.682016144E0;9.755639549E0
5.252299167E-1;-1.748364258E-1;1.184037781E0;9.683363342E0;9.757050726E0
5.352909167E-1;-1.767823792E-1;1.176553345E0;9.690548401E0;9.763311840E0
5.453519167E-1;-1.770817566E-1;1.186133423E0;9.675429840E0;9.749472449E0
5.554129167E-1;-1.724414062E-1;1.173559570E0;9.675280151E0;9.747718918E0
5.654739167E-1;-1.779798889E-1;1.184037781E0;9.687404938E0;9.761118621E0
5.755349167E-1;-1.836680603E-1;1.190175018E0;9.687704315E0;9.762267433E0
5.855959167E-1;-1.829196167E-1;1.175655212E0;9.678573303E0;9.751430969E0
5.956559167E-1;-1.971400452E-1;1.173409882E0;9.686806183E0;9.759609058E0
6.057169165E-1;-2.017803955E-1;1.178050232E0;9.682614899E0;9.756103164E0
6.157779165E-1;-1.989363098E-1;1.174158325E0;9.683213654E0;9.756169847E0
6.258389165E-1;-2.050735474E-1;1.169817352E0;9.686806183E0;9.759341260E0
6.358999165E-1;-2.058219910E-1;1.177301788E0;9.696835327E0;9.770210722E0
6.459609165E-1;-2.115101624E-1;1.179098053E0;9.684560852E0;9.758367059E0
6.560219165E-1;-2.053729248E-1;1.180295563E0;9.679920502E0;9.753775504E0
6.660819165E-1;-1.929487610E-1;1.180744629E0;9.686357117E0;9.759964206E0
6.761429165E-1;-1.742376709E-1;1.176852722E0;9.688901825E0;9.761667873E0
6.862039166E-1;-1.685494995E-1;1.188079376E0;9.686357117E0;9.760402437E0
6.962649166E-1;-1.794767761E-1;1.185384979E0;9.685758362E0;9.759675430E0
7.063259166E-1;-1.800755310E-1;1.176703033E0;9.694889374E0;9.767698664E0
7.163869166E-1;-1.701960754E-1;1.181044006E0;9.685009918E0;9.758240044E0
7.264469166E-1;-1.664538574E-1;1.190025330E0;9.677226105E0;9.751542045E0
7.365079166E-1;-1.686991882E-1;1.186732178E0;9.692045288E0;9.765886265E0
7.465689166E-1;-1.794767761E-1;1.173709259E0;9.685458984E0;9.757967057E0
7.566299166E-1;-1.962419128E-1;1.175056458E0;9.679172058E0;9.752212072E0
7.666909166E-1;-2.182461548E-1;1.179397430E0;9.693392487E0;9.767316294E0
7.767519166E-1;-2.165995789E-1;1.177002411E0;9.698930969E0;9.772487503E0
7.868129166E-1;-1.947450256E-1;1.180445251E0;9.687255249E0;9.760855028E0
7.968729166E-1;-1.865121460E-1;1.183738403E0;9.672436066E0;9.746386142E0
8.069339166E-1;-1.718426514E-1;1.181493073E0;9.681118011E0;9.754460607E0
8.169949166E-1;-1.772314453E-1;1.182840271E0;9.683513031E0;9.757097248E0
8.270559167E-1;-1.944456482E-1;1.180744629E0;9.690099335E0;9.763707908E0
8.371169167E-1;-1.929487610E-1;1.194366302E0;9.684411163E0;9.759690552E0
8.471779167E-1;-1.884580994E-1;1.178199921E0;9.684261475E0;9.757489012E0
8.572389167E-1;-1.917512512E-1;1.181343384E0;9.679621124E0;9.753327937E0
8.672989167E-1;-1.694476318E-1;1.173709259E0;9.693392487E0;9.765662488E0
8.773599167E-1;-1.724414062E-1;1.178798676E0;9.686207428E0;9.759196519E0
8.874209167E-1;-1.782792664E-1;1.187630310E0;9.676028595E0;9.750270695E0
8.974819167E-1;-1.978884888E-1;1.179696808E0;9.684411163E0;9.758005124E0
9.075429167E-1;-1.975891113E-1;1.179397430E0;9.683063965E0;9.756625826E0
9.176039167E-1;-1.972897339E-1;1.181493073E0;9.694589996E0;9.768312255E0
9.276639167E-1;-1.866618347E-1;1.175206146E0;9.692644043E0;9.765413492E0
9.377249167E-1;-1.907034302E-1;1.187181244E0;9.670490112E0;9.744954906E0
9.477859165E-1;-1.941462708E-1;1.184935913E0;9.676178284E0;9.750394457E0
9.578469165E-1;-2.095642090E-1;1.178050232E0;9.682764587E0;9.756415815E0
9.679079165E-1;-2.203417969E-1;1.170565796E0;9.678722992E0;9.751741052E0
9.779688749E-1;-2.165995789E-1;1.176253967E0;9.685608673E0;9.759175382E0
9.880298749E-1;-1.980381775E-1;1.180894318E0;9.682614899E0;9.756370318E0
9.980898749E-1;-1.797761536E-1;1.176703033E0;9.684710541E0;9.757590264E0
1.008150875E0;-1.823208618E-1;1.182690582E0;9.674382019E0;9.748110861E0
1.018211875E0;-1.895059204E-1;1.172960815E0;9.681417389E0;9.754055168E0
1.028272875E0;-1.974394226E-1;1.178499298E0;9.683063965E0;9.756514268E0
1.038333875E0;-1.989363098E-1;1.174457703E0;9.693392487E0;9.766308640E0
1.048394875E0;-1.910028076E-1;1.181942139E0;9.701176300E0;9.774778304E0
1.058455875E0;-1.670526123E-1;1.188229065E0;9.695787506E0;9.769753848E0
1.068515875E0;-1.555265808E-1;1.183439026E0;9.683063965E0;9.756354042E0
1.078576875E0;-1.586700439E-1;1.189875641E0;9.677675171E0;9.751839669E0
1.088637875E0;-1.648072815E-1;1.188678131E0;9.686207428E0;9.760262880E0
1.098698875E0;-1.851649475E-1;1.179247742E0;9.695338440E0;9.768546399E0
1.108759875E0;-2.041754150E-1;1.172661438E0;9.672136688E0;9.745103928E0
1.118820875E0;-2.025288391E-1;1.175355835E0;9.685009918E0;9.758170750E0
1.128880875E0;-1.987866211E-1;1.184935913E0;9.688153381E0;9.762371903E0
1.138941875E0;-1.826202393E-1;1.185834045E0;9.683812408E0;9.757857106E0
1.149002875E0;-1.689985657E-1;1.191522217E0;9.683513031E0;9.758007498E0
1.159063875E0;-1.643582153E-1;1.184486847E0;9.681267700E0;9.754843258E0
1.169124875E0;-1.535806274E-1;1.182690582E0;9.679920502E0;9.753112577E0
1.179185875E0;-1.507365417E-1;1.193019104E0;9.687105560E0;9.761456358E0
1.189246875E0;-1.477427673E-1;1.195713501E0;9.684560852E0;9.759215009E0
1.199306875E0;-1.543290710E-1;1.188827820E0;9.682914276E0;9.756841596E0
1.209367875E0;-1.664538574E-1;1.190474396E0;9.688153381E0;9.762440889E0
1.219428875E0;-1.842668152E-1;1.184486847E0;9.683363342E0;9.757278769E0
1.229489875E0;-1.998344421E-1;1.180145874E0;9.679022369E0;9.752751002E0
1.239550875E0;-2.112107849E-1;1.178798676E0;9.685159607E0;9.758918635E0
1.249611875E0;-2.194436646E-1;1.181642761E0;9.686806183E0;9.761078279E0
1.259672875E0;-2.177970886E-1;1.169218597E0;9.691596222E0;9.764299516E0
1.269732875E0;-2.044747925E-1;1.170865173E0;9.675729218E0;9.748459934E0
1.279793875E0;-2.059716797E-1;1.188378754E0;9.682165833E0;9.756997674E0
1.289854875E0;-1.978884888E-1;1.174906769E0;9.680668945E0;9.753712985E0
1.299915875E0;-1.914518738E-1;1.190474396E0;9.678872681E0;9.753689531E0
1.309976875E0;-1.872605896E-1;1.181343384E0;9.686207428E0;9.759777306E0
1.320037875E0;-1.793270874E-1;1.193917236E0;9.680219879E0;9.755216732E0
1.330097875E0;-1.884580994E-1;1.184786224E0;9.687404938E0;9.761406112E0
1.340158875E0;-1.877096558E-1;1.175505524E0;9.688003693E0;9.760863881E0
1.350219875E0;-1.963916016E-1;1.182690582E0;9.684411163E0;9.758337269E0
1.360280875E0;-2.041754150E-1;1.174308014E0;9.688303070E0;9.761347412E0
1.370341875E0;-2.016307068E-1;1.178349609E0;9.688602448E0;9.762078679E0
1.380402875E0;-2.025288391E-1;1.177451477E0;9.677675171E0;9.751143862E0
1.390463875E0;-1.960922241E-1;1.186133423E0;9.677375793E0;9.751767373E0
1.400523875E0;-1.910028076E-1;1.181942139E0;9.685009918E0;9.758733853E0
1.410584875E0;-1.844165039E-1;1.179247742E0;9.684710541E0;9.757984061E0
1.420645875E0;-1.763333130E-1;1.185235291E0;9.684560852E0;9.758411501E0
1.430706875E0;-1.752854919E-1;1.187929688E0;9.683063965E0;9.757234736E0
1.440767875E0;-1.673519897E-1;1.194066925E0;9.691745911E0;9.766460019E0
1.450828875E0;-1.613644409E-1;1.186283112E0;9.682016144E0;9.755754338E0
1.460889875E0;-1.694476318E-1;1.196162567E0;9.690847778E0;9.765861357E0
1.470949875E0;-1.663041687E-1;1.197659454E0;9.686506805E0;9.761683223E0
1.481010875E0;-1.676513672E-1;1.191821594E0;9.696386261E0;9.770795884E0
1.491071875E0;-1.737886047E-1;1.186432800E0;9.696386261E0;9.770247274E0
1.501132875E0;-1.758842468E-1;1.186732178E0;9.679770813E0;9.753831633E0
1.511193875E0;-1.817221069E-1;1.188528442E0;9.682465210E0;9.756831213E0
1.521254875E0;-2.014810181E-1;1.181792450E0;9.683962097E0;9.757886549E0
1.531314875E0;-2.112107849E-1;1.174906769E0;9.683213654E0;9.756517953E0
1.541375875E0;-2.104623413E-1;1.174906769E0;9.697134705E0;9.770318408E0
1.551436875E0;-2.095642090E-1;1.174158325E0;9.703421631E0;9.776449063E0
1.561497875E0;-1.992356873E-1;1.177002411E0;9.677525482E0;9.750873243E0
1.571558875E0;-1.895059204E-1;1.176703033E0;9.682165833E0;9.755248727E0
1.581619875E0;-2.041754150E-1;1.175954590E0;9.683063965E0;9.756345860E0
1.591680875E0;-2.192939758E-1;1.175655212E0;9.678573303E0;9.752181100E0
1.601740875E0;-2.362088013E-1;1.167122955E0;9.687404938E0;9.760316850E0
1.611801875E0;-2.360591125E-1;1.168021088E0;9.690099335E0;9.763094913E0
1.621862875E0;-2.197430420E-1;1.165775757E0;9.690249023E0;9.762594238E0
1.631923875E0;-2.145039368E-1;1.173110504E0;9.684261475E0;9.757413617E0
1.641984875E0;-2.004331970E-1;1.172062683E0;9.687404938E0;9.760108546E0
1.652045875E0;-1.998344421E-1;1.176104279E0;9.690249023E0;9.763405206E0
1.662106875E0;-1.941462708E-1;1.182091827E0;9.683812408E0;9.757625563E0
1.672166875E0;-1.874102783E-1;1.186133423E0;9.680968323E0;9.755161853E0
1.682227875E0;-1.703457642E-1;1.178948364E0;9.675130463E0;9.748183748E0
1.692288875E0;-1.669029236E-1;1.190624084E0;9.679022369E0;9.753405371E0
1.702349875E0;-1.484912109E-1;1.213825836E0;9.684111786E0;9.761016539E0
1.712410875E0;-1.489402771E-1;1.191671906E0;9.677076416E0;9.751311353E0
1.722471875E0;-1.604663086E-1;1.184037781E0;9.668544159E0;9.742096338E0
1.732532875E0;-1.691482544E-1;1.198707275E0;9.676327972E0;9.751760523E0
1.742592875E0;-1.550775146E-1;1.189875641E0;9.682465210E0;9.756535534E0
1.752653875E0;-1.437011719E-1;1.179397430E0;9.677974548E0;9.750631758E0
1.762714875E0;-1.559756470E-1;1.198856964E0;9.682315521E0;9.757500719E0
1.772775875E0;-1.607656860E-1;1.203347626E0;9.682315521E0;9.758131223E0
1.782836875E0;-1.386117554E-1;1.189276886E0;9.670340424E0;9.744181681E0
1.792897875E0;-1.344204712E-1;1.193917236E0;9.680818634E0;9.755088757E0
1.802958875E0;-1.399589539E-1;1.206341400E0;9.688003693E0;9.763824232E0
1.813018875E0;-1.522334290E-1;1.185235291E0;9.676477661E0;9.749983469E0
1.823079875E0;-1.685494995E-1;1.182690582E0;9.675729218E0;9.749200061E0
1.833140875E0;-2.034269714E-1;1.185684357E0;9.686357117E0;9.760775795E0
1.843201875E0;-2.245330811E-1;1.177152100E0;9.698930969E0;9.772684591E0
1.853262875E0;-2.359094238E-1;1.168769531E0;9.680219879E0;9.753375435E0
1.863323875E0;-2.486329651E-1;1.162332916E0;9.684560852E0;9.757230911E0
1.873383875E0;-2.505789185E-1;1.167572021E0;9.695937195E0;9.769197117E0
1.883444875E0;-2.338137817E-1;1.168470154E0;9.683662720E0;9.756706158E0
1.893505875E0;-2.311193848E-1;1.164278870E0;9.696685638E0;9.769067193E0
1.903467875E0;-2.230361938E-1;1.180594940E0;9.689201202E0;9.763409727E0
1.913457875E0;-2.017803955E-1;1.173559570E0;9.685908051E0;9.758830471E0
1.923447875E0;-1.847158813E-1;1.177601166E0;9.693691864E0;9.766704993E0
1.933437875E0;-1.676513672E-1;1.190474396E0;9.688752136E0;9.763055578E0
1.943426875E0;-1.666035461E-1;1.190175018E0;9.686357117E0;9.760624340E0
1.953416875E0;-1.725910950E-1;1.187630310E0;9.687105560E0;9.761161180E0
1.963405875E0;-1.920506287E-1;1.183738403E0;9.676477661E0;9.750504601E0
1.973396000E0;-2.240840149E-1;1.175655212E0;9.681567078E0;9.755261140E0
1.983385000E0;-2.245330811E-1;1.172212372E0;9.689051514E0;9.762285398E0
1.993373000E0;-2.383044434E-1;1.168919220E0;9.684261475E0;9.757462860E0
2.003362000E0;-2.264790344E-1;1.167572021E0;9.688153381E0;9.760882804E0
2.013351000E0;-2.213896179E-1;1.169218597E0;9.681716766E0;9.754574570E0
2.023340000E0;-1.901046753E-1;1.183289337E0;9.682614899E0;9.756502689E0
2.033329000E0;-1.800755310E-1;1.184486847E0;9.686057739E0;9.759874529E0
2.043319000E0;-1.645079041E-1;1.185834045E0;9.682914276E0;9.756643588E0
2.053309000E0;-1.431024170E-1;1.187480621E0;9.683063965E0;9.756654974E0
2.063298000E0;-1.216969299E-1;1.186732178E0;9.681716766E0;9.754936337E0
2.073287000E0;-1.239422607E-1;1.197210388E0;9.681866455E0;9.756393414E0
2.083277000E0;-1.428030396E-1;1.190474396E0;9.690249023E0;9.764146052E0
2.093267000E0;-1.576222229E-1;1.184786224E0;9.680668945E0;9.754174203E0
2.103256000E0;-1.984872437E-1;1.172062683E0;9.690398712E0;9.763040270E0
2.113246000E0;-2.224374390E-1;1.176852722E0;9.688452759E0;9.762201473E0
2.123235000E0;-2.324665833E-1;1.185834045E0;9.692793732E0;9.767829514E0
2.133225000E0;-2.359094238E-1;1.173409882E0;9.690698090E0;9.764331696E0
2.143215000E0;-2.213896179E-1;1.181942139E0;9.681716766E0;9.756107837E0
2.153204000E0;-2.155517578E-1;1.175355835E0;9.685758362E0;9.759192535E0
2.163194000E0;-2.022294617E-1;1.181044006E0;9.680519257E0;9.754394639E0
2.173183000E0;-1.829196167E-1;1.184486847E0;9.690698090E0;9.764532664E0
2.183172000E0;-1.586700439E-1;1.183888092E0;9.684261475E0;9.757647642E0
2.193160000E0;-1.422042847E-1;1.190923462E0;9.670939178E0;9.745028750E0
2.203149000E0;-1.571731567E-1;1.188229065E0;9.671537933E0;9.745523983E0
2.213138000E0;-1.794767761E-1;1.173858948E0;9.677525482E0;9.750110574E0
2.223126000E0;-1.995350647E-1;1.173858948E0;9.684710541E0;9.757631748E0
2.233115000E0;-2.128573608E-1;1.168919220E0;9.687255249E0;9.759846037E0
2.243104000E0;-2.240840149E-1;1.180894318E0;9.689201202E0;9.763469925E0
2.253092000E0;-2.143542480E-1;1.175655212E0;9.688003693E0;9.761430657E0
2.263080000E0;-2.059716797E-1;1.179397430E0;9.689051514E0;9.762741514E0
2.273067000E0;-1.954934692E-1;1.174757080E0;9.681417389E0;9.754389502E0
2.283056000E0;-1.818717957E-1;1.180744629E0;9.688303070E0;9.761682827E0
2.293044000E0;-1.742376709E-1;1.185834045E0;9.673483887E0;9.747453599E0
2.303032000E0;-1.698966980E-1;1.188079376E0;9.685309296E0;9.759385926E0
2.313020000E0;-1.624122620E-1;1.194965057E0;9.688602448E0;9.763367074E0
2.323009000E0;-1.682501221E-1;1.190025330E0;9.685159607E0;9.759445937E0
2.332996000E0;-1.772314453E-1;1.185684357E0;9.674531708E0;9.748529230E0
2.342984000E0;-2.032772827E-1;1.177750854E0;9.678722992E0;9.752235512E0
2.352973000E0;-2.165995789E-1;1.175804901E0;9.693991241E0;9.767440746E0
2.362961000E0;-2.272274780E-1;1.174906769E0;9.682614899E0;9.756283592E0
2.372949000E0;-2.248324585E-1;1.170116730E0;9.682465210E0;9.755503848E0
2.382938000E0;-2.171983337E-1;1.180894318E0;9.686357117E0;9.760491827E0
2.392927000E0;-2.038760376E-1;1.173260193E0;9.681866455E0;9.754826650E0
2.402915000E0;-1.950444031E-1;1.177301788E0;9.685009918E0;9.758252863E0
2.412903000E0;-1.923500061E-1;1.177900543E0;9.692194977E0;9.765402792E0
2.422891000E0;-2.059716797E-1;1.179247742E0;9.675280151E0;9.749056138E0
2.432879000E0;-2.101629639E-1;1.184486847E0;9.677375793E0;9.751860326E0
2.442868000E0;-1.987866211E-1;1.181792450E0;9.677375793E0;9.751294876E0
2.452858000E0;-1.959425354E-1;1.178050232E0;9.685159607E0;9.758509745E0
2.462847000E0;-2.025288391E-1;1.179098053E0;9.677076416E0;9.750748592E0
2.472837000E0;-2.050735474E-1;1.167572021E0;9.678124237E0;9.750454776E0
2.482825000E0;-2.116598511E-1;1.169967041E0;9.683513031E0;9.756231208E0
2.492814000E0;-2.146536255E-1;1.173858948E0;9.681567078E0;9.754832755E0
2.502803000E0;-1.919009399E-1;1.176703033E0;9.690997467E0;9.764061036E0
2.512792000E0;-1.679507446E-1;1.186732178E0;9.687105560E0;9.760970999E0
2.522781000E0;-1.615141296E-1;1.182840271E0;9.687255249E0;9.760538519E0
2.532771000E0;-1.534309387E-1;1.191222839E0;9.678124237E0;9.752365952E0
2.542760000E0;-1.460961914E-1;1.191073151E0;9.671687622E0;9.745847362E0
2.552749000E0;-1.628613281E-1;1.188528442E0;9.687105560E0;9.761103309E0
2.562738000E0;-1.848655701E-1;1.190324707E0;9.681866455E0;9.756515066E0
2.572727000E0;-1.910028076E-1;1.190624084E0;9.688901825E0;9.763651282E0
2.582715000E0;-1.913021851E-1;1.187181244E0;9.689051514E0;9.763386455E0
2.592703000E0;-1.836680603E-1;1.179996185E0;9.678872681E0;9.752266471E0
2.602691000E0;-1.875599670E-1;1.184187469E0;9.682315521E0;9.756265298E0
2.612679000E0;-1.884580994E-1;1.183738403E0;9.676178284E0;9.750137396E0
2.622667000E0;-2.031275940E-1;1.188528442E0;9.672136688E0;9.747004093E0
2.632656000E0;-1.919009399E-1;1.188378754E0;9.690548401E0;9.765029357E0
2.642644000E0;-1.806742859E-1;1.179996185E0;9.678423615E0;9.751764859E0
2.652632000E0;-1.737886047E-1;1.183289337E0;9.682465210E0;9.756049850E0
2.662621000E0;-1.664538574E-1;1.183439026E0;9.679621124E0;9.753117446E0
2.672608000E0;-1.776805115E-1;1.175355835E0;9.682165833E0;9.754863757E0
2.682596000E0;-1.895059204E-1;1.169667664E0;9.673483887E0;9.745785009E0
2.692584000E0;-1.951940918E-1;1.172661438E0;9.678124237E0;9.750862748E0
2.702571000E0;-1.993853760E-1;1.174008636E0;9.681567078E0;9.754526738E0
2.712559000E0;-1.908531189E-1;1.174757080E0;9.673783264E0;9.746720564E0
2.722547000E0;-1.913021851E-1;1.182391205E0;9.671388245E0;9.745275577E0
2.732536000E0;-1.841171265E-1;1.184187469E0;9.673932953E0;9.747880685E0
2.742525000E0;-1.640588379E-1;1.185085602E0;9.683662720E0;9.757287884E0
2.752514000E0;-1.598675537E-1;1.194815369E0;9.688303070E0;9.763009668E0
2.762503000E0;-1.586700439E-1;1.182840271E0;9.686057739E0;9.759303347E0
2.772492000E0;-1.727407837E-1;1.185384979E0;9.691147156E0;9.764901951E0
2.782481000E0;-1.827699280E-1;1.184636536E0;9.691596222E0;9.765439360E0
2.792470000E0;-2.136058044E-1;1.179996185E0;9.696835327E0;9.770702830E0
2.802460000E0;-2.287243652E-1;1.184037781E0;9.686357117E0;9.761135922E0
2.812449000E0;-2.447410583E-1;1.176553345E0;9.670789490E0;9.745170358E0
2.822438000E0;-2.522254944E-1;1.183439026E0;9.679321747E0;9.754661199E0
2.832427000E0;-2.490820312E-1;1.168619843E0;9.691446533E0;9.764827193E0
2.842416000E0;-2.432441711E-1;1.170116730E0;9.679172058E0;9.752677203E0
2.852405000E0;-2.266287231E-1;1.173409882E0;9.677076416E0;9.750592766E0
2.862394000E0;-2.170486450E-1;1.180744629E0;9.683063965E0;9.757202250E0
2.872383000E0;-1.902543640E-1;1.184486847E0;9.678573303E0;9.752640002E0
2.882372000E0;-1.616638184E-1;1.183588715E0;9.681567078E0;9.754986341E0
2.892361000E0;-1.448986816E-1;1.182840271E0;9.683513031E0;9.756563501E0
2.902350000E0;-1.227447510E-1;1.187929688E0;9.670939178E0;9.744398792E0
2.912339000E0;-1.450483704E-1;1.196012878E0;9.671837311E0;9.746585187E0
2.922327000E0;-1.517843628E-1;1.188378754E0;9.675130463E0;9.749022106E0
2.932316000E0;-1.613644409E-1;1.164428558E0;9.676627350E0;9.747771500E0
2.942304000E0;-1.878593445E-1;1.177601166E0;9.681567078E0;9.754730992E0
2.952294000E0;-2.007325745E-1;1.182690582E0;9.686656494E0;9.760653903E0
2.962282000E0;-2.028282166E-1;1.172212372E0;9.676327972E0;9.749181717E0
2.972272375E0;-1.950444031E-1;1.173110504E0;9.680968323E0;9.753736630E0
2.982261375E0;-1.935475159E-1;1.182391205E0;9.686806183E0;9.760621068E0
2.992249375E0;-1.975891113E-1;1.191073151E0;9.697134705E0;9.772006866E0
3.002236375E0;-1.784289551E-1;1.190175018E0;9.680668945E0;9.755188604E0
3.012224375E0;-1.640588379E-1;1.193318481E0;9.676178284E0;9.750864089E0
3.022213375E0;-1.570234680E-1;1.190324707E0;9.671837311E0;9.746074402E0
3.032201375E0;-1.483415222E-1;1.199156342E0;9.680968323E0;9.756081632E0
3.042190375E0;-1.679507446E-1;1.194066925E0;9.684560852E0;9.759340253E0
3.052178375E0;-1.911524963E-1;1.185534668E0;9.680219879E0;9.754418929E0
3.062167375E0;-2.309696960E-1;1.181642761E0;9.684111786E0;9.758670386E0
3.072155375E0;-2.625540161E-1;1.165775757E0;9.686506805E0;9.759937593E0
3.082144375E0;-2.707868958E-1;1.158291321E0;9.692943420E0;9.765660064E0
3.092133375E0;-2.785707092E-1;1.161584473E0;9.683063965E0;9.756464927E0
3.102121375E0;-2.736309814E-1;1.162482605E0;9.680668945E0;9.754055103E0
3.112110375E0;-2.642005920E-1;1.160386963E0;9.675130463E0;9.748048488E0
3.122099375E0;-2.395019531E-1;1.162632294E0;9.688303070E0;9.760752605E0
3.132087375E0;-2.037263489E-1;1.177152100E0;9.687255249E0;9.760640642E0
3.142076375E0;-1.706451416E-1;1.182091827E0;9.678423615E0;9.751838007E0
3.152063375E0;-1.333726501E-1;1.189725952E0;9.671238556E0;9.745054710E0
3.162052375E0;-1.056802368E-1;1.202150116E0;9.672885132E0;9.747873614E0
3.172041375E0;-9.505233765E-2;1.185534668E0;9.669591980E0;9.742460493E0
3.182029375E0;-1.196012878E-1;1.192270660E0;9.677375793E0;9.751277662E0
3.192017375E0;-1.441502380E-1;1.192270660E0;9.681417389E0;9.755620497E0
3.202006375E0;-1.634600830E-1;1.176403656E0;9.683662720E0;9.756227162E0
3.211995375E0;-1.933978271E-1;1.188079376E0;9.672136688E0;9.746751430E0
3.221983375E0;-2.179467773E-1;1.174457703E0;9.683363342E0;9.756760595E0
3.231972375E0;-2.252815247E-1;1.174757080E0;9.697284393E0;9.770779425E0
3.241961375E0;-2.275268555E-1;1.160985718E0;9.676327972E0;9.748383422E0
3.251950375E0;-2.149530029E-1;1.160536652E0;9.677824860E0;9.749530457E0
3.261939375E0;-1.881587219E-1;1.180894318E0;9.679621124E0;9.753203587E0
3.271928375E0;-1.546284485E-1;1.201850739E0;9.673633575E0;9.749232878E0
3.281917375E0;-1.258882141E-1;1.194216614E0;9.679621124E0;9.753823162E0
3.291906375E0;-1.296304321E-1;1.195114746E0;9.676327972E0;9.750714145E0
3.301895375E0;-1.152603149E-1;1.208586731E0;9.683063965E0;9.758877731E0
3.311884375E0;-1.047821045E-1;1.196162567E0;9.673034821E0;9.747275866E0
3.321873375E0;-1.423539734E-1;1.184935913E0;9.683662720E0;9.756928894E0
3.331862375E0;-2.032772827E-1;1.182091827E0;9.678423615E0;9.752463607E0
3.341850375E0;-2.389031982E-1;1.150507507E0;9.692344666E0;9.763313340E0
3.351839375E0;-2.652484131E-1;1.146765289E0;9.677824860E0;9.749139519E0
3.361828375E0;-2.983296204E-1;1.151405640E0;9.679172058E0;9.751979657E0
3.371816375E0;-3.357518005E-1;1.149609375E0;9.691147156E0;9.764868877E0
3.381804375E0;-3.394940186E-1;1.145118713E0;9.697134705E0;9.770413222E0
3.391792375E0;-3.070115662E-1;1.164877625E0;9.693093109E0;9.767663487E0
3.401780375E0;-2.541714478E-1;1.180145874E0;9.682764587E0;9.757729114E0
3.411767375E0;-1.525328064E-1;1.182690582E0;9.679471436E0;9.752650437E0
3.421825375E0;-5.583389282E-2;1.202898560E0;9.664053497E0;9.738789061E0
3.431885375E0;-3.742218018E-3;1.215322723E0;9.660460968E0;9.736607697E0
3.441947375E0;5.239105225E-3;1.226549377E0;9.678872681E0;9.756281422E0
3.452007375E0;-2.604583740E-2;1.212778015E0;9.682315521E0;9.758009159E0
3.462068375E0;-9.026229858E-2;1.201701050E0;9.673483887E0;9.748257444E0
3.472129375E0;-1.630110168E-1;1.195414124E0;9.677824860E0;9.752737130E0
3.482190375E0;-2.418969727E-1;1.171164551E0;9.677824860E0;9.751432437E0
3.492251375E0;-3.185375977E-1;1.155746613E0;9.668544159E0;9.742585005E0
3.502312375E0;-3.776646423E-1;1.149010620E0;9.675429840E0;9.750733233E0
3.512373375E0;-4.034111023E-1;1.136736145E0;9.691296844E0;9.766071068E0
3.522433375E0;-3.805087280E-1;1.147214355E0;9.684261475E0;9.759395882E0
3.532494375E0;-2.893482971E-1;1.160536652E0;9.680818634E0;9.754425518E0
3.542555375E0;-1.890568542E-1;1.181942139E0;9.682914276E0;9.756616145E0
3.552616375E0;-1.193019104E-1;1.199306030E0;9.672735443E0;9.747531936E0
3.562677375E0;-5.343887329E-2;1.200802917E0;9.678573303E0;9.752925948E0
3.572738375E0;-5.523513794E-2;1.215472412E0;9.685309296E0;9.761436383E0
3.582798375E0;-8.562194824E-2;1.210382996E0;9.676477661E0;9.752260150E0
3.592859375E0;-1.275347900E-1;1.192420349E0;9.679321747E0;9.753327683E0
3.602920375E0;-1.954934692E-1;1.175206146E0;9.685758362E0;9.758752083E0
3.612981375E0;-2.730322266E-1;1.160686340E0;9.688752136E0;9.761847025E0
3.623042375E0;-3.326083374E-1;1.150058441E0;9.688752136E0;9.762437231E0
3.633103375E0;-3.534150696E-1;1.146914978E0;9.685908051E0;9.759975970E0
3.643163375E0;-3.162922668E-1;1.164727936E0;9.695039063E0;9.769872793E0
3.653224375E0;-2.511776733E-1;1.157991943E0;9.685908051E0;9.758117151E0
3.663285375E0;-1.561253357E-1;1.182540894E0;9.681716766E0;9.754917613E0
3.673346375E0;-7.125183105E-2;1.215622101E0;9.680070190E0;9.756360633E0
3.683407375E0;-2.574645996E-2;1.220412140E0;9.680369568E0;9.757029448E0
3.693468375E0;-5.388793945E-3;1.221609650E0;9.678423615E0;9.755216186E0
3.703528375E0;-2.918930054E-2;1.221160583E0;9.680968323E0;9.757726828E0
3.713589375E0;-6.945556641E-2;1.211879883E0;9.672136688E0;9.748010312E0
3.723650375E0;-1.269360352E-1;1.190923462E0;9.681118011E0;9.754919651E0
3.733711375E0;-1.919009399E-1;1.179996185E0;9.689949646E0;9.763418516E0
3.743772375E0;-2.436932373E-1;1.166374512E0;9.672885132E0;9.746000342E0
3.753833375E0;-2.880010986E-1;1.157842255E0;9.672136688E0;9.745448755E0
3.763894375E0;-2.923420715E-1;1.147962799E0;9.679471436E0;9.751689584E0
3.773954375E0;-2.677931213E-1;1.160087585E0;9.679022369E0;9.751973666E0
3.784015375E0;-2.186952209E-1;1.171613617E0;9.696835327E0;9.769806622E0
3.794076375E0;-1.487905884E-1;1.182989960E0;9.680219879E0;9.753371765E0
3.804137375E0;-1.023870850E-1;1.194366302E0;9.672286377E0;9.746287382E0
3.814198375E0;-7.050338745E-2;1.200952606E0;9.676327972E0;9.750824628E0
3.824259375E0;-6.541397095E-2;1.204994202E0;9.684860229E0;9.759754489E0
3.834319375E0;-9.071136475E-2;1.213676147E0;9.693093109E0;9.769201214E0
3.844380375E0;-1.405577087E-1;1.198856964E0;9.677824860E0;9.752810287E0
3.854441375E0;-1.815724182E-1;1.187181244E0;9.680668945E0;9.754881807E0
3.864502375E0;-2.234852600E-1;1.182690582E0;9.690398712E0;9.764862000E0
3.874563375E0;-2.740800476E-1;1.174757080E0;9.679321747E0;9.754201328E0
3.884624375E0;-3.249742126E-1;1.170116730E0;9.682914276E0;9.758770941E0
3.894685375E0;-3.359014893E-1;1.155746613E0;9.704918518E0;9.779264977E0
3.904745375E0;-3.206332397E-1;1.171463928E0;9.699230347E0;9.774978400E0
3.914806375E0;-2.963836670E-1;1.169218597E0;9.684111786E0;9.758941361E0
3.924867375E0;-2.639012146E-1;1.170416107E0;9.679022369E0;9.753101647E0
3.934928375E0;-2.421963501E-1;1.175206146E0;9.684111786E0;9.758165280E0
3.944989375E0;-2.188449097E-1;1.165775757E0;9.688003693E0;9.760345371E0
3.955050375E0;-1.926493835E-1;1.177601166E0;9.685009918E0;9.758241410E0
3.965111375E0;-1.663041687E-1;1.176852722E0;9.677824860E0;9.750535032E0
3.975170625E0;-1.333726501E-1;1.186283112E0;9.668693848E0;9.742109454E0
3.985231625E0;-1.216969299E-1;1.190175018E0;9.683063965E0;9.756692804E0
3.995292625E0;-1.064286804E-1;1.194515991E0;9.680818634E0;9.754816500E0
4.005353625E0;-1.182540894E-1;1.190474396E0;9.683812408E0;9.757429789E0
4.015414625E0;-1.209484863E-1;1.199904785E0;9.685908051E0;9.760697454E0
4.025475625E0;-1.389111328E-1;1.199904785E0;9.677375793E0;9.752469946E0
4.035535625E0;-1.775308228E-1;1.187330933E0;9.679471436E0;9.753637230E0
4.045596625E0;-2.077679443E-1;1.179547119E0;9.680668945E0;9.754478467E0
4.055657625E0;-2.423460388E-1;1.170715485E0;9.683063965E0;9.756589266E0
4.065718625E0;-2.680924988E-1;1.175355835E0;9.694589996E0;9.769258422E0
4.075779625E0;-2.664459229E-1;1.157542877E0;9.692644043E0;9.765154760E0
4.085840625E0;-2.248324585E-1;1.157243500E0;9.683812408E0;9.755305475E0
4.095901625E0;-1.935475159E-1;1.175505524E0;9.692494354E0;9.765434997E0
4.105961625E0;-1.619631958E-1;1.205143890E0;9.683363342E0;9.759412354E0
4.116022625E0;-1.365161133E-1;1.196761322E0;9.684560852E0;9.759179945E0
4.126083625E0;-1.122665405E-1;1.199006653E0;9.682614899E0;9.757215382E0
4.136144625E0;-9.849517822E-2;1.210682373E0;9.682764587E0;9.758656832E0
4.146205625E0;-8.442443848E-2;1.209335175E0;9.678273926E0;9.753902052E0
4.156266625E0;-9.759704590E-2;1.197659454E0;9.666149139E0;9.740551963E0
4.166327625E0;-1.408570862E-1;1.181942139E0;9.669891357E0;9.742875695E0
4.176387625E0;-1.848655701E-1;1.181343384E0;9.677675171E0;9.751263722E0
4.186448625E0;-2.218386841E-1;1.165476379E0;9.685758362E0;9.758148525E0
4.196509625E0;-2.357597351E-1;1.159339142E0;9.683513031E0;9.755515082E0
4.206570625E0;-2.350112915E-1;1.162482605E0;9.687404938E0;9.759734143E0
4.216631625E0;-2.333647156E-1;1.180145874E0;9.683213654E0;9.757654945E0
4.226692625E0;-2.240840149E-1;1.174757080E0;9.689051514E0;9.762580964E0
4.236753625E0;-2.171983337E-1;1.184636536E0;9.686357117E0;9.760945294E0
4.246813625E0;-2.065704346E-1;1.192869415E0;9.690698090E0;9.766024690E0
4.256874625E0;-1.911524963E-1;1.185384979E0;9.692494354E0;9.766581983E0
4.266935625E0;-1.731898499E-1;1.188229065E0;9.680968323E0;9.755154058E0
4.276996625E0;-1.646575928E-1;1.194066925E0;9.678423615E0;9.753193918E0
4.287057625E0;-1.730401611E-1;1.187031555E0;9.682764587E0;9.756788245E0
4.297118625E0;-2.095642090E-1;1.178948364E0;9.702224121E0;9.775837013E0
4.307179625E0;-2.451901245E-1;1.177451477E0;9.694440308E0;9.768760569E0
4.317239625E0;-2.739303589E-1;1.170565796E0;9.686357117E0;9.760674993E0
4.327300625E0;-2.781216431E-1;1.166075134E0;9.686656494E0;9.760553104E0
4.337361625E0;-2.658471680E-1;1.172212372E0;9.673932953E0;9.748319616E0
4.347422625E0;-2.363584900E-1;1.180594940E0;9.686057739E0;9.760603684E0
4.357483625E0;-2.236349487E-1;1.174158325E0;9.678273926E0;9.751802220E0
4.367544625E0;-2.130070496E-1;1.179696808E0;9.684560852E0;9.758471984E0
4.377605625E0;-1.748364258E-1;1.181193695E0;9.685608673E0;9.758934455E0
4.387665625E0;-1.375639343E-1;1.179247742E0;9.684710541E0;9.757211043E0
4.397726625E0;-1.029858398E-1;1.190923462E0;9.678423615E0;9.751963312E0
4.407787625E0;-9.789642334E-2;1.192120972E0;9.681716766E0;9.755325503E0
4.417848625E0;-1.249900818E-1;1.187330933E0;9.682914276E0;9.756239344E0
4.427909625E0;-1.597178650E-1;1.184935913E0;9.688003693E0;9.761505953E0
4.437970625E0;-1.927990723E-1;1.185235291E0;9.686955872E0;9.761099745E0
4.448031625E0;-1.948947144E-1;1.177152100E0;9.686357117E0;9.759568905E0
4.458091625E0;-1.829196167E-1;1.177601166E0;9.690099335E0;9.763105510E0
4.468152625E0;-1.550775146E-1;1.180445251E0;9.684111786E0;9.757024193E0
4.478213625E0;-1.335223389E-1;1.200204163E0;9.675579529E0;9.750649079E0
4.488274625E0;-1.116677856E-1;1.201850739E0;9.675429840E0;9.750428579E0
4.498335625E0;-1.095721436E-1;1.200653229E0;9.681567078E0;9.756347437E0
4.508396625E0;-1.143621826E-1;1.201251984E0;9.684860229E0;9.759743988E0
4.518457625E0;-1.429527283E-1;1.197509766E0;9.678273926E0;9.753125207E0
4.528517625E0;-1.823208618E-1;1.181942139E0;9.677824860E0;9.751436926E0
4.538578625E0;-2.317181396E-1;1.181942139E0;9.673633575E0;9.748326373E0
4.548639625E0;-2.724334717E-1;1.160985718E0;9.675280151E0;9.748494953E0
4.558700625E0;-3.161425781E-1;1.146914978E0;9.688003693E0;9.760777410E0
4.568761625E0;-3.245251465E-1;1.149459686E0;9.687704315E0;9.761054709E0
4.578822625E0;-3.203338623E-1;1.150357819E0;9.683363342E0;9.756713715E0
4.588882625E0;-2.730322266E-1;1.160536652E0;9.692344666E0;9.765394873E0
4.598943625E0;-2.177970886E-1;1.171613617E0;9.682315521E0;9.755375333E0
4.609004625E0;-1.661544800E-1;1.183588715E0;9.681267700E0;9.754764674E0
4.619065625E0;-1.212478638E-1;1.194066925E0;9.678273926E0;9.752409089E0
4.629126625E0;-1.088237000E-1;1.199904785E0;9.686806183E0;9.761446005E0
4.639187625E0;-1.065783691E-1;1.200802917E0;9.677974548E0;9.752767707E0
4.649248625E0;-1.287322998E-1;1.194366302E0;9.676327972E0;9.750610540E0
4.659308625E0;-1.586700439E-1;1.180744629E0;9.684411163E0;9.757415316E0
4.669369625E0;-1.983375549E-1;1.181642761E0;9.682016144E0;9.755872796E0
4.679430625E0;-2.399510193E-1;1.173110504E0;9.691895599E0;9.765582679E0
4.689491625E0;-2.492317200E-1;1.166374512E0;9.682614899E0;9.755797109E0
4.699552625E0;-2.354603577E-1;1.166973267E0;9.690249023E0;9.763103724E0
4.709613625E0;-2.014810181E-1;1.174757080E0;9.695488129E0;9.768476793E0
4.719674625E0;-1.610650635E-1;1.189127197E0;9.687704315E0;9.761740641E0
4.729734625E0;-1.231938171E-1;1.195713501E0;9.686057739E0;9.760359728E0
4.739795625E0;-1.013392639E-1;1.208736420E0;9.669292603E0;9.745077363E0
4.749856625E0;-8.113128662E-2;1.208287354E0;9.678124237E0;9.753595715E0
4.759917625E0;-8.532257080E-2;1.213376770E0;9.670789490E0;9.746985815E0
4.769978625E0;-1.130149841E-1;1.203647003E0;9.667945404E0;9.743239032E0
4.780039625E0;-1.469943237E-1;1.183588715E0;9.686207428E0;9.759359811E0
4.790100625E0;-1.962419128E-1;1.179397430E0;9.679172058E0;9.752736073E0
4.800161625E0;-2.209405518E-1;1.163231049E0;9.682764587E0;9.754888582E0
4.810221625E0;-2.484832764E-1;1.167422333E0;9.680818634E0;9.754120579E0
4.820282625E0;-2.493814087E-1;1.167721710E0;9.688452759E0;9.761756089E0
4.830343625E0;-2.411485291E-1;1.172062683E0;9.680668945E0;9.754344405E0
4.840404625E0;-2.239343262E-1;1.172960815E0;9.681267700E0;9.754636228E0
4.850465625E0;-2.031275940E-1;1.181792450E0;9.689650269E0;9.763565770E0
4.860526625E0;-1.752854919E-1;1.187630310E0;9.678124237E0;9.752296115E0
4.870587625E0;-1.468446350E-1;1.185235291E0;9.687255249E0;9.760597333E0
4.880647625E0;-1.350192261E-1;1.194216614E0;9.686057739E0;9.760332886E0
4.890708625E0;-1.585203552E-1;1.193617859E0;9.690099335E0;9.764623772E0
4.900769625E0;-1.862127686E-1;1.177152100E0;9.688303070E0;9.761330782E0
4.910830625E0;-2.071691895E-1;1.181792450E0;9.682165833E0;9.756223023E0
4.920891625E0;-2.396516418E-1;1.173409882E0;9.680070190E0;9.753875258E0
4.930952625E0;-2.636018372E-1;1.165177002E0;9.691446533E0;9.764796940E0
4.941013625E0;-2.603086853E-1;1.166075134E0;9.685758362E0;9.759170399E0
4.951073625E0;-2.627037048E-1;1.174906769E0;9.682614899E0;9.757174306E0
4.961134625E0;-2.457888794E-1;1.165177002E0;9.688452759E0;9.761360893E0
4.971195625E0;-2.242337036E-1;1.171763306E0;9.688303070E0;9.761481772E0
4.981256625E0;-1.919009399E-1;1.180145874E0;9.682016144E0;9.755562868E0
4.991317625E0;-1.556762695E-1;1.188977509E0;9.682465210E0;9.756435577E0
5.001378625E0;-1.314266968E-1;1.184786224E0;9.673483887E0;9.746654907E0
5.011439625E0;-1.118174744E-1;1.196312256E0;9.679471436E0;9.753759964E0
5.021499625E0;-1.224453735E-1;1.193468170E0;9.682914276E0;9.756955879E0
5.031560625E0;-1.320254517E-1;1.190175018E0;9.677375793E0;9.751181956E0
5.041621625E0;-1.564247131E-1;1.183139648E0;9.677226105E0;9.750538098E0
5.051682625E0;-1.980381775E-1;1.191222839E0;9.685608673E0;9.760596618E0
5.061743625E0;-2.160008240E-1;1.171463928E0;9.696086884E0;9.768985871E0
5.071804625E0;-2.110610962E-1;1.175355835E0;9.688602448E0;9.761917102E0
5.081865625E0;-2.118095398E-1;1.187779999E0;9.681417389E0;9.756307051E0
5.091925625E0;-2.023791504E-1;1.188977509E0;9.688602448E0;9.763382724E0
5.101986625E0;-1.709445190E-1;1.183289337E0;9.681716766E0;9.755256800E0
5.112047625E0;-1.498384094E-1;1.193767548E0;9.681118011E0;9.755592163E0
5.122108625E0;-1.466949463E-1;1.199904785E0;9.678722992E0;9.753920732E0
5.132169625E0;-1.504371643E-1;1.193318481E0;9.678124237E0;9.752575510E0
5.142230625E0;-1.676513672E-1;1.182989960E0;9.684111786E0;9.757540331E0
5.152291625E0;-1.869612122E-1;1.178948364E0;9.676178284E0;9.749528190E0
5.162351625E0;-2.083666992E-1;1.171613617E0;9.680369568E0;9.753237930E0
5.172412625E0;-2.362088013E-1;1.163231049E0;9.695488129E0;9.767875466E0
5.182473625E0;-2.588117981E-1;1.174158325E0;9.690548401E0;9.764853283E0
5.192534625E0;-2.607577515E-1;1.176104279E0;9.688003693E0;9.762613965E0
5.202595625E0;-2.441423035E-1;1.169967041E0;9.694440308E0;9.767835032E0
5.212656625E0;-2.189945984E-1;1.172960815E0;9.689799957E0;9.762992314E0
5.222717625E0;-1.781295776E-1;1.183439026E0;9.688901825E0;9.762534335E0
5.232777625E0;-1.609153748E-1;1.189875641E0;9.680369568E0;9.754550362E0
5.242838625E0;-1.459465027E-1;1.191222839E0;9.683363342E0;9.757450377E0
5.252899625E0;-1.423539734E-1;1.189576263E0;9.685608673E0;9.759424763E0
5.262960625E0;-1.507365417E-1;1.193019104E0;9.689350891E0;9.763684590E0
5.273021625E0;-1.670526123E-1;1.187630310E0;9.691296844E0;9.765224363E0
5.283082625E0;-1.887574768E-1;1.178050232E0;9.689051514E0;9.762230840E0
5.293143625E0;-1.972897339E-1;1.181942139E0;9.691596222E0;9.765395424E0
5.303203625E0;-2.077679443E-1;1.177152100E0;9.690698090E0;9.764142771E0
5.313264625E0;-2.098635864E-1;1.177152100E0;9.687854004E0;9.761364914E0
5.323325625E0;-1.980381775E-1;1.180445251E0;9.671238556E0;9.745025670E0
5.333386625E0;-1.811233521E-1;1.180744629E0;9.684560852E0;9.757954829E0
5.343447625E0;-1.712438965E-1;1.188528442E0;9.686955872E0;9.761098216E0
5.353508625E0;-1.600172424E-1;1.190025330E0;9.677226105E0;9.751434299E0
5.363569625E0;-1.448986816E-1;1.192869415E0;9.681716766E0;9.756001876E0
5.373629625E0;-1.483415222E-1;1.196911011E0;9.684261475E0;9.759073803E0
5.383690625E0;-1.607656860E-1;1.186582489E0;9.692344666E0;9.766031370E0
5.393751625E0;-1.892065430E-1;1.181493073E0;9.672286377E0;9.746017071E0
5.403812625E0;-2.067201233E-1;1.179397430E0;9.689949646E0;9.763648685E0
5.413873625E0;-2.186952209E-1;1.174457703E0;9.692644043E0;9.765988278E0
5.423934625E0;-2.254312134E-1;1.174457703E0;9.684860229E0;9.758416254E0
5.433995625E0;-2.168989563E-1;1.177002411E0;9.688602448E0;9.762243452E0
5.444055625E0;-2.139051819E-1;1.174607391E0;9.686806183E0;9.760106146E0
5.454116625E0;-2.013313293E-1;1.178050232E0;9.692943420E0;9.766344700E0
5.464177625E0;-1.914518738E-1;1.179996185E0;9.683213654E0;9.756724424E0
5.474238625E0;-1.847158813E-1;1.175056458E0;9.680369568E0;9.753175514E0
5.484299625E0;-1.678010559E-1;1.184935913E0;9.687854004E0;9.761492996E0
5.494360625E0;-1.697470093E-1;1.188678131E0;9.680219879E0;9.754405500E0
5.504421625E0;-1.727407837E-1;1.182690582E0;9.680519257E0;9.754027346E0
5.514482625E0;-1.895059204E-1;1.177601166E0;9.685159607E0;9.758328423E0
5.524542625E0;-1.995350647E-1;1.173858948E0;9.688303070E0;9.761197439E0
5.534603625E0;-2.188449097E-1;1.181792450E0;9.691446533E0;9.765688014E0
5.544664625E0;-2.173480225E-1;1.177301788E0;9.684560852E0;9.758278463E0
5.554725625E0;-2.001338196E-1;1.183139648E0;9.689949646E0;9.763964211E0
5.564786625E0;-1.802252197E-1;1.186283112E0;9.688602448E0;9.762620864E0
5.574847625E0;-1.781295776E-1;1.179098053E0;9.681267700E0;9.754432154E0
5.584907625E0;-1.649569702E-1;1.192270660E0;9.688452759E0;9.762931782E0
5.594968625E0;-1.574725342E-1;1.189875641E0;9.690398712E0;9.764447186E0
5.605029625E0;-1.588197327E-1;1.191821594E0;9.687105560E0;9.761438242E0
5.615090625E0;-1.672023010E-1;1.182690582E0;9.704170074E0;9.777404076E0
5.625151625E0;-1.772314453E-1;1.181942139E0;9.686656494E0;9.760108208E0
5.635212625E0;-2.008822632E-1;1.183289337E0;9.673184509E0;9.747359945E0
5.645273625E0;-2.004331970E-1;1.175505524E0;9.679621124E0;9.752797128E0
5.655334625E0;-2.100132751E-1;1.178050232E0;9.683662720E0;9.757316823E0
5.665394625E0;-2.276765442E-1;1.179397430E0;9.683513031E0;9.757727170E0
5.675455625E0;-2.022294617E-1;1.166973267E0;9.694739685E0;9.766816314E0
5.685516625E0;-1.919009399E-1;1.184187469E0;9.683063965E0;9.757092481E0
5.695577625E0;-1.874102783E-1;1.175056458E0;9.685159607E0;9.757981190E0
5.705638625E0;-1.661544800E-1;1.179696808E0;9.680818634E0;9.753847512E0
5.715699625E0;-1.538800049E-1;1.190773773E0;9.683962097E0;9.758111658E0
5.725760625E0;-1.673519897E-1;1.180744629E0;9.671987000E0;9.745229453E0
5.735820625E0;-1.805245972E-1;1.178499298E0;9.681267700E0;9.754403826E0
5.745881625E0;-1.896556091E-1;1.177451477E0;9.683063965E0;9.756233340E0
5.755942625E0;-1.965412903E-1;1.181493073E0;9.681267700E0;9.755075532E0
5.766003625E0;-1.998344421E-1;1.181792450E0;9.680818634E0;9.754733037E0
5.776064625E0;-2.085163879E-1;1.179846497E0;9.676627350E0;9.750519663E0
5.786125625E0;-2.082170105E-1;1.185983734E0;9.682764587E0;9.757348092E0
5.796186625E0;-1.962419128E-1;1.172811127E0;9.690398712E0;9.763084760E0
5.806246625E0;-1.877096558E-1;1.175056458E0;9.687255249E0;9.760066949E0
5.816307625E0;-1.770817566E-1;1.182241516E0;9.690099335E0;9.763558678E0
5.826368625E0;-1.682501221E-1;1.185834045E0;9.680369568E0;9.754181947E0
5.836429625E0;-1.676513672E-1;1.187929688E0;9.686806183E0;9.760814410E0
5.846490625E0;-1.718426514E-1;1.181343384E0;9.693093109E0;9.766327668E0
5.856551625E0;-1.987866211E-1;1.193019104E0;9.689500580E0;9.764693144E0
5.866612625E0;-2.064207458E-1;1.182540894E0;9.690249023E0;9.764319670E0
5.876672625E0;-2.100132751E-1;1.178050232E0;9.680070190E0;9.753751423E0
5.886733625E0;-2.139051819E-1;1.182241516E0;9.682914276E0;9.757165537E0
5.896794625E0;-2.025288391E-1;1.184786224E0;9.685009918E0;9.759311115E0
5.906855625E0;-1.899549866E-1;1.180744629E0;9.685458984E0;9.759014116E0
5.916916625E0;-1.710942078E-1;1.177002411E0;9.688901825E0;9.761630319E0
5.926977625E0;-1.691482544E-1;1.186582489E0;9.679022369E0;9.752951510E0
5.937038625E0;-1.742376709E-1;1.179696808E0;9.691596222E0;9.764685384E0
5.947098625E0;-1.722917175E-1;1.185684357E0;9.682165833E0;9.756016966E0
5.957159625E0;-1.784289551E-1;1.182690582E0;9.683513031E0;9.757100928E0
5.967220625E0;-1.850152588E-1;1.173409882E0;9.689650269E0;9.762194616E0
5.977285042E0;-1.948947144E-1;1.182391205E0;9.689949646E0;9.763767564E0
5.987346042E0;-1.986369324E-1;1.182241516E0;9.693093109E0;9.766944540E0
5.997407042E0;-2.004331970E-1;1.187330933E0;9.681267700E0;9.755863493E0
6.007468041E0;-2.032772827E-1;1.181642761E0;9.685608673E0;9.759539776E0
6.017529042E0;-1.893562317E-1;1.190923462E0;9.674531708E0;9.749395788E0
6.027589042E0;-1.884580994E-1;1.186133423E0;9.682914276E0;9.757113191E0
6.037650042E0;-1.824705505E-1;1.193168793E0;9.695787506E0;9.770631639E0
6.047711042E0;-1.758842468E-1;1.189276886E0;9.688003693E0;9.762311731E0
6.057772042E0;-1.860630798E-1;1.187181244E0;9.684710541E0;9.758977253E0
6.067833042E0;-1.731898499E-1;1.182690582E0;9.685009918E0;9.758492140E0
6.077894042E0;-1.806742859E-1;1.178050232E0;9.684111786E0;9.757175136E0
6.087955042E0;-1.806742859E-1;1.174158325E0;9.679321747E0;9.751951623E0
6.098015042E0;-2.013313293E-1;1.185235291E0;9.679621124E0;9.753993137E0
6.108076042E0;-2.049238586E-1;1.172511749E0;9.689799957E0;9.762632883E0
6.118137042E0;-2.050735474E-1;1.186732178E0;9.683513031E0;9.758115240E0
6.128198042E0;-2.002835083E-1;1.185534668E0;9.689051514E0;9.763366487E0
6.138259042E0;-1.835183716E-1;1.187630310E0;9.686207428E0;9.760469204E0
6.148320042E0;-1.850152588E-1;1.184187469E0;9.693542175E0;9.767358420E0
6.158381042E0;-1.773811340E-1;1.181343384E0;9.685009918E0;9.758404243E0
6.168441042E0;-1.713935852E-1;1.185384979E0;9.678872681E0;9.752696534E0
6.178502042E0;-1.740879822E-1;1.180145874E0;9.687404938E0;9.760577101E0
6.188563042E0;-1.748364258E-1;1.180145874E0;9.686955872E0;9.760144780E0
6.198624042E0;-1.872605896E-1;1.177900543E0;9.687554626E0;9.760698277E0
6.208685042E0;-1.968406677E-1;1.180145874E0;9.678273926E0;9.751947329E0
6.218746042E0;-2.065704346E-1;1.186283112E0;9.689949646E0;9.764479664E0
6.228807042E0;-2.056723022E-1;1.182690582E0;9.688901825E0;9.762985029E0
6.238867042E0;-2.059716797E-1;1.180445251E0;9.691446533E0;9.765245068E0
6.248928042E0;-2.031275940E-1;1.177301788E0;9.686057739E0;9.759457713E0
6.258989042E0;-1.944456482E-1;1.177002411E0;9.681567078E0;9.754787792E0
6.269050042E0;-1.966909790E-1;1.186133423E0;9.684111786E0;9.758464066E0
6.279111042E0;-1.890568542E-1;1.184337158E0;9.679471436E0;9.753489851E0
6.289172042E0;-1.797761536E-1;1.184935913E0;9.684261475E0;9.758140852E0
6.299233042E0;-1.707948303E-1;1.184786224E0;9.693542175E0;9.767172015E0
6.309294042E0;-1.749861145E-1;1.178499298E0;9.683513031E0;9.756531420E0
6.319354042E0;-1.787283325E-1;1.181792450E0;9.695787506E0;9.769179729E0
6.329415042E0;-1.818717957E-1;1.184636536E0;9.691745911E0;9.765571149E0
6.339476042E0;-1.899549866E-1;1.185534668E0;9.686057739E0;9.760189029E0
6.349537042E0;-1.933978271E-1;1.177601166E0;9.686806183E0;9.760038998E0
6.359598042E0;-2.014810181E-1;1.180445251E0;9.680369568E0;9.754158117E0
6.369659042E0;-2.077679443E-1;1.174158325E0;9.693392487E0;9.766456532E0
6.379720042E0;-1.951940918E-1;1.177301788E0;9.695039063E0;9.768209798E0
6.389780042E0;-1.833686829E-1;1.187181244E0;9.686207428E0;9.760411760E0
6.399841042E0;-1.769320679E-1;1.182690582E0;9.675429840E0;9.749051470E0
6.409902042E0;-1.757345581E-1;1.187779999E0;9.681567078E0;9.755739082E0
6.419963042E0;-1.775308228E-1;1.192570038E0;9.694889374E0;9.769576268E0
6.430024042E0;-1.751358032E-1;1.188378754E0;9.683063965E0;9.757286731E0
6.440085042E0;-1.904040527E-1;1.182989960E0;9.679471436E0;9.753352563E0
6.450146042E0;-1.914518738E-1;1.173858948E0;9.689799957E0;9.762521286E0
6.460206042E0;-2.017803955E-1;1.185684357E0;9.694589996E0;9.768911808E0
6.470267042E0;-1.992356873E-1;1.176253967E0;9.686656494E0;9.759845403E0
6.480328042E0;-2.013313293E-1;1.175804901E0;9.683513031E0;9.756714411E0
6.490389042E0;-1.959425354E-1;1.186283112E0;9.680818634E0;9.755199153E0
6.500450042E0;-1.922003174E-1;1.185684357E0;9.689650269E0;9.763816399E0
6.510511042E0;-1.706451416E-1;1.190624084E0;9.677675171E0;9.752133212E0
6.520572042E0;-1.675016785E-1;1.182091827E0;9.678273926E0;9.751634944E0
6.530632042E0;-1.658551025E-1;1.181343384E0;9.681417389E0;9.754635963E0
6.540693042E0;-1.820214844E-1;1.182241516E0;9.686207428E0;9.759786942E0
6.550754042E0;-1.745370483E-1;1.185534668E0;9.686656494E0;9.760495360E0
6.560815042E0;-1.966909790E-1;1.186432800E0;9.689051514E0;9.763402551E0
6.570876042E0;-2.019300842E-1;1.178499298E0;9.695039063E0;9.768491121E0
6.580937042E0;-1.962419128E-1;1.181044006E0;9.679471436E0;9.753232444E0
6.590998042E0;-1.968406677E-1;1.178499298E0;9.673633575E0;9.747142832E0
6.601059042E0;-1.945953369E-1;1.181493073E0;9.685458984E0;9.759196123E0
6.611119042E0;-1.932481384E-1;1.180594940E0;9.683662720E0;9.757277946E0
6.621180042E0;-1.902543640E-1;1.179547119E0;9.686506805E0;9.759915072E0
6.631241042E0;-2.053729248E-1;1.185534668E0;9.686656494E0;9.761095457E0
6.641302042E0;-1.987866211E-1;1.183888092E0;9.678573303E0;9.752737478E0
6.651363042E0;-1.809736633E-1;1.179547119E0;9.681716766E0;9.754984491E0
6.661424042E0;-1.845661926E-1;1.192570038E0;9.684560852E0;9.759457304E0
6.671485042E0;-1.782792664E-1;1.185085602E0;9.688153381E0;9.761994024E0
6.681545042E0;-1.814227295E-1;1.186881866E0;9.691895599E0;9.765983979E0
6.691606042E0;-1.927990723E-1;1.181493073E0;9.693691864E0;9.767331228E0
6.701667042E0;-1.836680603E-1;1.188678131E0;9.684111786E0;9.758519905E0
6.711728042E0;-1.787283325E-1;1.183888092E0;9.675878906E0;9.749675248E0
6.721789042E0;-1.820214844E-1;1.180594940E0;9.685458984E0;9.758844807E0
6.731850042E0;-1.914518738E-1;1.185534668E0;9.674232330E0;9.748482828E0
6.741911042E0;-1.996847534E-1;1.186283112E0;9.679920502E0;9.754383760E0
6.751971042E0;-2.023791504E-1;1.181493073E0;9.693542175E0;9.767376470E0
6.762032042E0;-2.058219910E-1;1.179098053E0;9.690847778E0;9.764484911E0
6.772093042E0;-1.904040527E-1;1.187330933E0;9.686057739E0;9.760416127E0
6.782154042E0;-1.782792664E-1;1.185085602E0;9.676477661E0;9.750406725E0
6.792215042E0;-1.697470093E-1;1.182391205E0;9.675878906E0;9.749333086E0
6.802276042E0;-1.772314453E-1;1.190025330E0;9.690847778E0;9.765249712E0
6.812337042E0;-1.857637024E-1;1.170416107E0;9.696236572E0;9.768387056E0
6.822397042E0;-1.993853760E-1;1.191222839E0;9.694889374E0;9.769833486E0
6.832458042E0;-2.080673218E-1;1.188229065E0;9.688901825E0;9.763708255E0
6.842519042E0;-1.983375549E-1;1.180894318E0;9.690997467E0;9.764695647E0
6.852580042E0;-1.898052979E-1;1.189725952E0;9.693093109E0;9.767677713E0
6.862641042E0;-1.781295776E-1;1.190624084E0;9.674382019E0;9.748999093E0
6.872702042E0;-1.713935852E-1;1.181642761E0;9.673184509E0;9.746597043E0
6.882763042E0;-1.700463867E-1;1.182241516E0;9.674531708E0;9.747983101E0
6.892823042E0;-1.814227295E-1;1.180594940E0;9.687704315E0;9.761062110E0
6.902884042E0;-1.902543640E-1;1.181642761E0;9.677375793E0;9.751106531E0
6.912945042E0;-1.989363098E-1;1.179098053E0;9.683513031E0;9.757062698E0
6.923006042E0;-1.977388000E-1;1.191971283E0;9.684860229E0;9.759939233E0
6.933067042E0;-2.058219910E-1;1.185085602E0;9.679920502E0;9.754365766E0
6.943128042E0;-1.998344421E-1;1.175355835E0;9.686207428E0;9.759303740E0
6.953189042E0;-1.939965820E-1;1.180445251E0;9.684860229E0;9.758463164E0
6.963249042E0;-1.853146362E-1;1.184636536E0;9.685608673E0;9.759545102E0
6.973310042E0;-1.857637024E-1;1.182091827E0;9.682914276E0;9.756571023E0
6.983368542E0;-1.736389160E-1;1.185235291E0;9.684411163E0;9.758214629E0
6.993429542E0;-1.767823792E-1;1.189127197E0;9.691596222E0;9.765874914E0
7.003490542E0;-1.797761536E-1;1.181343384E0;9.689500580E0;9.762904954E0
7.013551542E0;-1.721420288E-1;1.185235291E0;9.691745911E0;9.765467442E0
7.023612542E0;-1.872605896E-1;1.179846497E0;9.680219879E0;9.753653736E0
7.033673542E0;-1.878593445E-1;1.180445251E0;9.680668945E0;9.754183377E0
7.043733542E0;-1.890568542E-1;1.177900543E0;9.681716766E0;9.754938838E0
7.053794542E0;-1.895059204E-1;1.179547119E0;9.690099335E0;9.763466035E0
7.063855542E0;-1.916015625E-1;1.182989960E0;9.691446533E0;9.765260483E0
7.073916542E0;-1.996847534E-1;1.175056458E0;9.691296844E0;9.764315962E0
7.083977542E0;-1.980381775E-1;1.182091827E0;9.685009918E0;9.758892218E0
7.094038542E0;-1.895059204E-1;1.189127197E0;9.686506805E0;9.761062958E0
7.104099542E0;-1.772314453E-1;1.186732178E0;9.685309296E0;9.759352458E0
7.114159542E0;-1.859133911E-1;1.187630310E0;9.688602448E0;9.762891320E0
7.124220542E0;-1.836680603E-1;1.183139648E0;9.689051514E0;9.762749235E0
7.134281542E0;-1.815724182E-1;1.176852722E0;9.675579529E0;9.748578875E0
7.144342542E0;-1.829196167E-1;1.192270660E0;9.684261475E0;9.759092643E0
7.154403542E0;-1.833686829E-1;1.184187469E0;9.689949646E0;9.763761989E0
7.164464542E0;-1.811233521E-1;1.177601166E0;9.686656494E0;9.759654923E0
7.174525542E0;-1.830693054E-1;1.171613617E0;9.676028595E0;9.748421524E0
7.184585542E0;-1.808239746E-1;1.175655212E0;9.681417389E0;9.754214738E0
7.194646542E0;-1.914518738E-1;1.190025330E0;9.686656494E0;9.761358929E0
7.204707542E0;-1.829196167E-1;1.178050232E0;9.680968323E0;9.754097067E0
7.214768542E0;-1.916015625E-1;1.186732178E0;9.688602448E0;9.762892082E0
7.224829542E0;-2.020797729E-1;1.180894318E0;9.689949646E0;9.763732471E0
7.234890542E0;-1.866618347E-1;1.184037781E0;9.677974548E0;9.751921834E0
7.244951542E0;-1.853146362E-1;1.183738403E0;9.685309296E0;9.759139013E0
7.255012542E0;-1.770817566E-1;1.181942139E0;9.689350891E0;9.762779617E0
7.265072542E0;-1.826202393E-1;1.188378754E0;9.690698090E0;9.764999932E0
7.275133542E0;-1.919009399E-1;1.183439026E0;9.684560852E0;9.758487219E0
7.285194542E0;-1.995350647E-1;1.179098053E0;9.688602448E0;9.762125990E0
7.295255542E0;-1.859133911E-1;1.181044006E0;9.684710541E0;9.758229706E0
7.305316542E0;-1.782792664E-1;1.182391205E0;9.692644043E0;9.766124155E0
7.315377542E0;-1.820214844E-1;1.178948364E0;9.681716766E0;9.754931605E0
7.325438542E0;-1.706451416E-1;1.172212372E0;9.685908051E0;9.758074419E0
7.335498542E0;-1.767823792E-1;1.182540894E0;9.691446533E0;9.764926568E0
7.345559542E0;-1.847158813E-1;1.185235291E0;9.681118011E0;9.755149850E0
7.355620542E0;-1.847158813E-1;1.179098053E0;9.683962097E0;9.757228811E0
7.365681542E0;-1.965412903E-1;1.183289337E0;9.683812408E0;9.757818655E0
7.375742542E0;-2.025288391E-1;1.181792450E0;9.689051514E0;9.762959109E0
7.385803542E0;-2.029779053E-1;1.183439026E0;9.680070190E0;9.754254808E0
7.395864542E0;-1.936972046E-1;1.176703033E0;9.679321747E0;9.752508299E0
7.405924542E0;-1.859133911E-1;1.182540894E0;9.686207428E0;9.759896572E0
7.415985542E0;-1.803749084E-1;1.183888092E0;9.688452759E0;9.762184335E0
7.426046542E0;-1.827699280E-1;1.180145874E0;9.684860229E0;9.758210225E0
7.436107542E0;-1.866618347E-1;1.188528442E0;9.677974548E0;9.752468091E0
7.446168542E0;-1.763333130E-1;1.179996185E0;9.683662720E0;9.756885164E0
7.456229542E0;-1.811233521E-1;1.188079376E0;9.674082642E0;9.748446709E0
7.466290542E0;-1.874102783E-1;1.188827820E0;9.683213654E0;9.757718015E0
7.476350542E0;-1.814227295E-1;1.188079376E0;9.692344666E0;9.766575240E0
7.486411542E0;-1.805245972E-1;1.182241516E0;9.691596222E0;9.765107345E0
7.496472542E0;-1.811233521E-1;1.183289337E0;9.697134705E0;9.770742080E0
7.506533542E0;-1.866618347E-1;1.182989960E0;9.678872681E0;9.752686002E0
7.516594542E0;-1.887574768E-1;1.184636536E0;9.681417389E0;9.755451592E0
7.526655542E0;-1.898052979E-1;1.186133423E0;9.693093109E0;9.767240786E0
7.536716542E0;-1.892065430E-1;1.177301788E0;9.689051514E0;9.762149243E0
7.546777542E0;-1.836680603E-1;1.182840271E0;9.685458984E0;9.759147545E0
7.556837542E0;-1.689985657E-1;1.179247742E0;9.681866455E0;9.754882050E0
7.566898542E0;-1.675016785E-1;1.180445251E0;9.679920502E0;9.753069708E0
7.576959542E0;-1.821711731E-1;1.184935913E0;9.682614899E0;9.756551170E0
7.587020542E0;-1.980381775E-1;1.178199921E0;9.685009918E0;9.758421557E0
7.597081542E0;-2.079176331E-1;1.170715485E0;9.687854004E0;9.760549149E0
7.607142542E0;-2.083666992E-1;1.182091827E0;9.678423615E0;9.752571016E0
7.617203542E0;-2.053729248E-1;1.175954590E0;9.686806183E0;9.760085105E0
7.627263542E0;-1.980381775E-1;1.181343384E0;9.686955872E0;9.760732829E0
7.637324542E0;-1.782792664E-1;1.187480621E0;9.690398712E0;9.764513348E0
7.647385542E0;-1.737886047E-1;1.189276886E0;9.681417389E0;9.755738037E0
7.657446542E0;-1.707948303E-1;1.186732178E0;9.676477661E0;9.750473017E0
7.667507542E0;-1.655557251E-1;1.191372528E0;9.683812408E0;9.758227296E0
7.677568542E0;-1.706451416E-1;1.185534668E0;9.678573303E0;9.752404493E0
7.687629542E0;-1.818717957E-1;1.179996185E0;9.682016144E0;9.755352631E0
7.697689542E0;-1.904040527E-1;1.186283112E0;9.679172058E0;9.753455442E0
7.707750542E0;-2.002835083E-1;1.179696808E0;9.682465210E0;9.756122723E0
7.717811542E0;-2.058219910E-1;1.175206146E0;9.690099335E0;9.763272878E0
7.727872542E0;-2.064207458E-1;1.180744629E0;9.684411163E0;9.758308613E0
7.737933542E0;-2.080673218E-1;1.185085602E0;9.679920502E0;9.754413402E0
7.747994542E0;-1.944456482E-1;1.182241516E0;9.687255249E0;9.761066457E0
7.758055542E0;-1.901046753E-1;1.172511749E0;9.685908051E0;9.758470083E0
7.768116542E0;-1.827699280E-1;1.182690582E0;9.688303070E0;9.761935169E0
7.778176542E0;-1.739382935E-1;1.181792450E0;9.687105560E0;9.760476528E0
7.788237542E0;-1.683998108E-1;1.183139648E0;9.682016144E0;9.755491506E0
7.798298542E0;-1.844165039E-1;1.191971283E0;9.679321747E0;9.754182409E0
7.808359542E0;-1.935475159E-1;1.187630310E0;9.694440308E0;9.768833056E0
7.818420542E0;-1.956431580E-1;1.181193695E0;9.689799957E0;9.763489028E0
7.828481542E0;-1.913021851E-1;1.186732178E0;9.679172058E0;9.753527645E0
7.838542542E0;-1.899549866E-1;1.185235291E0;9.687704315E0;9.761786747E0
7.848602542E0;-1.838177490E-1;1.185983734E0;9.689650269E0;9.763691346E0
7.858663542E0;-1.923500061E-1;1.186283112E0;9.679172058E0;9.753493624E0
7.868724542E0;-1.898052979E-1;1.187330933E0;9.684411163E0;9.758770434E0
7.878785542E0;-1.880090332E-1;1.177900543E0;9.680818634E0;9.754027195E0
7.888846542E0;-1.845661926E-1;1.182540894E0;9.693841553E0;9.767447553E0
7.898907542E0;-1.736389160E-1;1.183888092E0;9.685608673E0;9.759239563E0
7.908968542E0;-1.862127686E-1;1.190175018E0;9.696535950E0;9.771079838E0
7.919028542E0;-1.821711731E-1;1.179547119E0;9.685009918E0;9.758275199E0
7.929089542E0;-1.826202393E-1;1.187480621E0;9.684111786E0;9.758354444E0
7.939150542E0;-1.803749084E-1;1.193917236E0;9.700128479E0;9.774991866E0
7.949211542E0;-1.872605896E-1;1.183888092E0;9.692494354E0;9.766325018E0
7.959272542E0;-1.742376709E-1;1.175056458E0;9.686656494E0;9.759222842E0
7.969333542E0;-1.631607056E-1;1.184935913E0;9.679172058E0;9.752797869E0
7.979393792E0;-1.757345581E-1;1.179696808E0;9.677375793E0;9.750598415E0
7.989454792E0;-1.914518738E-1;1.179996185E0;9.684411163E0;9.757912912E0
7.999514792E0;-2.061213684E-1;1.178050232E0;9.686057739E0;9.759610796E0
8.009575792E0;-2.393522644E-1;1.177900543E0;9.691596222E0;9.765847456E0
8.019636792E0;-2.415975952E-1;1.173110504E0;9.693392487E0;9.767108864E0
8.029697792E0;-2.371069336E-1;1.174457703E0;9.689500580E0;9.763298217E0
8.039758792E0;-2.125579834E-1;1.180145874E0;9.682914276E0;9.756882394E0
8.049819792E0;-1.788780212E-1;1.185235291E0;9.684261475E0;9.758160705E0
8.059880792E0;-1.625619507E-1;1.185983734E0;9.682614899E0;9.756332051E0
8.069940792E0;-1.661544800E-1;1.179696808E0;9.680219879E0;9.753253241E0
8.080001792E0;-1.595681763E-1;1.183738403E0;9.678872681E0;9.752295882E0
8.090062792E0;-1.838177490E-1;1.180894318E0;9.684560852E0;9.758023327E0
8.100123792E0;-1.978884888E-1;1.181792450E0;9.685608673E0;9.759447147E0
8.110184791E0;-2.148033142E-1;1.180894318E0;9.688303070E0;9.762370011E0
8.120245792E0;-2.321672058E-1;1.175056458E0;9.683962097E0;9.757754926E0
8.130306792E0;-2.390528870E-1;1.186582489E0;9.688602448E0;9.763920405E0
8.140366792E0;-2.254312134E-1;1.178199921E0;9.691296844E0;9.765255184E0
8.150427792E0;-2.049238586E-1;1.171613617E0;9.683513031E0;9.756284994E0
8.160488792E0;-1.901046753E-1;1.179846497E0;9.687105560E0;9.760542591E0
8.170549792E0;-1.568737793E-1;1.187779999E0;9.675579529E0;9.749475367E0
8.180610792E0;-1.456471252E-1;1.191821594E0;9.687554626E0;9.761678464E0
8.190671792E0;-1.338217163E-1;1.193917236E0;9.689949646E0;9.764142090E0
8.200732792E0;-1.396595764E-1;1.198557587E0;9.691596222E0;9.766426287E0
8.210792792E0;-1.426533508E-1;1.190773773E0;9.688602448E0;9.762546263E0
8.220853792E0;-1.609153748E-1;1.178349609E0;9.684111786E0;9.756865411E0
8.230914792E0;-1.811233521E-1;1.179247742E0;9.681866455E0;9.755099639E0
8.240975792E0;-1.930984497E-1;1.182241516E0;9.688153381E0;9.761931057E0
8.251036792E0;-2.272274780E-1;1.169517975E0;9.683513031E0;9.756527520E0
8.261097792E0;-2.342628479E-1;1.174457703E0;9.680519257E0;9.754316124E0
8.271158792E0;-2.323168945E-1;1.176403656E0;9.686656494E0;9.760594794E0
8.281219792E0;-1.998344421E-1;1.181493073E0;9.683513031E0;9.757370768E0
8.291279792E0;-1.716929626E-1;1.186881866E0;9.679920502E0;9.753923721E0
8.301340792E0;-1.727407837E-1;1.182690582E0;9.688003693E0;9.761455421E0
8.311401792E0;-1.631607056E-1;1.188827820E0;9.683662720E0;9.757728049E0
8.321462792E0;-1.606159973E-1;1.186582489E0;9.693392487E0;9.767068823E0
8.331523792E0;-1.826202393E-1;1.183139648E0;9.684560852E0;9.758272822E0
8.341584792E0;-1.907034302E-1;1.178349609E0;9.679621124E0;9.752945233E0
8.351645792E0;-1.972897339E-1;1.181792450E0;9.681716766E0;9.755572570E0
8.361705792E0;-2.025288391E-1;1.182241516E0;9.677974548E0;9.752020524E0
8.371766792E0;-2.016307068E-1;1.174457703E0;9.686955872E0;9.759975404E0
8.381827792E0;-2.098635864E-1;1.188528442E0;9.695787506E0;9.770616047E0
8.391888792E0;-2.011816406E-1;1.169967041E0;9.683363342E0;9.755860933E0
8.401949792E0;-1.910028076E-1;1.182690582E0;9.682914276E0;9.756744742E0
8.412010792E0;-1.748364258E-1;1.182690582E0;9.684411163E0;9.757927258E0
8.422071792E0;-1.736389160E-1;1.171763306E0;9.684860229E0;9.757033226E0
8.432131792E0;-1.770817566E-1;1.180744629E0;9.688303070E0;9.761594757E0
8.442192792E0;-1.944456482E-1;1.184935913E0;9.683812408E0;9.757976480E0
8.452253792E0;-2.109114075E-1;1.183439026E0;9.680818634E0;9.755165861E0
8.462314792E0;-2.076182556E-1;1.177601166E0;9.688602448E0;9.762113871E0
8.472375792E0;-2.124082947E-1;1.174906769E0;9.689799957E0;9.763080785E0
8.482436792E0;-1.966909790E-1;1.177601166E0;9.689650269E0;9.762927541E0
8.492497792E0;-1.794767761E-1;1.180744629E0;9.689799957E0;9.763124142E0
8.502558792E0;-1.664538574E-1;1.184935913E0;9.681267700E0;9.754933331E0
8.512618792E0;-1.742376709E-1;1.184486847E0;9.678872681E0;9.752637809E0
8.522679792E0;-1.642085266E-1;1.184636536E0;9.673184509E0;9.746836754E0
8.532740792E0;-1.621128845E-1;1.179846497E0;9.683812408E0;9.756768989E0
8.542801792E0;-1.712438965E-1;1.191372528E0;9.685608673E0;9.760108009E0
8.552862792E0;-1.898052979E-1;1.185534668E0;9.683962097E0;9.758106394E0
8.562923792E0;-2.046244812E-1;1.176553345E0;9.684411163E0;9.757764525E0
8.572984792E0;-2.136058044E-1;1.179996185E0;9.692344666E0;9.766246134E0
8.583044792E0;-2.228865051E-1;1.183738403E0;9.689201202E0;9.763786916E0
8.593105792E0;-2.065704346E-1;1.180894318E0;9.683662720E0;9.757587120E0
8.603166792E0;-1.930984497E-1;1.180445251E0;9.688602448E0;9.762159361E0
8.613227792E0;-1.939965820E-1;1.187480621E0;9.688602448E0;9.763030384E0
8.623288792E0;-1.907034302E-1;1.183888092E0;9.683213654E0;9.757181226E0
8.633349792E0;-1.936972046E-1;1.178050232E0;9.681866455E0;9.755196513E0
8.643410792E0;-1.818717957E-1;1.183888092E0;9.680070190E0;9.753892928E0
8.653470792E0;-1.721420288E-1;1.185684357E0;9.684860229E0;9.758688331E0
8.663531792E0;-1.667532349E-1;1.187181244E0;9.687554626E0;9.761450742E0
8.673592792E0;-1.736389160E-1;1.190773773E0;9.679920502E0;9.754432509E0
8.683653792E0;-1.898052979E-1;1.182540894E0;9.686357117E0;9.760120041E0
8.693714792E0;-1.896556091E-1;1.181942139E0;9.685608673E0;9.759301811E0
8.703775792E0;-2.053729248E-1;1.171613617E0;9.688452759E0;9.761197333E0
8.713836792E0;-2.065704346E-1;1.179996185E0;9.684261475E0;9.758072691E0
8.723897792E0;-1.962419128E-1;1.179247742E0;9.680219879E0;9.753757893E0
8.733957792E0;-1.883084106E-1;1.192420349E0;9.676178284E0;9.751192364E0
8.744018792E0;-1.830693054E-1;1.189576263E0;9.681567078E0;9.756092821E0
8.754079792E0;-1.797761536E-1;1.181343384E0;9.694739685E0;9.768104689E0
8.764140792E0;-1.790277100E-1;1.188827820E0;9.685159607E0;9.759491745E0
8.774201792E0;-1.829196167E-1;1.186732178E0;9.695338440E0;9.769410438E0
8.784262792E0;-1.869612122E-1;1.183289337E0;9.688752136E0;9.762532771E0
8.794323792E0;-1.990859985E-1;1.181343384E0;9.685608673E0;9.759417134E0
8.804383792E0;-2.038760376E-1;1.175954590E0;9.689650269E0;9.762876470E0
8.814444792E0;-1.963916016E-1;1.186881866E0;9.686656494E0;9.761074340E0
8.824505792E0;-2.034269714E-1;1.178349609E0;9.693392487E0;9.766869930E0
8.834566792E0;-2.023791504E-1;1.175655212E0;9.689500580E0;9.762660702E0
8.844627792E0;-2.026785278E-1;1.182989960E0;9.697583771E0;9.771574838E0
8.854688792E0;-1.972897339E-1;1.177152100E0;9.694140930E0;9.767342457E0
8.864749792E0;-1.910028076E-1;1.180445251E0;9.678273926E0;9.751867475E0
8.874810792E0;-1.793270874E-1;1.182091827E0;9.682764587E0;9.756302032E0
8.884870792E0;-1.704954529E-1;1.188378754E0;9.687554626E0;9.761661099E0
8.894931792E0;-1.734892273E-1;1.183888092E0;9.687854004E0;9.761465296E0
8.904992792E0;-1.847158813E-1;1.189725952E0;9.694140930E0;9.768619973E0
8.915053792E0;-1.956431580E-1;1.183738403E0;9.692793732E0;9.766768308E0
8.925114792E0;-1.875599670E-1;1.175355835E0;9.689051514E0;9.761882980E0
8.935175792E0;-1.977388000E-1;1.182391205E0;9.674681396E0;9.748672203E0
8.945236792E0;-1.927990723E-1;1.174008636E0;9.683063965E0;9.755880048E0
8.955296792E0;-1.977388000E-1;1.175655212E0;9.685009918E0;9.758108573E0
8.965357792E0;-2.043251038E-1;1.184636536E0;9.699978790E0;9.774185439E0
8.975418792E0;-1.875599670E-1;1.188827820E0;9.694440308E0;9.768861920E0
8.985480375E0;-1.857637024E-1;1.182989960E0;9.683063965E0;9.756828437E0
8.995541375E0;-1.775308228E-1;1.183888092E0;9.683513031E0;9.757229772E0
9.005602375E0;-1.755848694E-1;1.181193695E0;9.689500580E0;9.762810562E0
9.015663375E0;-1.746867371E-1;1.182241516E0;9.677974548E0;9.751482032E0
9.025723375E0;-1.956431580E-1;1.188229065E0;9.686506805E0;9.761074667E0
9.035784375E0;-2.035766602E-1;1.175804901E0;9.686955872E0;9.760178005E0
9.045845375E0;-2.029779053E-1;1.175355835E0;9.696236572E0;9.769322650E0
9.055906375E0;-2.092648315E-1;1.180295563E0;9.680070190E0;9.754006781E0
9.065967375E0;-1.953437805E-1;1.173409882E0;9.683363342E0;9.756155778E0
9.076028375E0;-1.956431580E-1;1.181642761E0;9.681118011E0;9.754927053E0
9.086089375E0;-1.874102783E-1;1.186133423E0;9.684111786E0;9.758281416E0
9.096150375E0;-1.980381775E-1;1.176253967E0;9.688901825E0;9.762049533E0
9.106210375E0;-1.892065430E-1;1.183139648E0;9.687255249E0;9.761072318E0
9.116271375E0;-1.842668152E-1;1.183888092E0;9.683513031E0;9.757354657E0
9.126332375E0;-1.676513672E-1;1.189127197E0;9.675878906E0;9.750116055E0
9.136393375E0;-1.769320679E-1;1.184337158E0;9.686357117E0;9.760095986E0
9.146454375E0;-1.939965820E-1;1.186283112E0;9.686207428E0;9.760508011E0
9.156515375E0;-1.984872437E-1;1.178648987E0;9.686057739E0;9.759524842E0
9.166576375E0;-2.083666992E-1;1.175505524E0;9.687255249E0;9.760540158E0
9.176636375E0;-2.095642090E-1;1.173709259E0;9.675729218E0;9.748910015E0
9.186697375E0;-1.908531189E-1;1.182690582E0;9.686656494E0;9.760455725E0
9.196758375E0;-1.835183716E-1;1.183139648E0;9.687704315E0;9.761409392E0
9.206819375E0;-1.805245972E-1;1.179996185E0;9.686656494E0;9.759933102E0
9.216880375E0;-1.886077881E-1;1.175505524E0;9.679022369E0;9.751966989E0
9.226941375E0;-1.854643250E-1;1.183888092E0;9.680070190E0;9.753960576E0
9.237002375E0;-1.808239746E-1;1.179846497E0;9.684560852E0;9.757840640E0
9.247062375E0;-1.748364258E-1;1.188079376E0;9.694889374E0;9.768980517E0
9.257123375E0;-1.793270874E-1;1.180445251E0;9.685458984E0;9.758776815E0
9.267184375E0;-1.886077881E-1;1.183439026E0;9.689650269E0;9.763473929E0
9.277245375E0;-1.924996948E-1;1.183588715E0;9.694889374E0;9.768767494E0
9.287306375E0;-1.974394226E-1;1.186881866E0;9.692494354E0;9.766888844E0
9.297367375E0;-2.073188782E-1;1.187031555E0;9.686357117E0;9.761021423E0
9.307428375E0;-1.966909790E-1;1.175206146E0;9.689949646E0;9.762936083E0
9.317489375E0;-1.927990723E-1;1.178948364E0;9.676178284E0;9.749641886E0
9.327549375E0;-1.896556091E-1;1.179996185E0;9.690398712E0;9.763820331E0
9.337610375E0;-1.824705505E-1;1.180295563E0;9.691446533E0;9.764759548E0
9.347671375E0;-1.824705505E-1;1.187630310E0;9.684261475E0;9.758518410E0
9.357732375E0;-1.784289551E-1;1.185684357E0;9.690099335E0;9.764000686E0
9.367793375E0;-1.875599670E-1;1.179098053E0;9.681716766E0;9.755054613E0
9.377854375E0;-1.916015625E-1;1.180295563E0;9.675280151E0;9.748889926E0
9.387915375E0;-1.826202393E-1;1.180594940E0;9.684860229E0;9.758261742E0
9.397975375E0;-1.820214844E-1;1.184486847E0;9.689201202E0;9.763030311E0
9.408036375E0;-1.923500061E-1;1.177152100E0;9.677076416E0;9.750307357E0
9.418097375E0;-1.932481384E-1;1.186432800E0;9.682016144E0;9.756351995E0
9.428158375E0;-1.999841309E-1;1.179846497E0;9.685009918E0;9.758660181E0
9.438219375E0;-2.089654541E-1;1.185834045E0;9.696236572E0;9.770715051E0
9.448280375E0;-2.005828857E-1;1.186582489E0;9.690698090E0;9.765133945E0
9.458341375E0;-1.911524963E-1;1.184935913E0;9.674980774E0;9.749146905E0
9.468402375E0;-1.775308228E-1;1.192719727E0;9.669591980E0;9.744491090E0
9.478462375E0;-1.740879822E-1;1.180445251E0;9.685908051E0;9.759127644E0
9.488523375E0;-1.796264648E-1;1.186732178E0;9.685309296E0;9.759396246E0
9.498584375E0;-1.779798889E-1;1.181642761E0;9.689051514E0;9.762462583E0
9.508645375E0;-1.871109009E-1;1.186881866E0;9.688602448E0;9.762823180E0
9.518706375E0;-1.908531189E-1;1.178648987E0;9.691147156E0;9.764423769E0
9.528767375E0;-1.956431580E-1;1.177301788E0;9.684111786E0;9.757373459E0
9.538828375E0;-1.980381775E-1;1.180894318E0;9.679022369E0;9.752804957E0
9.548888375E0;-1.941462708E-1;1.175655212E0;9.688303070E0;9.761304950E0
9.558949375E0;-2.088157654E-1;1.178499298E0;9.679471436E0;9.753185730E0
9.569010375E0;-2.044747925E-1;1.174008636E0;9.680070190E0;9.753146421E0
9.579071375E0;-2.008822632E-1;1.180594940E0;9.683812408E0;9.757580687E0
9.589132375E0;-1.904040527E-1;1.185684357E0;9.694140930E0;9.768237787E0
9.599193375E0;-1.818717957E-1;1.185834045E0;9.690249023E0;9.764230941E0
9.609254375E0;-1.751358032E-1;1.183139648E0;9.684411163E0;9.757987065E0
9.619314375E0;-1.763333130E-1;1.182989960E0;9.687704315E0;9.761258811E0
9.629375375E0;-1.850152588E-1;1.190773773E0;9.684560852E0;9.759246473E0
9.639436375E0;-1.815724182E-1;1.185983734E0;9.687854004E0;9.761866684E0
9.649497375E0;-1.884580994E-1;1.179846497E0;9.694290619E0;9.767641722E0
9.659558375E0;-1.829196167E-1;1.186582489E0;9.680369568E0;9.754537024E0
9.669619375E0;-1.877096558E-1;1.179996185E0;9.675579529E0;9.749075091E0
9.679680375E0;-2.092648315E-1;1.180145874E0;9.690548401E0;9.764387557E0
9.689741375E0;-2.107617188E-1;1.176703033E0;9.683063965E0;9.756576156E0
9.699801375E0;-1.986369324E-1;1.183439026E0;9.678722992E0;9.752828478E0
9.709862375E0;-1.848655701E-1;1.178050232E0;9.676327972E0;9.749528227E0
9.719923375E0;-1.860630798E-1;1.183289337E0;9.687404938E0;9.761178594E0
9.729984375E0;-1.788780212E-1;1.179846497E0;9.682614899E0;9.755873430E0
9.740045375E0;-1.833686829E-1;1.182989960E0;9.682764587E0;9.756486016E0
9.750106375E0;-1.779798889E-1;1.186582489E0;9.689350891E0;9.763358824E0
9.760167375E0;-1.877096558E-1;1.181942139E0;9.691147156E0;9.764760895E0
9.770227375E0;-1.971400452E-1;1.178798676E0;9.687554626E0;9.761001237E0
9.780288375E0;-1.911524963E-1;1.188827820E0;9.691446533E0;9.765960617E0
9.790349375E0;-1.962419128E-1;1.177451477E0;9.687255249E0;9.760523404E0
9.800410375E0;-1.951940918E-1;1.178349609E0;9.681118011E0;9.754519695E0
9.810471375E0;-1.930984497E-1;1.181792450E0;9.688901825E0;9.762619473E0
9.820532375E0;-2.020797729E-1;1.179247742E0;9.683962097E0;9.757591064E0
9.830593375E0;-1.974394226E-1;1.176104279E0;9.679621124E0;9.752808247E0
9.840654375E0;-1.856140137E-1;1.179247742E0;9.691895599E0;9.765137895E0
9.850714375E0;-1.818717957E-1;1.178648987E0;9.694140930E0;9.767223718E0
9.860775375E0;-1.799258423E-1;1.181493073E0;9.685309296E0;9.758766077E0
9.870836375E0;-1.845661926E-1;1.187181244E0;9.682165833E0;9.756423484E0
9.880897375E0;-1.896556091E-1;1.178798676E0;9.681866455E0;9.755207513E0
9.890958375E0;-1.907034302E-1;1.183588715E0;9.675579529E0;9.749568671E0
9.901019375E0;-1.856140137E-1;1.184037781E0;9.678273926E0;9.752198942E0
9.911080375E0;-1.907034302E-1;1.178798676E0;9.684560852E0;9.757902081E0
9.921140375E0;-1.983375549E-1;1.175206146E0;9.704170074E0;9.777083620E0
9.931201375E0;-2.031275940E-1;1.183139648E0;9.688003693E0;9.762094847E0
9.941262375E0;-1.917512512E-1;1.179996185E0;9.679770813E0;9.753313413E0
9.951323375E0;-1.856140137E-1;1.186133423E0;9.681118011E0;9.755276060E0
9.961384375E0;-1.850152588E-1;1.178648987E0;9.687704315E0;9.760894374E0
9.971445375E0;-1.908531189E-1;1.180744629E0;9.687255249E0;9.760814364E0
9.981505875E0;-1.984872437E-1;1.182690582E0;9.674681396E0;9.748723728E0
9.991565875E0;-1.959425354E-1;1.186283112E0;9.679022369E0;9.753416587E0
1.000162688E1;-1.898052979E-1;1.183439026E0;9.687105560E0;9.760971679E0
1.001168788E1;-1.824705505E-1;1.174158325E0;9.689350891E0;9.761939560E0
1.002174888E1;-1.851649475E-1;1.183588715E0;9.683063965E0;9.756889671E0
1.003180988E1;-1.842668152E-1;1.184935913E0;9.681417389E0;9.755402095E0
1.004187088E1;-1.869612122E-1;1.174607391E0;9.682614899E0;9.755392780E0
1.005193188E1;-1.971400452E-1;1.177900543E0;9.675429840E0;9.748859240E0
1.006199287E1;-1.841171265E-1;1.183289337E0;9.681417389E0;9.755199405E0
1.007205287E1;-1.865121460E-1;1.186582489E0;9.688003693E0;9.762181126E0
1.008211387E1;-1.911524963E-1;1.175505524E0;9.685159607E0;9.758107866E0
1.009217487E1;-1.848655701E-1;1.183888092E0;9.681866455E0;9.755731871E0
1.010223587E1;-1.805245972E-1;1.190324707E0;9.686357117E0;9.760890135E0
1.011229687E1;-1.827699280E-1;1.179696808E0;9.680968323E0;9.754293264E0
1.012235787E1;-1.886077881E-1;1.187779999E0;9.687255249E0;9.761624275E0
1.013241887E1;-1.924996948E-1;1.182989960E0;9.692045288E0;9.765872375E0
1.014247887E1;-1.930984497E-1;1.171014862E0;9.685608673E0;9.758051967E0
1.015253987E1;-1.963916016E-1;1.180744629E0;9.685009918E0;9.758695848E0
1.016260087E1;-1.996847534E-1;1.182091827E0;9.676477661E0;9.750458195E0
1.017266187E1;-1.924996948E-1;1.171912994E0;9.676777039E0;9.749382034E0
1.018272287E1;-1.788780212E-1;1.175206146E0;9.679471436E0;9.752193297E0
1.019278387E1;-1.824705505E-1;1.183888092E0;9.677525482E0;9.751378670E0
1.020284487E1;-1.893562317E-1;1.174607391E0;9.676178284E0;9.749050440E0
1.021290487E1;-1.796264648E-1;1.183289337E0;9.685309296E0;9.758978198E0
1.022296587E1;-1.901046753E-1;1.181493073E0;9.688003693E0;9.761633122E0
1.023302687E1;-1.962419128E-1;1.177152100E0;9.689051514E0;9.762270084E0
1.024308787E1;-1.941462708E-1;1.183289337E0;9.678872681E0;9.752868440E0
1.025314887E1;-1.953437805E-1;1.184786224E0;9.681118011E0;9.755302330E0
1.026320987E1;-1.947450256E-1;1.188528442E0;9.686207428E0;9.760796065E0
1.027327087E1;-1.893562317E-1;1.180145874E0;9.684560852E0;9.758038684E0
1.028333187E1;-2.040257263E-1;1.181493073E0;9.683812408E0;9.757754616E0
1.029339187E1;-1.986369324E-1;1.183289337E0;9.681866455E0;9.755929906E0
1.030345287E1;-1.836680603E-1;1.179846497E0;9.682165833E0;9.755516743E0
1.031351388E1;-1.787283325E-1;1.182091827E0;9.694440308E0;9.767878878E0
1.032357488E1;-1.853146362E-1;1.184935913E0;9.690398712E0;9.764335197E0
1.033363588E1;-1.854643250E-1;1.188079376E0;9.689650269E0;9.763977261E0
1.034369688E1;-1.871109009E-1;1.181942139E0;9.696985016E0;9.770543286E0
1.035375788E1;-1.913021851E-1;1.183888092E0;9.698032837E0;9.771899940E0
1.036381788E1;-1.974394226E-1;1.180445251E0;9.689650269E0;9.763286109E0
1.037387888E1;-1.917512512E-1;1.178499298E0;9.682165833E0;9.755509436E0
1.038393988E1;-1.939965820E-1;1.191522217E0;9.682614899E0;9.757581214E0
1.039400087E1;-1.995350647E-1;1.180894318E0;9.682465210E0;9.756252261E0
1.040406187E1;-1.927990723E-1;1.179098053E0;9.684111786E0;9.757533745E0
1.041412287E1;-1.933978271E-1;1.185235291E0;9.693542175E0;9.767647891E0
1.042418387E1;-1.844165039E-1;1.180894318E0;9.697134705E0;9.770513923E0
1.043424487E1;-1.698966980E-1;1.188079376E0;9.690548401E0;9.764585286E0
1.044430487E1;-1.695973206E-1;1.175954590E0;9.681567078E0;9.754197739E0
1.045436587E1;-1.749861145E-1;1.180744629E0;9.677226105E0;9.750563220E0
1.046442687E1;-1.859133911E-1;1.181792450E0;9.690398712E0;9.763965607E0
1.047448787E1;-1.993853760E-1;1.180894318E0;9.686207428E0;9.759963128E0
1.048454887E1;-2.020797729E-1;1.181193695E0;9.681118011E0;9.755003882E0
1.049460987E1;-2.025288391E-1;1.182989960E0;9.690099335E0;9.764144012E0
1.050467087E1;-1.984872437E-1;1.182540894E0;9.682016144E0;9.755984664E0
1.051473087E1;-1.956431580E-1;1.182391205E0;9.692194977E0;9.766010889E0
1.052479187E1;-1.916015625E-1;1.184187469E0;9.686207428E0;9.760206220E0
1.053485287E1;-1.923500061E-1;1.187929688E0;9.675429840E0;9.749980413E0
1.054491387E1;-1.878593445E-1;1.178648987E0;9.682914276E0;9.756194619E0
1.055497487E1;-1.833686829E-1;1.182391205E0;9.686506805E0;9.760127413E0
1.056503587E1;-1.865121460E-1;1.182241516E0;9.694889374E0;9.768488202E0
1.057509687E1;-1.788780212E-1;1.180894318E0;9.687255249E0;9.760605667E0
1.058515687E1;-1.800755310E-1;1.180145874E0;9.685159607E0;9.758457260E0
1.059521787E1;-2.103126526E-1;1.178199921E0;9.689949646E0;9.763580829E0
1.060527887E1;-2.103126526E-1;1.173110504E0;9.684710541E0;9.757768081E0
1.061533987E1;-2.101629639E-1;1.177601166E0;9.700278168E0;9.773756162E0
1.062540087E1;-2.040257263E-1;1.180145874E0;9.691745911E0;9.765465149E0
1.063546188E1;-1.778302002E-1;1.189127197E0;9.678124237E0;9.752524587E0
1.064552288E1;-1.697470093E-1;1.178199921E0;9.685009918E0;9.757888410E0
1.065558388E1;-1.692979431E-1;1.187181244E0;9.686656494E0;9.760603216E0
1.066564388E1;-1.791773987E-1;1.190624084E0;9.692344666E0;9.766843675E0
1.067570488E1;-1.883084106E-1;1.179098053E0;9.684710541E0;9.758040302E0
1.068576588E1;-2.007325745E-1;1.176403656E0;9.697583771E0;9.770739487E0
1.069582688E1;-2.044747925E-1;1.184786224E0;9.685458984E0;9.759797338E0
1.070588788E1;-1.848655701E-1;1.178499298E0;9.689500580E0;9.762656266E0
1.071594888E1;-1.835183716E-1;1.168320465E0;9.689799957E0;9.761704509E0
1.072600987E1;-1.871109009E-1;1.180145874E0;9.682764587E0;9.756212627E0
1.073606987E1;-1.896556091E-1;1.178349609E0;9.699679413E0;9.772832638E0
1.074613087E1;-1.942959595E-1;1.183289337E0;9.691296844E0;9.765201437E0
1.075619187E1;-1.847158813E-1;1.180894318E0;9.686057739E0;9.759525904E0
1.076625287E1;-1.865121460E-1;1.183738403E0;9.684111786E0;9.757973379E0
1.077631387E1;-1.686991882E-1;1.185384979E0;9.686207428E0;9.759928857E0
1.078637487E1;-1.838177490E-1;1.189576263E0;9.685159607E0;9.759671985E0
1.079643587E1;-2.011816406E-1;1.185983734E0;9.688901825E0;9.763290943E0
1.080649587E1;-2.053729248E-1;1.179098053E0;9.692494354E0;9.766109618E0
1.081655687E1;-2.095642090E-1;1.182540894E0;9.687255249E0;9.761415593E0
1.082661787E1;-2.080673218E-1;1.183588715E0;9.688901825E0;9.763144618E0
1.083667887E1;-1.927990723E-1;1.184187469E0;9.687704315E0;9.761715338E0
1.084673987E1;-1.805245972E-1;1.193318481E0;9.678423615E0;9.753383095E0
1.085680087E1;-1.773811340E-1;1.181044006E0;9.681716766E0;9.755099618E0
1.086686187E1;-1.887574768E-1;1.181193695E0;9.682465210E0;9.756074030E0
1.087692287E1;-1.901046753E-1;1.187181244E0;9.689201202E0;9.763511614E0
1.088698287E1;-1.987866211E-1;1.184337158E0;9.688003693E0;9.762150694E0
1.089704387E1;-1.863624573E-1;1.182091827E0;9.683662720E0;9.757325234E0
1.090710487E1;-1.683998108E-1;1.191671906E0;9.679621124E0;9.754153245E0
1.091716587E1;-1.695973206E-1;1.186283112E0;9.676028595E0;9.749951807E0
1.092722687E1;-1.812730408E-1;1.183738403E0;9.690847778E0;9.764559754E0
1.093728787E1;-1.950444031E-1;1.186732178E0;9.693691864E0;9.768010930E0
1.094734887E1;-2.011816406E-1;1.179247742E0;9.679770813E0;9.753412853E0
1.095740887E1;-1.966909790E-1;1.184337158E0;9.677226105E0;9.751412561E0
1.096746988E1;-1.773811340E-1;1.179247742E0;9.694440308E0;9.767510542E0
1.097753088E1;-1.773811340E-1;1.178948364E0;9.686656494E0;9.759748836E0
1.098759179E1;-1.857637024E-1;1.192570038E0;9.671537933E0;9.746557210E0
1.099765279E1;-1.962419128E-1;1.187330933E0;9.692194977E0;9.766622195E0
1.100771379E1;-2.091151428E-1;1.177002411E0;9.692344666E0;9.765787676E0
1.101777479E1;-2.065704346E-1;1.178199921E0;9.693841553E0;9.767363536E0
1.102783579E1;-1.945953369E-1;1.175655212E0;9.689799957E0;9.762799585E0
1.103789579E1;-1.884580994E-1;1.184636536E0;9.675878906E0;9.749949373E0
1.104795679E1;-1.835183716E-1;1.182840271E0;9.666448517E0;9.740278078E0
1.105801779E1;-1.860630798E-1;1.179996185E0;9.701026611E0;9.774299350E0
1.106807879E1;-1.956431580E-1;1.171613617E0;9.687105560E0;9.759660283E0
1.107813979E1;-2.008822632E-1;1.174158325E0;9.683363342E0;9.756358290E0
1.108820079E1;-1.784289551E-1;1.181343384E0;9.685608673E0;9.759017597E0
1.109826179E1;-1.818717957E-1;1.184337158E0;9.679471436E0;9.753353225E0
1.110832179E1;-1.848655701E-1;1.184337158E0;9.683363342E0;9.757271924E0
1.111838279E1;-1.769320679E-1;1.184037781E0;9.680070190E0;9.753820242E0
1.112844379E1;-1.845661926E-1;1.181642761E0;9.691446533E0;9.764961864E0
1.113850479E1;-1.975891113E-1;1.171164551E0;9.693542175E0;9.766034393E0